[Licensing::Module] Trying to connect to existing licensing client channel...
[Licensing::IpcConnector] Successfully connected to: "LicenseClient-ashin" at "2026-08-22T13:55:55.2916848Z"
Built from '6000.3/staging' branch; Version is '6000.3.22f1 (1c726e1fb402) revision 1864302'; Using compiler version '194234433'; Build Type 'Release'
OS: 'Windows 11  (10.0.26200) Core' Language: 'en' Physical Memory: 32174 MB
BatchMode: 1, IsHumanControllingUs: 0, StartBugReporterOnCrash: 0, Is64bit: 1
System  architecture: x64
Process architecture: x64
Date: 2026-08-22T13:55:55Z

COMMAND LINE ARGUMENTS:
D:\unity installs\6000.3.22f1\Editor\Unity.exe
-adb2
-batchMode
-noUpm
-name
AssetImportWorker5
-projectPath
D:/making games/Symphomania/Symphomania-UQCS-2026/Game/Symphomania
-logFile
Logs/AssetImportWorker5.log
-srvPort
50145
-parentPid
54304
-analyticsCloudUserId
16768085830141
-analyticsCloudProjectId
bb5d1f44-3339-440c-8042-f2e9d8453e20
-analyticsLocalProjectId
568ead598ed801c4692cdff20316d8db
-editorAnalyticsEnabled
1
-cbmEditorLicense
ea1b15fd92c12e0a34eedfd9c4db8a41467bb341
-cbmMachineId
gCFSV3nwC0sNkojRTB5wDtsOe+k=
-job-worker-count
7
-background-job-worker-count
8
-gc-helper-count
1
-name
AssetImport
Successfully changed project path to: D:/making games/Symphomania/Symphomania-UQCS-2026/Game/Symphomania
D:/making games/Symphomania/Symphomania-UQCS-2026/Game/Symphomania
[UnityMemory] Configuration Parameters - Can be set up in boot.config
    "memorysetup-temp-allocator-size-nav-mesh-worker=65536"
    "memorysetup-temp-allocator-size-audio-worker=65536"
    "memorysetup-temp-allocator-size-gfx=262144"
    "memorysetup-allocator-temp-initial-block-size-main=262144"
    "memorysetup-allocator-temp-initial-block-size-worker=262144"
    "memorysetup-temp-allocator-size-background-worker=32768"
    "memorysetup-temp-allocator-size-job-worker=262144"
    "memorysetup-temp-allocator-size-preload-manager=33554432"
    "memorysetup-temp-allocator-size-gi-baking-worker=262144"
    "memorysetup-temp-allocator-size-gi-baking-worker=262144"
    "memorysetup-temp-allocator-size-gi-baking-worker=262144"
    "memorysetup-temp-allocator-size-gi-baking-worker=262144"
    "memorysetup-temp-allocator-size-gi-baking-worker=262144"
    "memorysetup-bucket-allocator-granularity=16"
    "memorysetup-bucket-allocator-bucket-count=8"
    "memorysetup-bucket-allocator-block-size=33554432"
    "memorysetup-bucket-allocator-block-count=8"
    "memorysetup-main-allocator-block-size=16777216"
    "memorysetup-thread-allocator-block-size=16777216"
    "memorysetup-gfx-main-allocator-block-size=16777216"
    "memorysetup-gfx-thread-allocator-block-size=16777216"
    "memorysetup-cache-allocator-block-size=4194304"
    "memorysetup-typetree-allocator-block-size=2097152"
    "memorysetup-profiler-bucket-allocator-granularity=16"
    "memorysetup-profiler-bucket-allocator-bucket-count=8"
    "memorysetup-profiler-bucket-allocator-block-size=33554432"
    "memorysetup-profiler-bucket-allocator-block-count=8"
    "memorysetup-profiler-allocator-block-size=16777216"
    "memorysetup-profiler-editor-allocator-block-size=1048576"
    "memorysetup-temp-allocator-size-main=16777216"
    "memorysetup-job-temp-allocator-block-size=2097152"
    "memorysetup-job-temp-allocator-block-size-background=1048576"
    "memorysetup-job-temp-allocator-reduction-small-platforms=262144"
    "memorysetup-temp-allocator-size-cloud-worker=32768"
Player connection [20276]  Target information:

Player connection [20276]  * "[IP] 10.5.0.2 [Port] 0 [Flags] 2 [Guid] 3763799586 [EditorId] 3763799586 [Version] 1048832 [Id] WindowsEditor(7,LAPTOP-P489BNI1) [Debug] 1 [PackageName] WindowsEditor [ProjectName] Editor" 

Player connection [20276]  * "[IP] 10.91.7.236 [Port] 0 [Flags] 2 [Guid] 3763799586 [EditorId] 3763799586 [Version] 1048832 [Id] WindowsEditor(7,LAPTOP-P489BNI1) [Debug] 1 [PackageName] WindowsEditor [ProjectName] Editor" 

Player connection [20276] Host joined multi-casting on [225.0.0.222:54997]...
Player connection [20276] Host joined alternative multi-casting on [225.0.0.222:34997]...
JobSystem: Creating JobQueue using job-worker-count value 7
Input System module state changed to: Initialized.
[Physics::Module] Initialized fallback backend.
[Physics::Module] Id: 0xdecafbad
Library Redirect Path: Library/
[Physics::Module] Selected backend.
[Physics::Module] Name: PhysX
[Physics::Module] Id: 0xf2b8ea05
[Physics::Module] SDK Version: 4.1.2
[Physics::Module] Integration Version: 1.0.0
[Physics::Module] Threading Mode: Multi-Threaded
Refreshing native plugins compatible for Editor in 12.46 ms, found 5 plugins.
Preloading 0 native plugins for Editor in 0.00 ms.
Initialize engine version: 6000.3.22f1 (1c726e1fb402)
[Subsystems] Discovering subsystems at path D:/unity installs/6000.3.22f1/Editor/Data/Resources/UnitySubsystems
[Subsystems] Discovering subsystems at path D:/making games/Symphomania/Symphomania-UQCS-2026/Game/Symphomania/Assets
GfxDevice: creating device client; kGfxThreadingModeNonThreaded
d3d12: failed to query info queue interface (0x80004002).
Direct3D:
    Version:         Direct3D 12 [level 12.2]
    Renderer:        NVIDIA GeForce RTX 3050 Laptop GPU (ID=0x25a2)
    Vendor:          NVIDIA
    VRAM:            3962 MB
    App VRAM Budget: 3367 MB
    Driver:          32.0.15.9597
[Licensing::Client] Error: HandshakeResponse reported an error:
	ResponseCode: 505
	ResponseStatus: Unsupported protocol version '1.18.1'.
[Licensing::Module] Error: Failed to handshake to channel: "LicenseClient-ashin"
[Licensing::IpcConnector] LicenseClient-ashin channel disconnected successfully.
[Licensing::IpcConnector] Successfully connected to: "LicenseClient-ashin-6000.3.22" at "2026-08-22T13:55:57.0664931Z"
[Licensing::Client] Code 10 while verifying Licensing Client signature (process Id: 53124, path: "D:/unity installs/6000.3.22f1/Editor/Data/Resources/Licensing/Client/Unity.Licensing.Client.exe")
[Licensing::Module] LicensingClient has failed validation; ignoring
[Licensing::Client] Handshaking with LicensingClient:
  Version:                 1.18.1+9fbee8e
  Session Id:              ae8f8ef200554e9694817f8da3a06648
  Correlation Id:          8d1e1955ab2be181b887a41c1f2d3b5b
  External correlation Id: 4307425868938747043
  Machine Id:              gCFSV3nwC0sNkojRTB5wDtsOe+k=
[Licensing::Module] Successfully connected to LicensingClient on channel: "LicenseClient-ashin-6000.3.22" (connect: 0.00s, validation: 0.00s, handshake: 0.01s)
[Licensing::IpcConnector] Successfully connected to: "LicenseClient-ashin-6000.3.22-notifications" at "2026-08-22T13:55:57.077597Z"
[Licensing::Module] Licensing Background thread has ended after 1.79s
Initialize mono
Mono path[0] = 'D:/unity installs/6000.3.22f1/Editor/Data/Managed'
Mono path[1] = 'D:/unity installs/6000.3.22f1/Editor/Data/MonoBleedingEdge/lib/mono/unityjit-win32'
Mono config path = 'D:/unity installs/6000.3.22f1/Editor/Data/MonoBleedingEdge/etc'
Using monoOptions --debugger-agent=transport=dt_socket,embedding=1,server=y,suspend=n,address=127.0.0.1:56868
Begin MonoManager ReloadAssembly
Registering precompiled unity dll's ...
Register platform support module: D:/unity installs/6000.3.22f1/Editor/Data/PlaybackEngines/WindowsStandaloneSupport/UnityEditor.WindowsStandalone.Extensions.dll
[Licensing::Client] Successfully resolved entitlement details
[Licensing::Module] License group:
  Id: F4-5CWM-YB93-D5G9-UNMG-XXXX
  Product: Unity Personal
  Type: ULF
  Expiration: Unlimited
[Licensing::Module] License group:
  Id: 16768085830141-UnityPersXXXX
  Product: Unity Personal
  Type: Assigned
  Expiration: Unlimited
Register platform support module: D:/unity installs/6000.3.22f1/Editor/Data/PlaybackEngines/MetroSupport/UnityEditor.UWP.Extensions.dll
Registered in 0.065960 seconds.
- Loaded All Assemblies, in  3.464 seconds
Native extension for UWP target not found
Native extension for WindowsStandalone target not found
Package Manager log level set to [2]
[Package Manager] Failed to launch server process. Reason: Unity was launched with the -noUpm command-line argument
[Package Manager] Unable to send message (not connected to server process).
[Package Manager] Cannot connect to Unity Package Manager local server
ScheduleIndexationOnStartup MainProcess:False IndexOnStartup:True
Mono: successfully reloaded assembly
- Finished resetting the current domain, in  0.683 seconds
Domain Reload Profiling: 4147ms
	BeginReloadAssembly (2703ms)
		ExecutionOrderSort (0ms)
		DisableScriptedObjects (0ms)
		BackupInstance (0ms)
		ReleaseScriptingObjects (0ms)
		CreateAndSetChildDomain (1ms)
	RebuildCommonClasses (150ms)
	RebuildNativeTypeToScriptingClass (19ms)
	initialDomainReloadingComplete (129ms)
	LoadAllAssembliesAndSetupDomain (462ms)
		LoadAssemblies (2709ms)
		RebuildTransferFunctionScriptingTraits (0ms)
		AnalyzeDomain (451ms)
			TypeCache.Refresh (448ms)
				TypeCache.ScanAssembly (397ms)
			BuildScriptInfoCaches (0ms)
			ResolveRequiredComponents (1ms)
	FinalizeReload (683ms)
		ReleaseScriptCaches (0ms)
		RebuildScriptCaches (0ms)
		SetupLoadedEditorAssemblies (606ms)
			LogAssemblyErrors (0ms)
			InitializePlatformSupportModulesInManaged (70ms)
			SetLoadedEditorAssemblies (6ms)
			BeforeProcessingInitializeOnLoad (136ms)
			ProcessInitializeOnLoadAttributes (263ms)
			ProcessInitializeOnLoadMethodAttributes (131ms)
			AfterProcessingInitializeOnLoad (0ms)
			EditorAssembliesLoaded (0ms)
		ExecutionOrderSort2 (0ms)
		AwakeInstancesAfterBackupRestoration (0ms)
[Licensing::Client] Successfully resolved entitlement details
[Licensing::Module] License group:
  Id: F4-5CWM-YB93-D5G9-UNMG-XXXX
  Product: Unity Personal
  Type: ULF
  Expiration: Unlimited
[Licensing::Module] License group:
  Id: 16768085830141-UnityPersXXXX
  Product: Unity Personal
  Type: Assigned
  Expiration: Unlimited
========================================================================
Worker process is ready to serve import requests
Import Worker Mode flag is 0x00
Begin MonoManager ReloadAssembly
- Loaded All Assemblies, in  1.686 seconds
Refreshing native plugins compatible for Editor in 4.94 ms, found 5 plugins.
Native extension for UWP target not found
Native extension for WindowsStandalone target not found
[Package Manager] Failed to launch server process. Reason: Unity was launched with the -noUpm command-line argument
[Package Manager] Unable to send message (not connected to server process).
[Package Manager] Cannot connect to Unity Package Manager local server
Refreshing native plugins compatible for Editor in 5.99 ms, found 5 plugins.
[Package Manager] Failed to launch server process. Reason: Unity was launched with the -noUpm command-line argument
[Package Manager] Unable to send message (not connected to server process).
[Package Manager] Cannot connect to Unity Package Manager local server
ScheduleIndexationOnStartup MainProcess:False IndexOnStartup:True
Mono: successfully reloaded assembly
- Finished resetting the current domain, in  1.509 seconds
Domain Reload Profiling: 3194ms
	BeginReloadAssembly (350ms)
		ExecutionOrderSort (0ms)
		DisableScriptedObjects (8ms)
		BackupInstance (0ms)
		ReleaseScriptingObjects (0ms)
		CreateAndSetChildDomain (37ms)
	RebuildCommonClasses (64ms)
	RebuildNativeTypeToScriptingClass (16ms)
	initialDomainReloadingComplete (59ms)
	LoadAllAssembliesAndSetupDomain (1195ms)
		LoadAssemblies (906ms)
		RebuildTransferFunctionScriptingTraits (0ms)
		AnalyzeDomain (534ms)
			TypeCache.Refresh (379ms)
				TypeCache.ScanAssembly (350ms)
			BuildScriptInfoCaches (135ms)
			ResolveRequiredComponents (13ms)
	FinalizeReload (1510ms)
		ReleaseScriptCaches (0ms)
		RebuildScriptCaches (0ms)
		SetupLoadedEditorAssemblies (1243ms)
			LogAssemblyErrors (0ms)
			InitializePlatformSupportModulesInManaged (2ms)
			SetLoadedEditorAssemblies (7ms)
			BeforeProcessingInitializeOnLoad (234ms)
			ProcessInitializeOnLoadAttributes (732ms)
			ProcessInitializeOnLoadMethodAttributes (264ms)
			AfterProcessingInitializeOnLoad (4ms)
			EditorAssembliesLoaded (1ms)
		ExecutionOrderSort2 (0ms)
		AwakeInstancesAfterBackupRestoration (8ms)
Launched and connected shader compiler UnityShaderCompiler.exe after 0.36 seconds
Refreshing native plugins compatible for Editor in 5.02 ms, found 5 plugins.
Preloading 0 native plugins for Editor in 0.00 ms.
Unloading 58 Unused Serialized files (Serialized files now loaded: 0)
Curl error 3: URL rejected: Malformed input to a URL function
Unloading 7242 unused Assets / (13.3 MB). Loaded Objects now: 7974.
Memory consumption went from 170.6 MB to 157.3 MB.
Total: 27.500100 ms (FindLiveObjects: 1.530300 ms CreateObjectMapping: 2.266800 ms MarkObjects: 9.959600 ms  DeleteObjects: 13.740500 ms)

========================================================================
Received Import Request.
  Time since last request: 192527.641671 seconds.
  path: Packages/com.unity.visualscripting/Editor/VisualScripting.Core/Utilities/NativeUtility.cs
  artifactKey: Guid(1cb1f41a31da547e593cfa8b58184bc0) Importer(2089858483,b0f066a214c2f5e87bad3c948f4d605d)
Start importing Packages/com.unity.visualscripting/Editor/VisualScripting.Core/Utilities/NativeUtility.cs using Guid(1cb1f41a31da547e593cfa8b58184bc0) Importer(2089858483,b0f066a214c2f5e87bad3c948f4d605d) (ScriptedImporter) -> (artifact id: '2dd3eeb9ab6035bed2949aee13481dfb') in 0.1319986 seconds
Number of updated asset objects reloaded before import = 0Number of asset objects unloaded after import = 0

========================================================================
Received Import Request.
  Time since last request: 0.000026 seconds.
  path: Packages/com.unity.visualscripting/Editor/VisualScripting.Core/Utilities/EditorTimeUtility.cs
  artifactKey: Guid(5086aa8e9eb964c0e884bb4e030160c4) Importer(2089858483,b0f066a214c2f5e87bad3c948f4d605d)
Start importing Packages/com.unity.visualscripting/Editor/VisualScripting.Core/Utilities/EditorTimeUtility.cs using Guid(5086aa8e9eb964c0e884bb4e030160c4) Importer(2089858483,b0f066a214c2f5e87bad3c948f4d605d) (ScriptedImporter) -> (artifact id: 'a5beb71d7b373d0d3659f90680f10227') in 0.0064965 seconds
Number of updated asset objects reloaded before import = 0Number of asset objects unloaded after import = 0

========================================================================
Received Import Request.
  Time since last request: 0.000032 seconds.
  path: Packages/com.unity.visualscripting/Editor/VisualScripting.Core/SerializedProperties/SerializedPropertyUtility.cs
  artifactKey: Guid(3f0082eee52d14623a54c1437122b8c4) Importer(2089858483,b0f066a214c2f5e87bad3c948f4d605d)
Start importing Packages/com.unity.visualscripting/Editor/VisualScripting.Core/SerializedProperties/SerializedPropertyUtility.cs using Guid(3f0082eee52d14623a54c1437122b8c4) Importer(2089858483,b0f066a214c2f5e87bad3c948f4d605d) (ScriptedImporter) -> (artifact id: '3e008f6522efd6fa9ccecf0ce5e9cfa8') in 0.0064872 seconds
Number of updated asset objects reloaded before import = 0Number of asset objects unloaded after import = 0

========================================================================
Received Import Request.
  Time since last request: 0.000021 seconds.
  path: Packages/com.unity.visualscripting/Editor/VisualScripting.Core/Utilities/LudiqEditorUtility.cs
  artifactKey: Guid(efa956a87d6a74c3e9b8e36e2350d140) Importer(2089858483,b0f066a214c2f5e87bad3c948f4d605d)
Start importing Packages/com.unity.visualscripting/Editor/VisualScripting.Core/Utilities/LudiqEditorUtility.cs using Guid(efa956a87d6a74c3e9b8e36e2350d140) Importer(2089858483,b0f066a214c2f5e87bad3c948f4d605d) (ScriptedImporter) -> (artifact id: '58aabee7b07dfc7809bba7fe4d8bd55c') in 0.0073723 seconds
Number of updated asset objects reloaded before import = 0Number of asset objects unloaded after import = 0

========================================================================
Received Import Request.
  Time since last request: 0.000026 seconds.
  path: Packages/com.unity.visualscripting/Editor/VisualScripting.Core/Utilities/AnnotationUtility.cs
  artifactKey: Guid(74d98f5b6aac04ccb906128f3e7b753b) Importer(2089858483,b0f066a214c2f5e87bad3c948f4d605d)
Start importing Packages/com.unity.visualscripting/Editor/VisualScripting.Core/Utilities/AnnotationUtility.cs using Guid(74d98f5b6aac04ccb906128f3e7b753b) Importer(2089858483,b0f066a214c2f5e87bad3c948f4d605d) (ScriptedImporter) -> (artifact id: '95f0cd26574314fc54914322e3a39d6e') in 0.0058411 seconds
Number of updated asset objects reloaded before import = 0Number of asset objects unloaded after import = 0

========================================================================
Received Import Request.
  Time since last request: 0.000029 seconds.
  path: Packages/com.unity.visualscripting/Editor/VisualScripting.Core/Utilities/ProgressUtility.cs
  artifactKey: Guid(431014c90f5a54fdfbbaeed23a0519a4) Importer(2089858483,b0f066a214c2f5e87bad3c948f4d605d)
Start importing Packages/com.unity.visualscripting/Editor/VisualScripting.Core/Utilities/ProgressUtility.cs using Guid(431014c90f5a54fdfbbaeed23a0519a4) Importer(2089858483,b0f066a214c2f5e87bad3c948f4d605d) (ScriptedImporter) -> (artifact id: '6a064ba85ad98f8b13885ad56a2c4965') in 0.0072979 seconds
Number of updated asset objects reloaded before import = 0Number of asset objects unloaded after import = 0

========================================================================
Received Import Request.
  Time since last request: 0.000077 seconds.
  path: Packages/com.unity.visualscripting/Editor/VisualScripting.Core/Reflection/LooseAssemblyNameOption.cs
  artifactKey: Guid(d827d55b7ad8e4381949472e81ad55a4) Importer(2089858483,b0f066a214c2f5e87bad3c948f4d605d)
Start importing Packages/com.unity.visualscripting/Editor/VisualScripting.Core/Reflection/LooseAssemblyNameOption.cs using Guid(d827d55b7ad8e4381949472e81ad55a4) Importer(2089858483,b0f066a214c2f5e87bad3c948f4d605d) (ScriptedImporter) -> (artifact id: 'fbc458dcb3584042ebd7f5dbcc0bffa8') in 0.0088812 seconds
Number of updated asset objects reloaded before import = 0Number of asset objects unloaded after import = 0

========================================================================
Received Import Request.
  Time since last request: 0.000068 seconds.
  path: Packages/com.unity.visualscripting/Editor/VisualScripting.Core/Products/Product.cs
  artifactKey: Guid(b3f8be1d5379c4d059d88a709145ec48) Importer(2089858483,b0f066a214c2f5e87bad3c948f4d605d)
Start importing Packages/com.unity.visualscripting/Editor/VisualScripting.Core/Products/Product.cs using Guid(b3f8be1d5379c4d059d88a709145ec48) Importer(2089858483,b0f066a214c2f5e87bad3c948f4d605d) (ScriptedImporter) -> (artifact id: 'a91028bee3264f25df152c634a46505d') in 0.0051025 seconds
Number of updated asset objects reloaded before import = 0Number of asset objects unloaded after import = 0

========================================================================
Received Import Request.
  Time since last request: 0.000021 seconds.
  path: Packages/com.unity.visualscripting/Editor/VisualScripting.Core/Utilities/EditorApplicationUtility.cs
  artifactKey: Guid(7e75690ae4464491ba4b599cd9fc1c4b) Importer(2089858483,b0f066a214c2f5e87bad3c948f4d605d)
Start importing Packages/com.unity.visualscripting/Editor/VisualScripting.Core/Utilities/EditorApplicationUtility.cs using Guid(7e75690ae4464491ba4b599cd9fc1c4b) Importer(2089858483,b0f066a214c2f5e87bad3c948f4d605d) (ScriptedImporter) -> (artifact id: 'f7cbfc9245264b92c9af9d0ad06c0027') in 0.0060904 seconds
Number of updated asset objects reloaded before import = 0Number of asset objects unloaded after import = 0

========================================================================
Received Import Request.
  Time since last request: 0.000023 seconds.
  path: Packages/com.unity.visualscripting/Editor/VisualScripting.Core/Utilities/ScriptUtility.cs
  artifactKey: Guid(4a6d9ebe72d701944afc5cea4248880a) Importer(2089858483,b0f066a214c2f5e87bad3c948f4d605d)
Start importing Packages/com.unity.visualscripting/Editor/VisualScripting.Core/Utilities/ScriptUtility.cs using Guid(4a6d9ebe72d701944afc5cea4248880a) Importer(2089858483,b0f066a214c2f5e87bad3c948f4d605d) (ScriptedImporter) -> (artifact id: '99190eb827f1a152357f8e842476f3b1') in 0.0066556 seconds
Number of updated asset objects reloaded before import = 0Number of asset objects unloaded after import = 0

========================================================================
Received Import Request.
  Time since last request: 0.000032 seconds.
  path: Packages/com.unity.visualscripting/Editor/VisualScripting.Core/Utilities/UnityAPI.cs
  artifactKey: Guid(4450df258c9194ab384abed0b7e64d23) Importer(2089858483,b0f066a214c2f5e87bad3c948f4d605d)
Start importing Packages/com.unity.visualscripting/Editor/VisualScripting.Core/Utilities/UnityAPI.cs using Guid(4450df258c9194ab384abed0b7e64d23) Importer(2089858483,b0f066a214c2f5e87bad3c948f4d605d) (ScriptedImporter) -> (artifact id: 'e9d5c0d92a297c0c3394447f67f2bcbe') in 0.0056605 seconds
Number of updated asset objects reloaded before import = 0Number of asset objects unloaded after import = 0

========================================================================
Received Import Request.
  Time since last request: 0.000019 seconds.
  path: Packages/com.unity.visualscripting/Editor/VisualScripting.Core/Analysis/AnalyserProvider.cs
  artifactKey: Guid(8c1743061b8e147ff9c808d137b1014e) Importer(2089858483,b0f066a214c2f5e87bad3c948f4d605d)
Start importing Packages/com.unity.visualscripting/Editor/VisualScripting.Core/Analysis/AnalyserProvider.cs using Guid(8c1743061b8e147ff9c808d137b1014e) Importer(2089858483,b0f066a214c2f5e87bad3c948f4d605d) (ScriptedImporter) -> (artifact id: 'c3d61dee4b69e4716f04d172fafd639d') in 0.0061635 seconds
Number of updated asset objects reloaded before import = 0Number of asset objects unloaded after import = 0

========================================================================
Received Import Request.
  Time since last request: 0.000033 seconds.
  path: Packages/com.unity.visualscripting/Editor/VisualScripting.Core/Plugin/BoltCoreMigration.cs
  artifactKey: Guid(6315bf405c4444841884254414416a5b) Importer(2089858483,b0f066a214c2f5e87bad3c948f4d605d)
Start importing Packages/com.unity.visualscripting/Editor/VisualScripting.Core/Plugin/BoltCoreMigration.cs using Guid(6315bf405c4444841884254414416a5b) Importer(2089858483,b0f066a214c2f5e87bad3c948f4d605d) (ScriptedImporter) -> (artifact id: '56c89cda50c92ff61a6c38977ce68286') in 0.0058336 seconds
Number of updated asset objects reloaded before import = 0Number of asset objects unloaded after import = 0

========================================================================
Received Import Request.
  Time since last request: 0.000029 seconds.
  path: Packages/com.unity.visualscripting/Editor/SettingsProvider/ProjectSettings/ScriptReferenceResolverSettings.cs
  artifactKey: Guid(a8c0a3364f2ef4e42820eb87b5bdab69) Importer(2089858483,b0f066a214c2f5e87bad3c948f4d605d)
Start importing Packages/com.unity.visualscripting/Editor/SettingsProvider/ProjectSettings/ScriptReferenceResolverSettings.cs using Guid(a8c0a3364f2ef4e42820eb87b5bdab69) Importer(2089858483,b0f066a214c2f5e87bad3c948f4d605d) (ScriptedImporter) -> (artifact id: 'dd5da163ea227304a086cf761068eea2') in 0.0063449 seconds
Number of updated asset objects reloaded before import = 0Number of asset objects unloaded after import = 0

========================================================================
Received Import Request.
  Time since last request: 0.000079 seconds.
  path: Packages/com.unity.visualscripting/DocCodeExamples/Unity.VisualScripting.DocCodeExamples.asmdef
  artifactKey: Guid(3fbd3355e4de04d8aaea7a67361a8542) Importer(2089858483,b0f066a214c2f5e87bad3c948f4d605d)
Start importing Packages/com.unity.visualscripting/DocCodeExamples/Unity.VisualScripting.DocCodeExamples.asmdef using Guid(3fbd3355e4de04d8aaea7a67361a8542) Importer(2089858483,b0f066a214c2f5e87bad3c948f4d605d) (ScriptedImporter) -> (artifact id: 'bf60963caec1fedf4b9b5576ff945fdf') in 0.0129519 seconds
Number of updated asset objects reloaded before import = 0Number of asset objects unloaded after import = 1

========================================================================
Received Import Request.
  Time since last request: 0.000024 seconds.
  path: Packages/com.unity.visualscripting/DocCodeExamples/EventBusExamples.cs
  artifactKey: Guid(b41189ddfc8d84f22b5023fc1ada4558) Importer(2089858483,b0f066a214c2f5e87bad3c948f4d605d)
Start importing Packages/com.unity.visualscripting/DocCodeExamples/EventBusExamples.cs using Guid(b41189ddfc8d84f22b5023fc1ada4558) Importer(2089858483,b0f066a214c2f5e87bad3c948f4d605d) (ScriptedImporter) -> (artifact id: '3543b7a756bc0ad2082dcc76fddbe946') in 0.0071807 seconds
Number of updated asset objects reloaded before import = 0Number of asset objects unloaded after import = 0

========================================================================
Received Import Request.
  Time since last request: 0.000025 seconds.
  path: Packages/com.unity.visualscripting/Editor/VisualScripting.Core/Inspection/InspectorImplementationOrderAttribute.cs
  artifactKey: Guid(9b1d7484aab754b898411c8a7cc88ea4) Importer(2089858483,b0f066a214c2f5e87bad3c948f4d605d)
Start importing Packages/com.unity.visualscripting/Editor/VisualScripting.Core/Inspection/InspectorImplementationOrderAttribute.cs using Guid(9b1d7484aab754b898411c8a7cc88ea4) Importer(2089858483,b0f066a214c2f5e87bad3c948f4d605d) (ScriptedImporter) -> (artifact id: 'ba374c08b523a51bb989f6cd02211e52') in 0.0066878 seconds
Number of updated asset objects reloaded before import = 0Number of asset objects unloaded after import = 0

========================================================================
Received Import Request.
  Time since last request: 0.000044 seconds.
  path: Packages/com.unity.visualscripting/Editor/VisualScripting.Core/Descriptors/IDescriptor.cs
  artifactKey: Guid(c80d40a984deb4f9f80cdb14dd56b6cb) Importer(2089858483,b0f066a214c2f5e87bad3c948f4d605d)
Start importing Packages/com.unity.visualscripting/Editor/VisualScripting.Core/Descriptors/IDescriptor.cs using Guid(c80d40a984deb4f9f80cdb14dd56b6cb) Importer(2089858483,b0f066a214c2f5e87bad3c948f4d605d) (ScriptedImporter) -> (artifact id: '8eaeee9650cbfa0696cf7ea40d4b0f09') in 0.0067279 seconds
Number of updated asset objects reloaded before import = 0Number of asset objects unloaded after import = 0

========================================================================
Received Import Request.
  Time since last request: 0.000032 seconds.
  path: Packages/com.unity.visualscripting/Editor/VisualScripting.Core/Plugin/BoltCoreManifest.cs
  artifactKey: Guid(302bb00cbcc604835bb3999588d5113e) Importer(2089858483,b0f066a214c2f5e87bad3c948f4d605d)
Start importing Packages/com.unity.visualscripting/Editor/VisualScripting.Core/Plugin/BoltCoreManifest.cs using Guid(302bb00cbcc604835bb3999588d5113e) Importer(2089858483,b0f066a214c2f5e87bad3c948f4d605d) (ScriptedImporter) -> (artifact id: '53714000537d34d949e71b5b67420480') in 0.0067751 seconds
Number of updated asset objects reloaded before import = 0Number of asset objects unloaded after import = 0

========================================================================
Received Import Request.
  Time since last request: 0.000037 seconds.
  path: Packages/com.unity.visualscripting/Editor/VisualScripting.Core/Serialization/TypeExtensions.cs
  artifactKey: Guid(e74f2cddfbfc488b82f5eee792f91cf2) Importer(2089858483,b0f066a214c2f5e87bad3c948f4d605d)
Start importing Packages/com.unity.visualscripting/Editor/VisualScripting.Core/Serialization/TypeExtensions.cs using Guid(e74f2cddfbfc488b82f5eee792f91cf2) Importer(2089858483,b0f066a214c2f5e87bad3c948f4d605d) (ScriptedImporter) -> (artifact id: '7c48526bc9133f7f90fd2274f99638e9') in 0.0053914 seconds
Number of updated asset objects reloaded before import = 0Number of asset objects unloaded after import = 0

========================================================================
Received Import Request.
  Time since last request: 0.000029 seconds.
  path: Packages/com.unity.visualscripting/Editor/VisualScripting.Core/Interface/LudiqGUIUtility.cs
  artifactKey: Guid(1f262e722aecf4d02a1103c1e8a96c3f) Importer(2089858483,b0f066a214c2f5e87bad3c948f4d605d)
Start importing Packages/com.unity.visualscripting/Editor/VisualScripting.Core/Interface/LudiqGUIUtility.cs using Guid(1f262e722aecf4d02a1103c1e8a96c3f) Importer(2089858483,b0f066a214c2f5e87bad3c948f4d605d) (ScriptedImporter) -> (artifact id: '9f2b7d1f5efe4c783bb3cdcd6944f3d5') in 0.005494 seconds
Number of updated asset objects reloaded before import = 0Number of asset objects unloaded after import = 0

========================================================================
Received Import Request.
  Time since last request: 0.000024 seconds.
  path: Packages/com.unity.visualscripting/Graphics/Icons_32x_72dpi.psd
  artifactKey: Guid(35a21b8c004950548af9fc81919e1aa9) Importer(2089858483,b0f066a214c2f5e87bad3c948f4d605d)
Start importing Packages/com.unity.visualscripting/Graphics/Icons_32x_72dpi.psd using Guid(35a21b8c004950548af9fc81919e1aa9) Importer(2089858483,b0f066a214c2f5e87bad3c948f4d605d) (ScriptedImporter) -> (artifact id: '43e348a386db8dc4d847e98a4c771589') in 0.0934988 seconds
Number of updated asset objects reloaded before import = 0Number of asset objects unloaded after import = 1

========================================================================
Received Import Request.
  Time since last request: 0.000041 seconds.
  path: Packages/com.unity.visualscripting/Graphics/FlowPorts_12x.psd
  artifactKey: Guid(cdd996c0455369d40a3c5c465015834f) Importer(2089858483,b0f066a214c2f5e87bad3c948f4d605d)
Start importing Packages/com.unity.visualscripting/Graphics/FlowPorts_12x.psd using Guid(cdd996c0455369d40a3c5c465015834f) Importer(2089858483,b0f066a214c2f5e87bad3c948f4d605d) (ScriptedImporter) -> (artifact id: 'c972839463efe86e48cdd8e514032a3c') in 0.015254 seconds
Number of updated asset objects reloaded before import = 0Number of asset objects unloaded after import = 1

========================================================================
Received Import Request.
  Time since last request: 0.000040 seconds.
  path: Packages/com.unity.visualscripting/Editor/VisualScripting.Flow/FlowEditorBindings.cs
  artifactKey: Guid(2f474ced62820425d9936932e5e28161) Importer(2089858483,b0f066a214c2f5e87bad3c948f4d605d)
Start importing Packages/com.unity.visualscripting/Editor/VisualScripting.Flow/FlowEditorBindings.cs using Guid(2f474ced62820425d9936932e5e28161) Importer(2089858483,b0f066a214c2f5e87bad3c948f4d605d) (ScriptedImporter) -> (artifact id: '5318bee4b27e104540188469f31f39b0') in 0.006604 seconds
Number of updated asset objects reloaded before import = 0Number of asset objects unloaded after import = 0

========================================================================
Received Import Request.
  Time since last request: 0.000035 seconds.
  path: Packages/com.unity.visualscripting/Graphics/Icons_16x_72dpi.psd
  artifactKey: Guid(749d1db079e2d5e4ea440488ee312b04) Importer(2089858483,b0f066a214c2f5e87bad3c948f4d605d)
Start importing Packages/com.unity.visualscripting/Graphics/Icons_16x_72dpi.psd using Guid(749d1db079e2d5e4ea440488ee312b04) Importer(2089858483,b0f066a214c2f5e87bad3c948f4d605d) (ScriptedImporter) -> (artifact id: '59cd27d5f2f5d651785336e6821a9d5d') in 0.0109235 seconds
Number of updated asset objects reloaded before import = 0Number of asset objects unloaded after import = 1

========================================================================
Received Import Request.
  Time since last request: 0.000053 seconds.
  path: Packages/com.unity.visualscripting/Editor/VisualScripting.Core/Documentation/XmlDocumentationTags.cs
  artifactKey: Guid(be03a18a67e0d43a4b259ab894b3cb9b) Importer(2089858483,b0f066a214c2f5e87bad3c948f4d605d)
Start importing Packages/com.unity.visualscripting/Editor/VisualScripting.Core/Documentation/XmlDocumentationTags.cs using Guid(be03a18a67e0d43a4b259ab894b3cb9b) Importer(2089858483,b0f066a214c2f5e87bad3c948f4d605d) (ScriptedImporter) -> (artifact id: 'cfab7e5e227d67628e82cce62529dcfc') in 0.0051538 seconds
Number of updated asset objects reloaded before import = 0Number of asset objects unloaded after import = 0

========================================================================
Received Import Request.
  Time since last request: 0.000041 seconds.
  path: Packages/com.unity.visualscripting/Editor/VisualScripting.Core/Meta/IndexerMetadata.cs
  artifactKey: Guid(9c106221dfdf249e8b6f3bb95e1969cd) Importer(2089858483,b0f066a214c2f5e87bad3c948f4d605d)
Start importing Packages/com.unity.visualscripting/Editor/VisualScripting.Core/Meta/IndexerMetadata.cs using Guid(9c106221dfdf249e8b6f3bb95e1969cd) Importer(2089858483,b0f066a214c2f5e87bad3c948f4d605d) (ScriptedImporter) -> (artifact id: '3af9f0c1a63cc7d5a6720bc27b7529b6') in 0.0064709 seconds
Number of updated asset objects reloaded before import = 0Number of asset objects unloaded after import = 0

========================================================================
Received Import Request.
  Time since last request: 0.000031 seconds.
  path: Packages/com.unity.2d.tooling/Editor/Insider/Interface/IDataSourceProvider.cs
  artifactKey: Guid(9a25ffea50d947ebae456f5c6dc9427e) Importer(2089858483,b0f066a214c2f5e87bad3c948f4d605d)
Start importing Packages/com.unity.2d.tooling/Editor/Insider/Interface/IDataSourceProvider.cs using Guid(9a25ffea50d947ebae456f5c6dc9427e) Importer(2089858483,b0f066a214c2f5e87bad3c948f4d605d) (ScriptedImporter) -> (artifact id: 'b2e4ad2b5ca8f6e0754a9f27d6a747cb') in 0.0053483 seconds
Number of updated asset objects reloaded before import = 0Number of asset objects unloaded after import = 0

========================================================================
Received Import Request.
  Time since last request: 0.000020 seconds.
  path: Packages/com.unity.visualscripting/Editor/VisualScripting.State/Description/StateGraphDescriptor.cs
  artifactKey: Guid(f05c1fcce075f4c758b4b36f491dd0b8) Importer(2089858483,b0f066a214c2f5e87bad3c948f4d605d)
Start importing Packages/com.unity.visualscripting/Editor/VisualScripting.State/Description/StateGraphDescriptor.cs using Guid(f05c1fcce075f4c758b4b36f491dd0b8) Importer(2089858483,b0f066a214c2f5e87bad3c948f4d605d) (ScriptedImporter) -> (artifact id: '2edbee4af4b0229a8a9c32b90bd3d0f8') in 0.0066987 seconds
Number of updated asset objects reloaded before import = 0Number of asset objects unloaded after import = 0

========================================================================
Received Import Request.
  Time since last request: 0.000033 seconds.
  path: Packages/com.unity.visualscripting/Editor/VisualScripting.State/States/AnyStateWidget.cs
  artifactKey: Guid(e7f4def392c07401096915e803a01ebf) Importer(2089858483,b0f066a214c2f5e87bad3c948f4d605d)
Start importing Packages/com.unity.visualscripting/Editor/VisualScripting.State/States/AnyStateWidget.cs using Guid(e7f4def392c07401096915e803a01ebf) Importer(2089858483,b0f066a214c2f5e87bad3c948f4d605d) (ScriptedImporter) -> (artifact id: 'a92a387e369cbdf8c10f6bec722c5e4d') in 0.0092704 seconds
Number of updated asset objects reloaded before import = 0Number of asset objects unloaded after import = 0

========================================================================
Received Import Request.
  Time since last request: 0.000041 seconds.
  path: Packages/com.unity.visualscripting/Editor/VisualScripting.Core/Variables/VariablesPanel.cs
  artifactKey: Guid(33cd476471f734ebc99e2c006a65ce91) Importer(2089858483,b0f066a214c2f5e87bad3c948f4d605d)
Start importing Packages/com.unity.visualscripting/Editor/VisualScripting.Core/Variables/VariablesPanel.cs using Guid(33cd476471f734ebc99e2c006a65ce91) Importer(2089858483,b0f066a214c2f5e87bad3c948f4d605d) (ScriptedImporter) -> (artifact id: 'c0ba39d0c14a373c5a9af0e3a8616ac6') in 0.0071789 seconds
Number of updated asset objects reloaded before import = 0Number of asset objects unloaded after import = 0

========================================================================
Received Import Request.
  Time since last request: 0.000021 seconds.
  path: Packages/com.unity.visualscripting/Editor/VisualScripting.State/States/NesterStateEditor.cs
  artifactKey: Guid(26fe4d37196fc4b978c8d67f2bf58df3) Importer(2089858483,b0f066a214c2f5e87bad3c948f4d605d)
Start importing Packages/com.unity.visualscripting/Editor/VisualScripting.State/States/NesterStateEditor.cs using Guid(26fe4d37196fc4b978c8d67f2bf58df3) Importer(2089858483,b0f066a214c2f5e87bad3c948f4d605d) (ScriptedImporter) -> (artifact id: 'b1fe222bbcc26fdca815658e333449c5') in 0.0064481 seconds
Number of updated asset objects reloaded before import = 0Number of asset objects unloaded after import = 0

========================================================================
Received Import Request.
  Time since last request: 0.000019 seconds.
  path: Packages/com.unity.visualscripting/Editor/VisualScripting.Core/Windows/WebView.cs
  artifactKey: Guid(3f35ee013f1ab4a91914cbb66fbac356) Importer(2089858483,b0f066a214c2f5e87bad3c948f4d605d)
Start importing Packages/com.unity.visualscripting/Editor/VisualScripting.Core/Windows/WebView.cs using Guid(3f35ee013f1ab4a91914cbb66fbac356) Importer(2089858483,b0f066a214c2f5e87bad3c948f4d605d) (ScriptedImporter) -> (artifact id: '6b904819227ec9b7deca917a6fe2abbe') in 0.0070132 seconds
Number of updated asset objects reloaded before import = 0Number of asset objects unloaded after import = 0

========================================================================
Received Import Request.
  Time since last request: 0.000025 seconds.
  path: Packages/com.unity.visualscripting/Editor/VisualScripting.State/Plugin/BoltStateConfiguration.cs
  artifactKey: Guid(dad6936c226ce49b9a651479afeb690b) Importer(2089858483,b0f066a214c2f5e87bad3c948f4d605d)
Start importing Packages/com.unity.visualscripting/Editor/VisualScripting.State/Plugin/BoltStateConfiguration.cs using Guid(dad6936c226ce49b9a651479afeb690b) Importer(2089858483,b0f066a214c2f5e87bad3c948f4d605d) (ScriptedImporter) -> (artifact id: '4645ad732c90e96d6f1100a0d2a77d12') in 0.0052728 seconds
Number of updated asset objects reloaded before import = 0Number of asset objects unloaded after import = 0

========================================================================
Received Import Request.
  Time since last request: 0.000029 seconds.
  path: Packages/com.unity.visualscripting/Editor/VisualScripting.Core/Variables/VariableDeclarationsInspector.cs
  artifactKey: Guid(f6fc56e16558949f1920f60ef0a2b783) Importer(2089858483,b0f066a214c2f5e87bad3c948f4d605d)
Start importing Packages/com.unity.visualscripting/Editor/VisualScripting.Core/Variables/VariableDeclarationsInspector.cs using Guid(f6fc56e16558949f1920f60ef0a2b783) Importer(2089858483,b0f066a214c2f5e87bad3c948f4d605d) (ScriptedImporter) -> (artifact id: 'f374f0c9637ce1a167f51d6c0033a797') in 0.0049369 seconds
Number of updated asset objects reloaded before import = 0Number of asset objects unloaded after import = 0

========================================================================
Received Import Request.
  Time since last request: 0.000025 seconds.
  path: Packages/com.unity.visualscripting/Editor/VisualScripting.Flow/Options/UnitOptionRow.cs
  artifactKey: Guid(65a6a75d9580f437b84420c6b5e36cbd) Importer(2089858483,b0f066a214c2f5e87bad3c948f4d605d)
Start importing Packages/com.unity.visualscripting/Editor/VisualScripting.Flow/Options/UnitOptionRow.cs using Guid(65a6a75d9580f437b84420c6b5e36cbd) Importer(2089858483,b0f066a214c2f5e87bad3c948f4d605d) (ScriptedImporter) -> (artifact id: '70271641ac51ff2de0a7e07d14b9276d') in 0.0050728 seconds
Number of updated asset objects reloaded before import = 0Number of asset objects unloaded after import = 0

========================================================================
Received Import Request.
  Time since last request: 0.000018 seconds.
  path: Packages/com.unity.visualscripting/Editor/VisualScripting.State/Flow/StateUnitEditor.cs
  artifactKey: Guid(1fa37d86e69c94da48f72c38e85a25f7) Importer(2089858483,b0f066a214c2f5e87bad3c948f4d605d)
Start importing Packages/com.unity.visualscripting/Editor/VisualScripting.State/Flow/StateUnitEditor.cs using Guid(1fa37d86e69c94da48f72c38e85a25f7) Importer(2089858483,b0f066a214c2f5e87bad3c948f4d605d) (ScriptedImporter) -> (artifact id: '9637364cd815790e0f8bd5fd0efa3827') in 0.007404 seconds
Number of updated asset objects reloaded before import = 0Number of asset objects unloaded after import = 0

========================================================================
Received Import Request.
  Time since last request: 0.000025 seconds.
  path: Packages/com.unity.visualscripting/Editor/VisualScripting.State/States/FlowStateDescriptor.cs
  artifactKey: Guid(f66f8803a57c44b2eb4880f870823740) Importer(2089858483,b0f066a214c2f5e87bad3c948f4d605d)
Start importing Packages/com.unity.visualscripting/Editor/VisualScripting.State/States/FlowStateDescriptor.cs using Guid(f66f8803a57c44b2eb4880f870823740) Importer(2089858483,b0f066a214c2f5e87bad3c948f4d605d) (ScriptedImporter) -> (artifact id: '832c4e2bae229f59fe4b746127d289c7') in 0.0051943 seconds
Number of updated asset objects reloaded before import = 0Number of asset objects unloaded after import = 0

========================================================================
Received Import Request.
  Time since last request: 0.000027 seconds.
  path: Packages/com.unity.visualscripting/Editor/VisualScripting.State/States/NesterStateWidget.cs
  artifactKey: Guid(8143bcca23d9e4377b5974c05f42e6dc) Importer(2089858483,b0f066a214c2f5e87bad3c948f4d605d)
Start importing Packages/com.unity.visualscripting/Editor/VisualScripting.State/States/NesterStateWidget.cs using Guid(8143bcca23d9e4377b5974c05f42e6dc) Importer(2089858483,b0f066a214c2f5e87bad3c948f4d605d) (ScriptedImporter) -> (artifact id: '63ee4fd97748a3b8d590ae1c06ab4e23') in 0.0055295 seconds
Number of updated asset objects reloaded before import = 0Number of asset objects unloaded after import = 0

========================================================================
Received Import Request.
  Time since last request: 0.000035 seconds.
  path: Packages/com.unity.visualscripting/Editor/VisualScripting.Core/Widgets/WidgetProvider.cs
  artifactKey: Guid(4b9a6b214affa42b79f66d4c087b1de5) Importer(2089858483,b0f066a214c2f5e87bad3c948f4d605d)
Start importing Packages/com.unity.visualscripting/Editor/VisualScripting.Core/Widgets/WidgetProvider.cs using Guid(4b9a6b214affa42b79f66d4c087b1de5) Importer(2089858483,b0f066a214c2f5e87bad3c948f4d605d) (ScriptedImporter) -> (artifact id: '2c147ed5ff3be03edf304a87cff0d1cb') in 0.004078 seconds
Number of updated asset objects reloaded before import = 0Number of asset objects unloaded after import = 0

========================================================================
Received Import Request.
  Time since last request: 0.000034 seconds.
  path: Packages/com.unity.visualscripting/Editor/VisualScripting.Core/Windows/Wizard.cs
  artifactKey: Guid(dc0ff1a83a5034ab1b021ec79c835f2f) Importer(2089858483,b0f066a214c2f5e87bad3c948f4d605d)
Start importing Packages/com.unity.visualscripting/Editor/VisualScripting.Core/Windows/Wizard.cs using Guid(dc0ff1a83a5034ab1b021ec79c835f2f) Importer(2089858483,b0f066a214c2f5e87bad3c948f4d605d) (ScriptedImporter) -> (artifact id: 'a2a77d05f92034b77ee2225c2ef18908') in 0.0043495 seconds
Number of updated asset objects reloaded before import = 0Number of asset objects unloaded after import = 0

========================================================================
Received Import Request.
  Time since last request: 0.000021 seconds.
  path: Packages/com.unity.visualscripting/Editor/VisualScripting.Flow/Ports/UnitPortWidget.cs
  artifactKey: Guid(23c864f32645c4df8a6fedf99addeb77) Importer(2089858483,b0f066a214c2f5e87bad3c948f4d605d)
Start importing Packages/com.unity.visualscripting/Editor/VisualScripting.Flow/Ports/UnitPortWidget.cs using Guid(23c864f32645c4df8a6fedf99addeb77) Importer(2089858483,b0f066a214c2f5e87bad3c948f4d605d) (ScriptedImporter) -> (artifact id: '224adfaf6cca7adf91ea2917ca7a511d') in 0.0044296 seconds
Number of updated asset objects reloaded before import = 0Number of asset objects unloaded after import = 0

========================================================================
Received Import Request.
  Time since last request: 0.000023 seconds.
  path: Packages/com.unity.visualscripting/Editor/VisualScripting.Flow/Plugin/BoltFlowConfiguration.cs
  artifactKey: Guid(afd111c0051bd41439aa4f5de930fb9e) Importer(2089858483,b0f066a214c2f5e87bad3c948f4d605d)
Start importing Packages/com.unity.visualscripting/Editor/VisualScripting.Flow/Plugin/BoltFlowConfiguration.cs using Guid(afd111c0051bd41439aa4f5de930fb9e) Importer(2089858483,b0f066a214c2f5e87bad3c948f4d605d) (ScriptedImporter) -> (artifact id: '1e0b604f65ab6d19e0994a988b6d4a89') in 0.004628 seconds
Number of updated asset objects reloaded before import = 0Number of asset objects unloaded after import = 0

========================================================================
Received Import Request.
  Time since last request: 0.000024 seconds.
  path: Packages/com.unity.visualscripting/Editor/VisualScripting.State/Properties/AssemblyInfo.cs
  artifactKey: Guid(286bccc220e084ed8af5857efa15db7c) Importer(2089858483,b0f066a214c2f5e87bad3c948f4d605d)
Start importing Packages/com.unity.visualscripting/Editor/VisualScripting.State/Properties/AssemblyInfo.cs using Guid(286bccc220e084ed8af5857efa15db7c) Importer(2089858483,b0f066a214c2f5e87bad3c948f4d605d) (ScriptedImporter) -> (artifact id: 'abe4f9115d31476677e5c7ff28d24eba') in 0.0045571 seconds
Number of updated asset objects reloaded before import = 0Number of asset objects unloaded after import = 0

========================================================================
Received Import Request.
  Time since last request: 0.000059 seconds.
  path: Packages/com.unity.visualscripting/Editor/VisualScripting.Flow/Ports/ValuePortDefinitionInspector.cs
  artifactKey: Guid(8547e7db1fc234a80b57c9d30108abac) Importer(2089858483,b0f066a214c2f5e87bad3c948f4d605d)
Start importing Packages/com.unity.visualscripting/Editor/VisualScripting.Flow/Ports/ValuePortDefinitionInspector.cs using Guid(8547e7db1fc234a80b57c9d30108abac) Importer(2089858483,b0f066a214c2f5e87bad3c948f4d605d) (ScriptedImporter) -> (artifact id: 'db9b2894841e1672bf847a46fc7b278f') in 0.0042398 seconds
Number of updated asset objects reloaded before import = 0Number of asset objects unloaded after import = 0

========================================================================
Received Import Request.
  Time since last request: 0.000018 seconds.
  path: Packages/com.unity.visualscripting/Editor/VisualScripting.Core/Windows/Page.cs
  artifactKey: Guid(72aaa5a57453b4350bdaf6f5069e9c0b) Importer(2089858483,b0f066a214c2f5e87bad3c948f4d605d)
Start importing Packages/com.unity.visualscripting/Editor/VisualScripting.Core/Windows/Page.cs using Guid(72aaa5a57453b4350bdaf6f5069e9c0b) Importer(2089858483,b0f066a214c2f5e87bad3c948f4d605d) (ScriptedImporter) -> (artifact id: '99c954324a725b093a777cf0b6497e7c') in 0.0046095 seconds
Number of updated asset objects reloaded before import = 0Number of asset objects unloaded after import = 0

========================================================================
Received Import Request.
  Time since last request: 0.000018 seconds.
  path: Packages/com.unity.visualscripting/Editor/VisualScripting.Flow/Description/UnitAnalyser.cs
  artifactKey: Guid(59cd7f950ffc142d997761f2547b6bfb) Importer(2089858483,b0f066a214c2f5e87bad3c948f4d605d)
Start importing Packages/com.unity.visualscripting/Editor/VisualScripting.Flow/Description/UnitAnalyser.cs using Guid(59cd7f950ffc142d997761f2547b6bfb) Importer(2089858483,b0f066a214c2f5e87bad3c948f4d605d) (ScriptedImporter) -> (artifact id: 'ce8e4fe92476da4e061fad0604bc9461') in 0.0041658 seconds
Number of updated asset objects reloaded before import = 0Number of asset objects unloaded after import = 0

========================================================================
Received Import Request.
  Time since last request: 0.000027 seconds.
  path: Packages/com.unity.visualscripting/Editor/VisualScripting.State/Plugin/BoltStateResources.cs
  artifactKey: Guid(84e6afc294cf242f7b5b66254c763183) Importer(2089858483,b0f066a214c2f5e87bad3c948f4d605d)
Start importing Packages/com.unity.visualscripting/Editor/VisualScripting.State/Plugin/BoltStateResources.cs using Guid(84e6afc294cf242f7b5b66254c763183) Importer(2089858483,b0f066a214c2f5e87bad3c948f4d605d) (ScriptedImporter) -> (artifact id: '9a35f0ac29c9b3ad795cd89fee6f1224') in 0.0046615 seconds
Number of updated asset objects reloaded before import = 0Number of asset objects unloaded after import = 0

========================================================================
Received Import Request.
  Time since last request: 0.000028 seconds.
  path: Packages/com.unity.visualscripting/Editor/VisualScripting.State/Graph/StateGraphContext.cs
  artifactKey: Guid(85de3188858c04b94957f45995108f1a) Importer(2089858483,b0f066a214c2f5e87bad3c948f4d605d)
Start importing Packages/com.unity.visualscripting/Editor/VisualScripting.State/Graph/StateGraphContext.cs using Guid(85de3188858c04b94957f45995108f1a) Importer(2089858483,b0f066a214c2f5e87bad3c948f4d605d) (ScriptedImporter) -> (artifact id: '655f47c477e2f3478e5c7b4cba452661') in 0.0046843 seconds
Number of updated asset objects reloaded before import = 0Number of asset objects unloaded after import = 0

========================================================================
Received Import Request.
  Time since last request: 0.000037 seconds.
  path: Packages/com.unity.visualscripting/Editor/VisualScripting.Core/Variables/InspectorVariableFieldAttributeInspector.cs
  artifactKey: Guid(43746e2a6e81344ba86a06279af5647c) Importer(2089858483,b0f066a214c2f5e87bad3c948f4d605d)
Start importing Packages/com.unity.visualscripting/Editor/VisualScripting.Core/Variables/InspectorVariableFieldAttributeInspector.cs using Guid(43746e2a6e81344ba86a06279af5647c) Importer(2089858483,b0f066a214c2f5e87bad3c948f4d605d) (ScriptedImporter) -> (artifact id: 'f2ddf887ada3c6594c7b274610b6feb3') in 0.0076237 seconds
Number of updated asset objects reloaded before import = 0Number of asset objects unloaded after import = 0

========================================================================
Received Import Request.
  Time since last request: 0.000018 seconds.
  path: Packages/com.unity.visualscripting/Editor/VisualScripting.Core/Variables/VariablesAssetEditor.cs
  artifactKey: Guid(7f42d0d167a7f4de598875889223bdd6) Importer(2089858483,b0f066a214c2f5e87bad3c948f4d605d)
Start importing Packages/com.unity.visualscripting/Editor/VisualScripting.Core/Variables/VariablesAssetEditor.cs using Guid(7f42d0d167a7f4de598875889223bdd6) Importer(2089858483,b0f066a214c2f5e87bad3c948f4d605d) (ScriptedImporter) -> (artifact id: '6911bc1f0661deb181a0cde2b2278f93') in 0.0057493 seconds
Number of updated asset objects reloaded before import = 0Number of asset objects unloaded after import = 0

========================================================================
Received Import Request.
  Time since last request: 0.000024 seconds.
  path: Packages/com.unity.visualscripting/Editor/VisualScripting.Flow/Ports/UnitInputPortWidget.cs
  artifactKey: Guid(c54ce026372e84ba19e0a32de76dd6c6) Importer(2089858483,b0f066a214c2f5e87bad3c948f4d605d)
Start importing Packages/com.unity.visualscripting/Editor/VisualScripting.Flow/Ports/UnitInputPortWidget.cs using Guid(c54ce026372e84ba19e0a32de76dd6c6) Importer(2089858483,b0f066a214c2f5e87bad3c948f4d605d) (ScriptedImporter) -> (artifact id: '0e6b12653cbc9b8405e3129600768632') in 0.0051717 seconds
Number of updated asset objects reloaded before import = 0Number of asset objects unloaded after import = 0

========================================================================
Received Import Request.
  Time since last request: 0.000023 seconds.
  path: Packages/com.unity.visualscripting/Editor/VisualScripting.State/Flow/StateUnitDescriptor.cs
  artifactKey: Guid(19529b57382684562940e410a8b7e385) Importer(2089858483,b0f066a214c2f5e87bad3c948f4d605d)
Start importing Packages/com.unity.visualscripting/Editor/VisualScripting.State/Flow/StateUnitDescriptor.cs using Guid(19529b57382684562940e410a8b7e385) Importer(2089858483,b0f066a214c2f5e87bad3c948f4d605d) (ScriptedImporter) -> (artifact id: '4c37a549a735c860a0376daf3bee4045') in 0.0049975 seconds
Number of updated asset objects reloaded before import = 0Number of asset objects unloaded after import = 0

========================================================================
Received Import Request.
  Time since last request: 0.000025 seconds.
  path: Packages/com.unity.visualscripting/Editor/VisualScripting.Flow/Description/UnitDescription.cs
  artifactKey: Guid(046d84976aadf4fa58001515d8167521) Importer(2089858483,b0f066a214c2f5e87bad3c948f4d605d)
Start importing Packages/com.unity.visualscripting/Editor/VisualScripting.Flow/Description/UnitDescription.cs using Guid(046d84976aadf4fa58001515d8167521) Importer(2089858483,b0f066a214c2f5e87bad3c948f4d605d) (ScriptedImporter) -> (artifact id: 'a2d4b44dcb998c4abb957bd620775ab6') in 0.0051303 seconds
Number of updated asset objects reloaded before import = 0Number of asset objects unloaded after import = 0

========================================================================
Received Import Request.
  Time since last request: 0.000029 seconds.
  path: Packages/com.unity.visualscripting/Editor/VisualScripting.Core/Variables/VariableDeclarationInspector.cs
  artifactKey: Guid(94dbe736e63964efb9215fdf8c609986) Importer(2089858483,b0f066a214c2f5e87bad3c948f4d605d)
Start importing Packages/com.unity.visualscripting/Editor/VisualScripting.Core/Variables/VariableDeclarationInspector.cs using Guid(94dbe736e63964efb9215fdf8c609986) Importer(2089858483,b0f066a214c2f5e87bad3c948f4d605d) (ScriptedImporter) -> (artifact id: 'e7766a8a715ed757d7f7c50b47944391') in 0.0064502 seconds
Number of updated asset objects reloaded before import = 0Number of asset objects unloaded after import = 0

========================================================================
Received Import Request.
  Time since last request: 0.000022 seconds.
  path: Packages/com.unity.visualscripting/Editor/VisualScripting.Flow/Events/TriggerCustomEventDescriptor.cs
  artifactKey: Guid(60210ddff070d4317a631c12b354cd23) Importer(2089858483,b0f066a214c2f5e87bad3c948f4d605d)
Start importing Packages/com.unity.visualscripting/Editor/VisualScripting.Flow/Events/TriggerCustomEventDescriptor.cs using Guid(60210ddff070d4317a631c12b354cd23) Importer(2089858483,b0f066a214c2f5e87bad3c948f4d605d) (ScriptedImporter) -> (artifact id: '1f283c5bb311e5338b09ed131f0ea2c4') in 0.0043102 seconds
Number of updated asset objects reloaded before import = 0Number of asset objects unloaded after import = 0

========================================================================
Received Import Request.
  Time since last request: 0.000023 seconds.
  path: Packages/com.unity.2d.animation/Editor/Assets/ComponentIcons/d_Animation.SpriteLibraryManager@2x.png
  artifactKey: Guid(7e3251474ee614d5bba6dfa1affe3e86) Importer(2089858483,b0f066a214c2f5e87bad3c948f4d605d)
Start importing Packages/com.unity.2d.animation/Editor/Assets/ComponentIcons/d_Animation.SpriteLibraryManager@2x.png using Guid(7e3251474ee614d5bba6dfa1affe3e86) Importer(2089858483,b0f066a214c2f5e87bad3c948f4d605d) (ScriptedImporter) -> (artifact id: '586cb832ba2e426b700c098ab696a858') in 0.0259837 seconds
Number of updated asset objects reloaded before import = 0Number of asset objects unloaded after import = 3

========================================================================
Received Import Request.
  Time since last request: 0.000045 seconds.
  path: Packages/com.unity.2d.animation/Runtime/BatchedDeformation/DeformationManager.cs
  artifactKey: Guid(bb5c8e5cc922345e7be8d7ef993a4164) Importer(2089858483,b0f066a214c2f5e87bad3c948f4d605d)
Start importing Packages/com.unity.2d.animation/Runtime/BatchedDeformation/DeformationManager.cs using Guid(bb5c8e5cc922345e7be8d7ef993a4164) Importer(2089858483,b0f066a214c2f5e87bad3c948f4d605d) (ScriptedImporter) -> (artifact id: '7277ebe513caefb39f2edfe6a0d290df') in 0.0060141 seconds
Number of updated asset objects reloaded before import = 0Number of asset objects unloaded after import = 0

========================================================================
Received Import Request.
  Time since last request: 0.000046 seconds.
  path: Packages/com.unity.visualscripting/Editor/VisualScripting.Flow/Ports/ValueInputWidget.cs
  artifactKey: Guid(6de90288101284c5891d285c63d67c40) Importer(2089858483,b0f066a214c2f5e87bad3c948f4d605d)
Start importing Packages/com.unity.visualscripting/Editor/VisualScripting.Flow/Ports/ValueInputWidget.cs using Guid(6de90288101284c5891d285c63d67c40) Importer(2089858483,b0f066a214c2f5e87bad3c948f4d605d) (ScriptedImporter) -> (artifact id: '94cd019131a1a6d995469e4a8f8ab831') in 0.005366 seconds
Number of updated asset objects reloaded before import = 0Number of asset objects unloaded after import = 0

========================================================================
Received Import Request.
  Time since last request: 0.000031 seconds.
  path: Packages/com.unity.2d.tooling/Editor/Insider/AnalyzerWindow/DataSourceListItem/DataSourceList.uss
  artifactKey: Guid(77130747cfce8420eb8c834664e59cd7) Importer(2089858483,b0f066a214c2f5e87bad3c948f4d605d)
Start importing Packages/com.unity.2d.tooling/Editor/Insider/AnalyzerWindow/DataSourceListItem/DataSourceList.uss using Guid(77130747cfce8420eb8c834664e59cd7) Importer(2089858483,b0f066a214c2f5e87bad3c948f4d605d) (ScriptedImporter) -> (artifact id: '8e7ebf4c7e5c511ab114dab6dbe7be00') in 0.0330214 seconds
Number of updated asset objects reloaded before import = 0Number of asset objects unloaded after import = 1

========================================================================
Received Import Request.
  Time since last request: 0.000022 seconds.
  path: Packages/com.unity.visualscripting/Editor/VisualScripting.Core/Platforms/AotStubWriter.cs
  artifactKey: Guid(b3fbf7a50bc9d47619c3d9860db44f5b) Importer(2089858483,b0f066a214c2f5e87bad3c948f4d605d)
Start importing Packages/com.unity.visualscripting/Editor/VisualScripting.Core/Platforms/AotStubWriter.cs using Guid(b3fbf7a50bc9d47619c3d9860db44f5b) Importer(2089858483,b0f066a214c2f5e87bad3c948f4d605d) (ScriptedImporter) -> (artifact id: '0ef8ffea09c1485a7b7c095ae79826fb') in 0.0049921 seconds
Number of updated asset objects reloaded before import = 0Number of asset objects unloaded after import = 0

========================================================================
Received Import Request.
  Time since last request: 0.000035 seconds.
  path: Packages/com.unity.visualscripting/Editor/VisualScripting.Core/Interface/LudiqGUI.cs
  artifactKey: Guid(4b750756c927142e8a8977ac83c7361a) Importer(2089858483,b0f066a214c2f5e87bad3c948f4d605d)
Start importing Packages/com.unity.visualscripting/Editor/VisualScripting.Core/Interface/LudiqGUI.cs using Guid(4b750756c927142e8a8977ac83c7361a) Importer(2089858483,b0f066a214c2f5e87bad3c948f4d605d) (ScriptedImporter) -> (artifact id: 'f194201fac2b61287a00834ef823e18d') in 0.0098387 seconds
Number of updated asset objects reloaded before import = 0Number of asset objects unloaded after import = 0

========================================================================
Received Import Request.
  Time since last request: 0.000056 seconds.
  path: Packages/com.unity.visualscripting/Editor/VisualScripting.Core/Inspection/GraphNestEditor.cs
  artifactKey: Guid(7508277702f384ce6a761441b6dbb69b) Importer(2089858483,b0f066a214c2f5e87bad3c948f4d605d)
Start importing Packages/com.unity.visualscripting/Editor/VisualScripting.Core/Inspection/GraphNestEditor.cs using Guid(7508277702f384ce6a761441b6dbb69b) Importer(2089858483,b0f066a214c2f5e87bad3c948f4d605d) (ScriptedImporter) -> (artifact id: '5546f23aa7ab82b14164730e866c4508') in 0.0095838 seconds
Number of updated asset objects reloaded before import = 0Number of asset objects unloaded after import = 0

========================================================================
Received Import Request.
  Time since last request: 0.000022 seconds.
  path: Packages/com.unity.visualscripting/Editor/VisualScripting.Flow/Plugin/BoltFlow.cs
  artifactKey: Guid(35120fe15be16499ca078be48d042be0) Importer(2089858483,b0f066a214c2f5e87bad3c948f4d605d)
Start importing Packages/com.unity.visualscripting/Editor/VisualScripting.Flow/Plugin/BoltFlow.cs using Guid(35120fe15be16499ca078be48d042be0) Importer(2089858483,b0f066a214c2f5e87bad3c948f4d605d) (ScriptedImporter) -> (artifact id: '6ad3a40e74bea4954aff9218836cc50a') in 0.0056441 seconds
Number of updated asset objects reloaded before import = 0Number of asset objects unloaded after import = 0

========================================================================
Received Import Request.
  Time since last request: 0.000019 seconds.
  path: Packages/com.unity.2d.tooling/Editor/Insider/SpriteAtlas/DataSource/EditorAtlasInfo.cs
  artifactKey: Guid(9b09c0da8bf243b89a229b803415ee04) Importer(2089858483,b0f066a214c2f5e87bad3c948f4d605d)
Start importing Packages/com.unity.2d.tooling/Editor/Insider/SpriteAtlas/DataSource/EditorAtlasInfo.cs using Guid(9b09c0da8bf243b89a229b803415ee04) Importer(2089858483,b0f066a214c2f5e87bad3c948f4d605d) (ScriptedImporter) -> (artifact id: 'ddbc114ffc43c656f8da20bb77eccca5') in 0.0043324 seconds
Number of updated asset objects reloaded before import = 0Number of asset objects unloaded after import = 0

========================================================================
Received Import Request.
  Time since last request: 0.000025 seconds.
  path: Packages/com.unity.visualscripting/Editor/VisualScripting.Core/Meta/RootMetadata.cs
  artifactKey: Guid(cb9a4e6bf8e744587bf98ad2fce716e0) Importer(2089858483,b0f066a214c2f5e87bad3c948f4d605d)
Start importing Packages/com.unity.visualscripting/Editor/VisualScripting.Core/Meta/RootMetadata.cs using Guid(cb9a4e6bf8e744587bf98ad2fce716e0) Importer(2089858483,b0f066a214c2f5e87bad3c948f4d605d) (ScriptedImporter) -> (artifact id: '56a17104a90c0d11ca1712014b9b9e36') in 0.0068146 seconds
Number of updated asset objects reloaded before import = 0Number of asset objects unloaded after import = 0

========================================================================
Received Import Request.
  Time since last request: 0.000036 seconds.
  path: Packages/com.unity.visualscripting/Editor/VisualScripting.Core/Utilities/ScriptReferenceResolver.cs
  artifactKey: Guid(d740e5b87888c425bbe4264a3053a525) Importer(2089858483,b0f066a214c2f5e87bad3c948f4d605d)
Start importing Packages/com.unity.visualscripting/Editor/VisualScripting.Core/Utilities/ScriptReferenceResolver.cs using Guid(d740e5b87888c425bbe4264a3053a525) Importer(2089858483,b0f066a214c2f5e87bad3c948f4d605d) (ScriptedImporter) -> (artifact id: 'e2f8a549ddea72efe6e32481751ba5e1') in 0.0043069 seconds
Number of updated asset objects reloaded before import = 0Number of asset objects unloaded after import = 0

========================================================================
Received Import Request.
  Time since last request: 0.000019 seconds.
  path: Packages/com.unity.2d.animation/Editor/SkinningModule/CopyTool.cs
  artifactKey: Guid(311e00422db8e4949bf926b0d039e05e) Importer(2089858483,b0f066a214c2f5e87bad3c948f4d605d)
Start importing Packages/com.unity.2d.animation/Editor/SkinningModule/CopyTool.cs using Guid(311e00422db8e4949bf926b0d039e05e) Importer(2089858483,b0f066a214c2f5e87bad3c948f4d605d) (ScriptedImporter) -> (artifact id: 'd7f372565bafa37df081b935d55e6966') in 0.0045555 seconds
Number of updated asset objects reloaded before import = 0Number of asset objects unloaded after import = 0

========================================================================
Received Import Request.
  Time since last request: 0.000023 seconds.
  path: Packages/com.unity.visualscripting/Editor/VisualScripting.Flow/Description/UnitPortDescriptor.cs
  artifactKey: Guid(0a272fe91f6be43dfb94b0c752db3a9c) Importer(2089858483,b0f066a214c2f5e87bad3c948f4d605d)
Start importing Packages/com.unity.visualscripting/Editor/VisualScripting.Flow/Description/UnitPortDescriptor.cs using Guid(0a272fe91f6be43dfb94b0c752db3a9c) Importer(2089858483,b0f066a214c2f5e87bad3c948f4d605d) (ScriptedImporter) -> (artifact id: '657cbe245153f9308ddf05ddc29c5335') in 0.0049284 seconds
Number of updated asset objects reloaded before import = 0Number of asset objects unloaded after import = 0

========================================================================
Received Import Request.
  Time since last request: 0.000021 seconds.
  path: Packages/com.unity.2d.psdimporter/Editor/Assets/Icons/Dark/Layers Separated@1x.png
  artifactKey: Guid(9c68e002c59804ee7973df039508cc37) Importer(2089858483,b0f066a214c2f5e87bad3c948f4d605d)
Start importing Packages/com.unity.2d.psdimporter/Editor/Assets/Icons/Dark/Layers Separated@1x.png using Guid(9c68e002c59804ee7973df039508cc37) Importer(2089858483,b0f066a214c2f5e87bad3c948f4d605d) (ScriptedImporter) -> (artifact id: '4b6343ea7a750bb13d5d8ab7aa2e1e4d') in 0.0124375 seconds
Number of updated asset objects reloaded before import = 0Number of asset objects unloaded after import = 3

========================================================================
Received Import Request.
  Time since last request: 0.000034 seconds.
  path: Packages/com.unity.render-pipelines.core/Runtime/GPUDriven/InstanceData/InstanceTransformUpdateDefs.cs.hlsl
  artifactKey: Guid(d73035ddef2bea3469c6784cf7f2e865) Importer(2089858483,b0f066a214c2f5e87bad3c948f4d605d)
Start importing Packages/com.unity.render-pipelines.core/Runtime/GPUDriven/InstanceData/InstanceTransformUpdateDefs.cs.hlsl using Guid(d73035ddef2bea3469c6784cf7f2e865) Importer(2089858483,b0f066a214c2f5e87bad3c948f4d605d) (ScriptedImporter) -> (artifact id: 'de13635bcf0b30e005a04b9aeefeee22') in 0.0060645 seconds
Number of updated asset objects reloaded before import = 0Number of asset objects unloaded after import = 1

========================================================================
Received Import Request.
  Time since last request: 0.000034 seconds.
  path: Packages/com.unity.visualscripting/Runtime/VisualScripting.Core/Profiling/ProfilingUtility.cs
  artifactKey: Guid(0abd26eb28b064e8ebfaab1ee6c46794) Importer(2089858483,b0f066a214c2f5e87bad3c948f4d605d)
Start importing Packages/com.unity.visualscripting/Runtime/VisualScripting.Core/Profiling/ProfilingUtility.cs using Guid(0abd26eb28b064e8ebfaab1ee6c46794) Importer(2089858483,b0f066a214c2f5e87bad3c948f4d605d) (ScriptedImporter) -> (artifact id: '7aa2a0993e2fe00937411010c4867160') in 0.0088714 seconds
Number of updated asset objects reloaded before import = 0Number of asset objects unloaded after import = 0

========================================================================
Received Import Request.
  Time since last request: 0.000027 seconds.
  path: Packages/com.unity.visualscripting/Runtime/VisualScripting.Core/Collections/ISet.cs
  artifactKey: Guid(e8bad27d2153d44cba7a1fa7e451d5e6) Importer(2089858483,b0f066a214c2f5e87bad3c948f4d605d)
Start importing Packages/com.unity.visualscripting/Runtime/VisualScripting.Core/Collections/ISet.cs using Guid(e8bad27d2153d44cba7a1fa7e451d5e6) Importer(2089858483,b0f066a214c2f5e87bad3c948f4d605d) (ScriptedImporter) -> (artifact id: '0766acc0fcb55eea15ad46aa50dfb5c5') in 0.0062408 seconds
Number of updated asset objects reloaded before import = 0Number of asset objects unloaded after import = 0

========================================================================
Received Import Request.
  Time since last request: 0.000038 seconds.
  path: Packages/com.unity.visualscripting/Runtime/VisualScripting.Core/Listeners/UnityMessageListener.cs
  artifactKey: Guid(5faf689298912435b9ba1070bfec8484) Importer(2089858483,b0f066a214c2f5e87bad3c948f4d605d)
Start importing Packages/com.unity.visualscripting/Runtime/VisualScripting.Core/Listeners/UnityMessageListener.cs using Guid(5faf689298912435b9ba1070bfec8484) Importer(2089858483,b0f066a214c2f5e87bad3c948f4d605d) (ScriptedImporter) -> (artifact id: 'df6d41006b33b3e90bae633ce5cfc8c9') in 0.009704 seconds
Number of updated asset objects reloaded before import = 0Number of asset objects unloaded after import = 1

========================================================================
Received Import Request.
  Time since last request: 0.000041 seconds.
  path: Packages/com.unity.visualscripting/Runtime/VisualScripting.Core/EditorBinding/IncludeInSettingsAttribute.cs
  artifactKey: Guid(6f18ff0c8545b43ed92a04d10757c3e2) Importer(2089858483,b0f066a214c2f5e87bad3c948f4d605d)
Start importing Packages/com.unity.visualscripting/Runtime/VisualScripting.Core/EditorBinding/IncludeInSettingsAttribute.cs using Guid(6f18ff0c8545b43ed92a04d10757c3e2) Importer(2089858483,b0f066a214c2f5e87bad3c948f4d605d) (ScriptedImporter) -> (artifact id: '9c90bc7f909367b527aaaedd793f359b') in 0.0073682 seconds
Number of updated asset objects reloaded before import = 0Number of asset objects unloaded after import = 0

========================================================================
Received Import Request.
  Time since last request: 0.000055 seconds.
  path: Packages/com.unity.visualscripting/Runtime/VisualScripting.Core/Macros/Macro.cs
  artifactKey: Guid(1ab7f5ef907064fa1b582dcf410c5dc3) Importer(2089858483,b0f066a214c2f5e87bad3c948f4d605d)
Start importing Packages/com.unity.visualscripting/Runtime/VisualScripting.Core/Macros/Macro.cs using Guid(1ab7f5ef907064fa1b582dcf410c5dc3) Importer(2089858483,b0f066a214c2f5e87bad3c948f4d605d) (ScriptedImporter) -> (artifact id: '312c68ff0bec57158edc42e85d91e7f1') in 0.0068869 seconds
Number of updated asset objects reloaded before import = 0Number of asset objects unloaded after import = 0

========================================================================
Received Import Request.
  Time since last request: 0.000038 seconds.
  path: Packages/com.unity.visualscripting/Runtime/VisualScripting.Core/Ensure/EnsureThat.Strings.cs
  artifactKey: Guid(4fae8bb7c6499466c8e4b78650b40808) Importer(2089858483,b0f066a214c2f5e87bad3c948f4d605d)
Start importing Packages/com.unity.visualscripting/Runtime/VisualScripting.Core/Ensure/EnsureThat.Strings.cs using Guid(4fae8bb7c6499466c8e4b78650b40808) Importer(2089858483,b0f066a214c2f5e87bad3c948f4d605d) (ScriptedImporter) -> (artifact id: '3165391ba47dc223084649687bf30a5e') in 0.0058032 seconds
Number of updated asset objects reloaded before import = 0Number of asset objects unloaded after import = 0

========================================================================
Received Import Request.
  Time since last request: 0.000018 seconds.
  path: Packages/com.unity.visualscripting/Runtime/VisualScripting.Core/EditorBinding/NullMeansSelfAttribute.cs
  artifactKey: Guid(f63e64e83be93471eb84fcc9606ebff1) Importer(2089858483,b0f066a214c2f5e87bad3c948f4d605d)
Start importing Packages/com.unity.visualscripting/Runtime/VisualScripting.Core/EditorBinding/NullMeansSelfAttribute.cs using Guid(f63e64e83be93471eb84fcc9606ebff1) Importer(2089858483,b0f066a214c2f5e87bad3c948f4d605d) (ScriptedImporter) -> (artifact id: '9cba6c46354b8e87f627b8d7ae2f18db') in 0.0051624 seconds
Number of updated asset objects reloaded before import = 0Number of asset objects unloaded after import = 0

========================================================================
Received Import Request.
  Time since last request: 0.000040 seconds.
  path: Packages/com.unity.visualscripting/Runtime/VisualScripting.Core/Reflection/IAttributeProvider.cs
  artifactKey: Guid(823de046c493643b397faa358568303a) Importer(2089858483,b0f066a214c2f5e87bad3c948f4d605d)
Start importing Packages/com.unity.visualscripting/Runtime/VisualScripting.Core/Reflection/IAttributeProvider.cs using Guid(823de046c493643b397faa358568303a) Importer(2089858483,b0f066a214c2f5e87bad3c948f4d605d) (ScriptedImporter) -> (artifact id: '7b88691a527c9e8a15b3a8880e97d1d3') in 0.0053917 seconds
Number of updated asset objects reloaded before import = 0Number of asset objects unloaded after import = 0

========================================================================
Received Import Request.
  Time since last request: 0.000080 seconds.
  path: Packages/com.unity.visualscripting/Runtime/VisualScripting.Core/Input/MouseButton.cs
  artifactKey: Guid(aa83ec66a9f66478ab2f03723303e026) Importer(2089858483,b0f066a214c2f5e87bad3c948f4d605d)
Start importing Packages/com.unity.visualscripting/Runtime/VisualScripting.Core/Input/MouseButton.cs using Guid(aa83ec66a9f66478ab2f03723303e026) Importer(2089858483,b0f066a214c2f5e87bad3c948f4d605d) (ScriptedImporter) -> (artifact id: '3d30c8efa5bfd975e33fc98aa750736a') in 0.0069342 seconds
Number of updated asset objects reloaded before import = 0Number of asset objects unloaded after import = 0

========================================================================
Received Import Request.
  Time since last request: 0.000026 seconds.
  path: Packages/com.unity.visualscripting/Runtime/VisualScripting.Core/Reflection/AttributeUtility.cs
  artifactKey: Guid(ec7157f997fbc4debb9d6fdccf453f74) Importer(2089858483,b0f066a214c2f5e87bad3c948f4d605d)
Start importing Packages/com.unity.visualscripting/Runtime/VisualScripting.Core/Reflection/AttributeUtility.cs using Guid(ec7157f997fbc4debb9d6fdccf453f74) Importer(2089858483,b0f066a214c2f5e87bad3c948f4d605d) (ScriptedImporter) -> (artifact id: '2ed7ea6abd374c5c38396c9289373e00') in 0.0062783 seconds
Number of updated asset objects reloaded before import = 0Number of asset objects unloaded after import = 0

========================================================================
Received Import Request.
  Time since last request: 0.000027 seconds.
  path: Packages/com.unity.visualscripting/Runtime/VisualScripting.Core/Events/EventBus.cs
  artifactKey: Guid(2d134ee5ae68a4bd982d255c10af93cd) Importer(2089858483,b0f066a214c2f5e87bad3c948f4d605d)
Start importing Packages/com.unity.visualscripting/Runtime/VisualScripting.Core/Events/EventBus.cs using Guid(2d134ee5ae68a4bd982d255c10af93cd) Importer(2089858483,b0f066a214c2f5e87bad3c948f4d605d) (ScriptedImporter) -> (artifact id: 'cd56e024c19f6a55cf5ec8bd3e7c0814') in 0.0053326 seconds
Number of updated asset objects reloaded before import = 0Number of asset objects unloaded after import = 0

========================================================================
Received Import Request.
  Time since last request: 0.000043 seconds.
  path: Packages/com.unity.visualscripting/Runtime/VisualScripting.Core/Collections/MergedCollection.cs
  artifactKey: Guid(e0381bb4e0f05444598e51b5a33edf4d) Importer(2089858483,b0f066a214c2f5e87bad3c948f4d605d)
Start importing Packages/com.unity.visualscripting/Runtime/VisualScripting.Core/Collections/MergedCollection.cs using Guid(e0381bb4e0f05444598e51b5a33edf4d) Importer(2089858483,b0f066a214c2f5e87bad3c948f4d605d) (ScriptedImporter) -> (artifact id: '5034afd956b37ba4e27e12d8085d65c9') in 0.007033 seconds
Number of updated asset objects reloaded before import = 0Number of asset objects unloaded after import = 0

========================================================================
Received Import Request.
  Time since last request: 0.000040 seconds.
  path: Packages/com.unity.visualscripting/Runtime/VisualScripting.Core/Graphs/Graph.cs
  artifactKey: Guid(3af658b760ac04b8ea3f040f301bbc1d) Importer(2089858483,b0f066a214c2f5e87bad3c948f4d605d)
Start importing Packages/com.unity.visualscripting/Runtime/VisualScripting.Core/Graphs/Graph.cs using Guid(3af658b760ac04b8ea3f040f301bbc1d) Importer(2089858483,b0f066a214c2f5e87bad3c948f4d605d) (ScriptedImporter) -> (artifact id: 'd76d43fffa7a52175e5f496f6617ada9') in 0.0067149 seconds
Number of updated asset objects reloaded before import = 0Number of asset objects unloaded after import = 0

========================================================================
Received Import Request.
  Time since last request: 0.000032 seconds.
  path: Packages/com.unity.visualscripting/Editor/VisualScripting.State/States/StateAnalyser.cs
  artifactKey: Guid(eb1a4bbdbfdb14545866ce6d30badb33) Importer(2089858483,b0f066a214c2f5e87bad3c948f4d605d)
Start importing Packages/com.unity.visualscripting/Editor/VisualScripting.State/States/StateAnalyser.cs using Guid(eb1a4bbdbfdb14545866ce6d30badb33) Importer(2089858483,b0f066a214c2f5e87bad3c948f4d605d) (ScriptedImporter) -> (artifact id: '57e6de9103942232d763ae085a771920') in 0.005931 seconds
Number of updated asset objects reloaded before import = 0Number of asset objects unloaded after import = 0

========================================================================
Received Import Request.
  Time since last request: 0.000034 seconds.
  path: Packages/com.unity.visualscripting/Runtime/VisualScripting.Core/Graphs/IGraphNesterElement.cs
  artifactKey: Guid(870079fb53f614f1e97e352a303047d4) Importer(2089858483,b0f066a214c2f5e87bad3c948f4d605d)
Start importing Packages/com.unity.visualscripting/Runtime/VisualScripting.Core/Graphs/IGraphNesterElement.cs using Guid(870079fb53f614f1e97e352a303047d4) Importer(2089858483,b0f066a214c2f5e87bad3c948f4d605d) (ScriptedImporter) -> (artifact id: 'ef862036b8e47d26e27b2d5dcdf632f8') in 0.0067456 seconds
Number of updated asset objects reloaded before import = 0Number of asset objects unloaded after import = 0

========================================================================
Received Import Request.
  Time since last request: 0.000050 seconds.
  path: Packages/com.unity.visualscripting/Runtime/VisualScripting.Core/Graphs/GraphReference.cs
  artifactKey: Guid(7f68b088e619c460d8aa786bc78bc3e9) Importer(2089858483,b0f066a214c2f5e87bad3c948f4d605d)
Start importing Packages/com.unity.visualscripting/Runtime/VisualScripting.Core/Graphs/GraphReference.cs using Guid(7f68b088e619c460d8aa786bc78bc3e9) Importer(2089858483,b0f066a214c2f5e87bad3c948f4d605d) (ScriptedImporter) -> (artifact id: '91a7d945cfec983dac35262eed75d25c') in 0.0048497 seconds
Number of updated asset objects reloaded before import = 0Number of asset objects unloaded after import = 0

========================================================================
Received Import Request.
  Time since last request: 0.000053 seconds.
  path: Packages/com.unity.visualscripting/Editor/VisualScripting.State/States/SuperStateDescriptor.cs
  artifactKey: Guid(7079eea8915904f1aa73089daa0789e4) Importer(2089858483,b0f066a214c2f5e87bad3c948f4d605d)
Start importing Packages/com.unity.visualscripting/Editor/VisualScripting.State/States/SuperStateDescriptor.cs using Guid(7079eea8915904f1aa73089daa0789e4) Importer(2089858483,b0f066a214c2f5e87bad3c948f4d605d) (ScriptedImporter) -> (artifact id: 'f689e7fb799c061a549b32d5240064b9') in 0.0050505 seconds
Number of updated asset objects reloaded before import = 0Number of asset objects unloaded after import = 0

========================================================================
Received Import Request.
  Time since last request: 0.000030 seconds.
  path: Packages/com.unity.visualscripting/Editor/VisualScripting.State/Transitions/TriggerStateTransitionWidget.cs
  artifactKey: Guid(b189625584c90451ebec9bd6a0e5e334) Importer(2089858483,b0f066a214c2f5e87bad3c948f4d605d)
Start importing Packages/com.unity.visualscripting/Editor/VisualScripting.State/Transitions/TriggerStateTransitionWidget.cs using Guid(b189625584c90451ebec9bd6a0e5e334) Importer(2089858483,b0f066a214c2f5e87bad3c948f4d605d) (ScriptedImporter) -> (artifact id: 'dab693c16464324d0536003d100d8af8') in 0.0076574 seconds
Number of updated asset objects reloaded before import = 0Number of asset objects unloaded after import = 0

========================================================================
Received Import Request.
  Time since last request: 0.000023 seconds.
  path: Packages/com.unity.visualscripting/Editor/VisualScripting.State/Transitions/StateTransitionEditor.cs
  artifactKey: Guid(9d4e73ed999c34cb3ae93178fcb08712) Importer(2089858483,b0f066a214c2f5e87bad3c948f4d605d)
Start importing Packages/com.unity.visualscripting/Editor/VisualScripting.State/Transitions/StateTransitionEditor.cs using Guid(9d4e73ed999c34cb3ae93178fcb08712) Importer(2089858483,b0f066a214c2f5e87bad3c948f4d605d) (ScriptedImporter) -> (artifact id: '20baeaa7e2560e0b9839017e88276e2a') in 0.0078588 seconds
Number of updated asset objects reloaded before import = 0Number of asset objects unloaded after import = 0

========================================================================
Received Import Request.
  Time since last request: 0.000028 seconds.
  path: Packages/com.unity.visualscripting/Runtime/VisualScripting.Core/Collections/INotifyCollectionChanged.cs
  artifactKey: Guid(db8af6900bbbd4c77818f39666021768) Importer(2089858483,b0f066a214c2f5e87bad3c948f4d605d)
Start importing Packages/com.unity.visualscripting/Runtime/VisualScripting.Core/Collections/INotifyCollectionChanged.cs using Guid(db8af6900bbbd4c77818f39666021768) Importer(2089858483,b0f066a214c2f5e87bad3c948f4d605d) (ScriptedImporter) -> (artifact id: 'b55bee1c8d455017b82d38f41e096915') in 0.0075752 seconds
Number of updated asset objects reloaded before import = 0Number of asset objects unloaded after import = 0

========================================================================
Received Import Request.
  Time since last request: 0.000045 seconds.
  path: Packages/com.unity.visualscripting/Runtime/VisualScripting.Core/EditorBinding/TypeIconPriorityAttribute.cs
  artifactKey: Guid(bbe1646219f7b48c194ea44b48bdf8a1) Importer(2089858483,b0f066a214c2f5e87bad3c948f4d605d)
Start importing Packages/com.unity.visualscripting/Runtime/VisualScripting.Core/EditorBinding/TypeIconPriorityAttribute.cs using Guid(bbe1646219f7b48c194ea44b48bdf8a1) Importer(2089858483,b0f066a214c2f5e87bad3c948f4d605d) (ScriptedImporter) -> (artifact id: '48f96c332cff1fac3df1a8c9dd7b3e3d') in 0.0075173 seconds
Number of updated asset objects reloaded before import = 0Number of asset objects unloaded after import = 0

========================================================================
Received Import Request.
  Time since last request: 0.000037 seconds.
  path: Packages/com.unity.visualscripting/Runtime/VisualScripting.Core/EditorBinding/EditorBindingUtility.cs
  artifactKey: Guid(d9f7c6fac8fe34baeba269379950a7b3) Importer(2089858483,b0f066a214c2f5e87bad3c948f4d605d)
Start importing Packages/com.unity.visualscripting/Runtime/VisualScripting.Core/EditorBinding/EditorBindingUtility.cs using Guid(d9f7c6fac8fe34baeba269379950a7b3) Importer(2089858483,b0f066a214c2f5e87bad3c948f4d605d) (ScriptedImporter) -> (artifact id: '6676535deb2f69a977c2d48e2b6644c1') in 0.0066245 seconds
Number of updated asset objects reloaded before import = 0Number of asset objects unloaded after import = 0

========================================================================
Received Import Request.
  Time since last request: 0.000032 seconds.
  path: Packages/com.unity.visualscripting/Runtime/VisualScripting.Core/Collections/GuidCollection.cs
  artifactKey: Guid(106fdba61aee041bb848696298f2a0cb) Importer(2089858483,b0f066a214c2f5e87bad3c948f4d605d)
Start importing Packages/com.unity.visualscripting/Runtime/VisualScripting.Core/Collections/GuidCollection.cs using Guid(106fdba61aee041bb848696298f2a0cb) Importer(2089858483,b0f066a214c2f5e87bad3c948f4d605d) (ScriptedImporter) -> (artifact id: '6cf0661f268a45ce296cf7f8cd1cdee4') in 0.0075266 seconds
Number of updated asset objects reloaded before import = 0Number of asset objects unloaded after import = 0

========================================================================
Received Import Request.
  Time since last request: 0.000056 seconds.
  path: Packages/com.unity.visualscripting/Runtime/VisualScripting.Core/Attributes/VisualScriptingHelpURLAttribute.cs
  artifactKey: Guid(c3bcf9b19dcb40cdad778458b50003a8) Importer(2089858483,b0f066a214c2f5e87bad3c948f4d605d)
Start importing Packages/com.unity.visualscripting/Runtime/VisualScripting.Core/Attributes/VisualScriptingHelpURLAttribute.cs using Guid(c3bcf9b19dcb40cdad778458b50003a8) Importer(2089858483,b0f066a214c2f5e87bad3c948f4d605d) (ScriptedImporter) -> (artifact id: '327b1c680c6d80f2b6f6645052152c3d') in 0.0058021 seconds
Number of updated asset objects reloaded before import = 0Number of asset objects unloaded after import = 0

========================================================================
Received Import Request.
  Time since last request: 0.000038 seconds.
  path: Packages/com.unity.visualscripting/Editor/VisualScripting.State/Transitions/StateTransitionDescriptor.cs
  artifactKey: Guid(82e797f2fea594d6f89e0146757d0ed6) Importer(2089858483,b0f066a214c2f5e87bad3c948f4d605d)
Start importing Packages/com.unity.visualscripting/Editor/VisualScripting.State/Transitions/StateTransitionDescriptor.cs using Guid(82e797f2fea594d6f89e0146757d0ed6) Importer(2089858483,b0f066a214c2f5e87bad3c948f4d605d) (ScriptedImporter) -> (artifact id: 'e0a11a642517a85dc26eb78f56a66025') in 0.0101709 seconds
Number of updated asset objects reloaded before import = 0Number of asset objects unloaded after import = 0

========================================================================
Received Import Request.
  Time since last request: 0.000023 seconds.
  path: Packages/com.unity.visualscripting/Runtime/VisualScripting.Core/Graphs/IGraphElementDebugData.cs
  artifactKey: Guid(4dff94c93e9204acda46c024902f8949) Importer(2089858483,b0f066a214c2f5e87bad3c948f4d605d)
Start importing Packages/com.unity.visualscripting/Runtime/VisualScripting.Core/Graphs/IGraphElementDebugData.cs using Guid(4dff94c93e9204acda46c024902f8949) Importer(2089858483,b0f066a214c2f5e87bad3c948f4d605d) (ScriptedImporter) -> (artifact id: 'bdf15bf8e6e677d87b2d83be478390b7') in 0.007725 seconds
Number of updated asset objects reloaded before import = 0Number of asset objects unloaded after import = 0

========================================================================
Received Import Request.
  Time since last request: 0.000025 seconds.
  path: Packages/com.unity.visualscripting/Runtime/VisualScripting.Core/Collections/IKeyedCollection.cs
  artifactKey: Guid(838e8a6e5d50f44d6988900179976bf1) Importer(2089858483,b0f066a214c2f5e87bad3c948f4d605d)
Start importing Packages/com.unity.visualscripting/Runtime/VisualScripting.Core/Collections/IKeyedCollection.cs using Guid(838e8a6e5d50f44d6988900179976bf1) Importer(2089858483,b0f066a214c2f5e87bad3c948f4d605d) (ScriptedImporter) -> (artifact id: '232d20d9a615f2c8b9dc0686ca0dc06a') in 0.0066958 seconds
Number of updated asset objects reloaded before import = 0Number of asset objects unloaded after import = 0

========================================================================
Received Import Request.
  Time since last request: 0.000039 seconds.
  path: Packages/com.unity.visualscripting/Runtime/VisualScripting.Core/Events/FrameDelayedCallback.cs
  artifactKey: Guid(c6ae16097a0d4e30bf4c1f3c16ba3805) Importer(2089858483,b0f066a214c2f5e87bad3c948f4d605d)
Start importing Packages/com.unity.visualscripting/Runtime/VisualScripting.Core/Events/FrameDelayedCallback.cs using Guid(c6ae16097a0d4e30bf4c1f3c16ba3805) Importer(2089858483,b0f066a214c2f5e87bad3c948f4d605d) (ScriptedImporter) -> (artifact id: '63ea55e577b3c16fce0326d131b043b6') in 0.0065903 seconds
Number of updated asset objects reloaded before import = 0Number of asset objects unloaded after import = 0

========================================================================
Received Import Request.
  Time since last request: 0.000052 seconds.
  path: Packages/com.unity.visualscripting/Runtime/VisualScripting.Core/Listeners/IGraphEventListenerData.cs
  artifactKey: Guid(35e9f44c540fa4c21ae094155fec787e) Importer(2089858483,b0f066a214c2f5e87bad3c948f4d605d)
Start importing Packages/com.unity.visualscripting/Runtime/VisualScripting.Core/Listeners/IGraphEventListenerData.cs using Guid(35e9f44c540fa4c21ae094155fec787e) Importer(2089858483,b0f066a214c2f5e87bad3c948f4d605d) (ScriptedImporter) -> (artifact id: 'a61bc8f7c0cc0659e399a8ceaf425bce') in 0.0057166 seconds
Number of updated asset objects reloaded before import = 0Number of asset objects unloaded after import = 0

========================================================================
Received Import Request.
  Time since last request: 0.000026 seconds.
  path: Packages/com.unity.visualscripting/Runtime/VisualScripting.Core/Ensure/EnsureThat.Guids.cs
  artifactKey: Guid(adc1a9ac3adb54e8aac2ea044801ea5e) Importer(2089858483,b0f066a214c2f5e87bad3c948f4d605d)
Start importing Packages/com.unity.visualscripting/Runtime/VisualScripting.Core/Ensure/EnsureThat.Guids.cs using Guid(adc1a9ac3adb54e8aac2ea044801ea5e) Importer(2089858483,b0f066a214c2f5e87bad3c948f4d605d) (ScriptedImporter) -> (artifact id: '0640cd05694b547d8f3a12f1baa5f22d') in 0.0074391 seconds
Number of updated asset objects reloaded before import = 0Number of asset objects unloaded after import = 0

========================================================================
Received Import Request.
  Time since last request: 0.000018 seconds.
  path: Packages/com.unity.visualscripting/Runtime/VisualScripting.Core/Ensure/EnsureThat.Booleans.cs
  artifactKey: Guid(82da3913de0aa495bbc9f0ea9a106808) Importer(2089858483,b0f066a214c2f5e87bad3c948f4d605d)
Start importing Packages/com.unity.visualscripting/Runtime/VisualScripting.Core/Ensure/EnsureThat.Booleans.cs using Guid(82da3913de0aa495bbc9f0ea9a106808) Importer(2089858483,b0f066a214c2f5e87bad3c948f4d605d) (ScriptedImporter) -> (artifact id: '493c8b338c6aad88da3537c26e1033bc') in 0.005768 seconds
Number of updated asset objects reloaded before import = 0Number of asset objects unloaded after import = 0

========================================================================
Received Import Request.
  Time since last request: 0.000041 seconds.
  path: Packages/com.unity.visualscripting/Runtime/VisualScripting.Core/Collections/VariantCollection.cs
  artifactKey: Guid(151f0a13a53cb44ae83db5361508f233) Importer(2089858483,b0f066a214c2f5e87bad3c948f4d605d)
Start importing Packages/com.unity.visualscripting/Runtime/VisualScripting.Core/Collections/VariantCollection.cs using Guid(151f0a13a53cb44ae83db5361508f233) Importer(2089858483,b0f066a214c2f5e87bad3c948f4d605d) (ScriptedImporter) -> (artifact id: 'e880d8bc36ed5ef06fcbda8fb4032369') in 0.0077476 seconds
Number of updated asset objects reloaded before import = 0Number of asset objects unloaded after import = 0

========================================================================
Received Import Request.
  Time since last request: 0.000042 seconds.
  path: Packages/com.unity.visualscripting/Runtime/VisualScripting.Core/Graphs/IGraphDebugData.cs
  artifactKey: Guid(dee62c9ee6b8b4c4fb371dd99b538497) Importer(2089858483,b0f066a214c2f5e87bad3c948f4d605d)
Start importing Packages/com.unity.visualscripting/Runtime/VisualScripting.Core/Graphs/IGraphDebugData.cs using Guid(dee62c9ee6b8b4c4fb371dd99b538497) Importer(2089858483,b0f066a214c2f5e87bad3c948f4d605d) (ScriptedImporter) -> (artifact id: '7f904cabbe10f6469cdfa46e88d59ecf') in 0.0090589 seconds
Number of updated asset objects reloaded before import = 0Number of asset objects unloaded after import = 0

========================================================================
Received Import Request.
  Time since last request: 0.000043 seconds.
  path: Packages/com.unity.visualscripting/Runtime/VisualScripting.Core/Exceptions/InvalidConversionException.cs
  artifactKey: Guid(052fca7ced5fd4e419bc11f7627bbfc0) Importer(2089858483,b0f066a214c2f5e87bad3c948f4d605d)
Start importing Packages/com.unity.visualscripting/Runtime/VisualScripting.Core/Exceptions/InvalidConversionException.cs using Guid(052fca7ced5fd4e419bc11f7627bbfc0) Importer(2089858483,b0f066a214c2f5e87bad3c948f4d605d) (ScriptedImporter) -> (artifact id: '898cf3c13502963b65cbfe88f9d9f695') in 0.0059821 seconds
Number of updated asset objects reloaded before import = 0Number of asset objects unloaded after import = 0

========================================================================
Received Import Request.
  Time since last request: 0.000029 seconds.
  path: Packages/com.unity.visualscripting/Runtime/VisualScripting.Core/Reflection/TypeUtility.cs
  artifactKey: Guid(201917f07bb3e466db9940011e75d45d) Importer(2089858483,b0f066a214c2f5e87bad3c948f4d605d)
Start importing Packages/com.unity.visualscripting/Runtime/VisualScripting.Core/Reflection/TypeUtility.cs using Guid(201917f07bb3e466db9940011e75d45d) Importer(2089858483,b0f066a214c2f5e87bad3c948f4d605d) (ScriptedImporter) -> (artifact id: '2d9395796c957e7308bca7c29787d2c3') in 0.0081713 seconds
Number of updated asset objects reloaded before import = 0Number of asset objects unloaded after import = 0

========================================================================
Received Import Request.
  Time since last request: 0.000039 seconds.
  path: Packages/com.unity.visualscripting/Runtime/VisualScripting.Core/Serialization/DictionaryAsset.cs
  artifactKey: Guid(65bae8b9f1bd244b3a27e92af4b23b2a) Importer(2089858483,b0f066a214c2f5e87bad3c948f4d605d)
Start importing Packages/com.unity.visualscripting/Runtime/VisualScripting.Core/Serialization/DictionaryAsset.cs using Guid(65bae8b9f1bd244b3a27e92af4b23b2a) Importer(2089858483,b0f066a214c2f5e87bad3c948f4d605d) (ScriptedImporter) -> (artifact id: '36da5065b122a80be0103f7d0b029719') in 0.0087814 seconds
Number of updated asset objects reloaded before import = 0Number of asset objects unloaded after import = 0

========================================================================
Received Import Request.
  Time since last request: 0.000053 seconds.
  path: Packages/com.unity.visualscripting/Runtime/VisualScripting.Core/Unity/LudiqBehaviour.cs
  artifactKey: Guid(552f45a311fac42f8906935140290279) Importer(2089858483,b0f066a214c2f5e87bad3c948f4d605d)
Start importing Packages/com.unity.visualscripting/Runtime/VisualScripting.Core/Unity/LudiqBehaviour.cs using Guid(552f45a311fac42f8906935140290279) Importer(2089858483,b0f066a214c2f5e87bad3c948f4d605d) (ScriptedImporter) -> (artifact id: '2b5b7b7c7ced8bbcfded153bf1645266') in 0.0066155 seconds
Number of updated asset objects reloaded before import = 0Number of asset objects unloaded after import = 0

========================================================================
Received Import Request.
  Time since last request: 0.000028 seconds.
  path: Packages/com.unity.visualscripting/Runtime/VisualScripting.Core/Variables/Variables.cs
  artifactKey: Guid(e741851cba3ad425c91ecf922cc6b379) Importer(2089858483,b0f066a214c2f5e87bad3c948f4d605d)
Start importing Packages/com.unity.visualscripting/Runtime/VisualScripting.Core/Variables/Variables.cs using Guid(e741851cba3ad425c91ecf922cc6b379) Importer(2089858483,b0f066a214c2f5e87bad3c948f4d605d) (ScriptedImporter) -> (artifact id: '60d91023631cf832dca8d646e03df0b5') in 0.0080549 seconds
Number of updated asset objects reloaded before import = 0Number of asset objects unloaded after import = 1

========================================================================
Received Import Request.
  Time since last request: 0.000030 seconds.
  path: Packages/com.unity.visualscripting/Runtime/VisualScripting.Core/Variables/VariableKindAttribute.cs
  artifactKey: Guid(75ea31011c3384cc1b2a331c903c71e8) Importer(2089858483,b0f066a214c2f5e87bad3c948f4d605d)
Start importing Packages/com.unity.visualscripting/Runtime/VisualScripting.Core/Variables/VariableKindAttribute.cs using Guid(75ea31011c3384cc1b2a331c903c71e8) Importer(2089858483,b0f066a214c2f5e87bad3c948f4d605d) (ScriptedImporter) -> (artifact id: '4359e573f04e8313ce406840cc966de6') in 0.0065601 seconds
Number of updated asset objects reloaded before import = 0Number of asset objects unloaded after import = 0

========================================================================
Received Import Request.
  Time since last request: 0.000032 seconds.
  path: Packages/com.unity.visualscripting/Runtime/VisualScripting.Core/Reflection/RuntimeCodebase.cs
  artifactKey: Guid(c28e76000d66b4f64b45aed2d4b6c0fa) Importer(2089858483,b0f066a214c2f5e87bad3c948f4d605d)
Start importing Packages/com.unity.visualscripting/Runtime/VisualScripting.Core/Reflection/RuntimeCodebase.cs using Guid(c28e76000d66b4f64b45aed2d4b6c0fa) Importer(2089858483,b0f066a214c2f5e87bad3c948f4d605d) (ScriptedImporter) -> (artifact id: 'e89df96d645d618b52d7e656524aaa68') in 0.0057103 seconds
Number of updated asset objects reloaded before import = 0Number of asset objects unloaded after import = 0

========================================================================
Received Import Request.
  Time since last request: 0.000039 seconds.
  path: Packages/com.unity.visualscripting/Runtime/VisualScripting.Core/Unity/UnityObjectOwnershipUtility.cs
  artifactKey: Guid(06cf7033246114febb1d5c2f284969a3) Importer(2089858483,b0f066a214c2f5e87bad3c948f4d605d)
Start importing Packages/com.unity.visualscripting/Runtime/VisualScripting.Core/Unity/UnityObjectOwnershipUtility.cs using Guid(06cf7033246114febb1d5c2f284969a3) Importer(2089858483,b0f066a214c2f5e87bad3c948f4d605d) (ScriptedImporter) -> (artifact id: 'e08ce996a61b57f74b05fdd40c4f0d5c') in 0.006461 seconds
Number of updated asset objects reloaded before import = 0Number of asset objects unloaded after import = 0

========================================================================
Received Import Request.
  Time since last request: 0.000021 seconds.
  path: Packages/com.unity.visualscripting/Runtime/VisualScripting.Core/Reflection/MemberUtility.cs
  artifactKey: Guid(e6d26ae946da54f7494be766b3890929) Importer(2089858483,b0f066a214c2f5e87bad3c948f4d605d)
Start importing Packages/com.unity.visualscripting/Runtime/VisualScripting.Core/Reflection/MemberUtility.cs using Guid(e6d26ae946da54f7494be766b3890929) Importer(2089858483,b0f066a214c2f5e87bad3c948f4d605d) (ScriptedImporter) -> (artifact id: 'ce665952fd6db05c3def20a18e17e90c') in 0.0056191 seconds
Number of updated asset objects reloaded before import = 0Number of asset objects unloaded after import = 0

========================================================================
Received Import Request.
  Time since last request: 0.000021 seconds.
  path: Packages/com.unity.visualscripting/Runtime/VisualScripting.Core/Reflection/RenamedFromAttribute.cs
  artifactKey: Guid(6097e4b0631b2461e97752db2131ffee) Importer(2089858483,b0f066a214c2f5e87bad3c948f4d605d)
Start importing Packages/com.unity.visualscripting/Runtime/VisualScripting.Core/Reflection/RenamedFromAttribute.cs using Guid(6097e4b0631b2461e97752db2131ffee) Importer(2089858483,b0f066a214c2f5e87bad3c948f4d605d) (ScriptedImporter) -> (artifact id: 'e1259e2df1585cadfa7cb5246e20c343') in 0.0062249 seconds
Number of updated asset objects reloaded before import = 0Number of asset objects unloaded after import = 0

========================================================================
Received Import Request.
  Time since last request: 0.000020 seconds.
  path: Packages/com.unity.visualscripting/Runtime/VisualScripting.Core/Utilities/CoroutineRunner.cs
  artifactKey: Guid(28cb3597f76b74b39b40b102825752e0) Importer(2089858483,b0f066a214c2f5e87bad3c948f4d605d)
Start importing Packages/com.unity.visualscripting/Runtime/VisualScripting.Core/Utilities/CoroutineRunner.cs using Guid(28cb3597f76b74b39b40b102825752e0) Importer(2089858483,b0f066a214c2f5e87bad3c948f4d605d) (ScriptedImporter) -> (artifact id: '6846b4f938ddf532e71fbc6cfe8a868d') in 0.006265 seconds
Number of updated asset objects reloaded before import = 0Number of asset objects unloaded after import = 0

========================================================================
Received Import Request.
  Time since last request: 0.000039 seconds.
  path: Packages/com.unity.visualscripting/Runtime/VisualScripting.Core/Utilities/ExceptionUtility.cs
  artifactKey: Guid(7f804b6c44a294916b0052bae34a42b7) Importer(2089858483,b0f066a214c2f5e87bad3c948f4d605d)
Start importing Packages/com.unity.visualscripting/Runtime/VisualScripting.Core/Utilities/ExceptionUtility.cs using Guid(7f804b6c44a294916b0052bae34a42b7) Importer(2089858483,b0f066a214c2f5e87bad3c948f4d605d) (ScriptedImporter) -> (artifact id: 'f38d7b1c75657318288cfaa064c30d76') in 0.0050334 seconds
Number of updated asset objects reloaded before import = 0Number of asset objects unloaded after import = 0

========================================================================
Received Import Request.
  Time since last request: 0.000019 seconds.
  path: Packages/com.unity.visualscripting/Runtime/VisualScripting.Core/Variables/VariablesAsset.cs
  artifactKey: Guid(1c63e9930078442aa987ca9a1511ae44) Importer(2089858483,b0f066a214c2f5e87bad3c948f4d605d)
Start importing Packages/com.unity.visualscripting/Runtime/VisualScripting.Core/Variables/VariablesAsset.cs using Guid(1c63e9930078442aa987ca9a1511ae44) Importer(2089858483,b0f066a214c2f5e87bad3c948f4d605d) (ScriptedImporter) -> (artifact id: 'd980cf1a8d8bd20bbe9a1bae13a9030e') in 0.0082682 seconds
Number of updated asset objects reloaded before import = 0Number of asset objects unloaded after import = 1

========================================================================
Received Import Request.
  Time since last request: 0.000027 seconds.
  path: Packages/com.unity.visualscripting/Runtime/VisualScripting.Core/Utilities/ReferenceCollector.cs
  artifactKey: Guid(6641aaf2964f14d2ca96abe794c52929) Importer(2089858483,b0f066a214c2f5e87bad3c948f4d605d)
Start importing Packages/com.unity.visualscripting/Runtime/VisualScripting.Core/Utilities/ReferenceCollector.cs using Guid(6641aaf2964f14d2ca96abe794c52929) Importer(2089858483,b0f066a214c2f5e87bad3c948f4d605d) (ScriptedImporter) -> (artifact id: '5e00b246f58169ff4ffbb768352af1f4') in 0.0048494 seconds
Number of updated asset objects reloaded before import = 0Number of asset objects unloaded after import = 0

========================================================================
Received Import Request.
  Time since last request: 0.000019 seconds.
  path: Packages/com.unity.visualscripting/Runtime/VisualScripting.Core/Utilities/IGettable.cs
  artifactKey: Guid(d9a0487fa0dbe4c4db50cd8d1bb03247) Importer(2089858483,b0f066a214c2f5e87bad3c948f4d605d)
Start importing Packages/com.unity.visualscripting/Runtime/VisualScripting.Core/Utilities/IGettable.cs using Guid(d9a0487fa0dbe4c4db50cd8d1bb03247) Importer(2089858483,b0f066a214c2f5e87bad3c948f4d605d) (ScriptedImporter) -> (artifact id: 'bb3256591f3085c183240b310dd96df9') in 0.0051426 seconds
Number of updated asset objects reloaded before import = 0Number of asset objects unloaded after import = 0

========================================================================
Received Import Request.
  Time since last request: 0.000033 seconds.
  path: Packages/com.unity.visualscripting/Runtime/VisualScripting.Flow/Ports/IUnitValuePortDefinition.cs
  artifactKey: Guid(0f1343d6c8d3242ec84a6409f537028c) Importer(2089858483,b0f066a214c2f5e87bad3c948f4d605d)
Start importing Packages/com.unity.visualscripting/Runtime/VisualScripting.Flow/Ports/IUnitValuePortDefinition.cs using Guid(0f1343d6c8d3242ec84a6409f537028c) Importer(2089858483,b0f066a214c2f5e87bad3c948f4d605d) (ScriptedImporter) -> (artifact id: '2593a61f09e8f5e8a3068596b44e09e8') in 0.0072844 seconds
Number of updated asset objects reloaded before import = 0Number of asset objects unloaded after import = 0

========================================================================
Received Import Request.
  Time since last request: 0.000027 seconds.
  path: Packages/com.unity.visualscripting/Runtime/VisualScripting.Core/Unity/MacroScriptableObject.cs
  artifactKey: Guid(5510687ee5c3845e3915224bb868c9f2) Importer(2089858483,b0f066a214c2f5e87bad3c948f4d605d)
Start importing Packages/com.unity.visualscripting/Runtime/VisualScripting.Core/Unity/MacroScriptableObject.cs using Guid(5510687ee5c3845e3915224bb868c9f2) Importer(2089858483,b0f066a214c2f5e87bad3c948f4d605d) (ScriptedImporter) -> (artifact id: 'ffc3714bffd2d5930a4ca672ca05216c') in 0.0080961 seconds
Number of updated asset objects reloaded before import = 0Number of asset objects unloaded after import = 0

========================================================================
Received Import Request.
  Time since last request: 0.000027 seconds.
  path: Packages/com.unity.visualscripting/Runtime/VisualScripting.Flow/EditorBinding/PortLabelAttribute.cs
  artifactKey: Guid(8b277cd84c6a344269542f249c6feafc) Importer(2089858483,b0f066a214c2f5e87bad3c948f4d605d)
Start importing Packages/com.unity.visualscripting/Runtime/VisualScripting.Flow/EditorBinding/PortLabelAttribute.cs using Guid(8b277cd84c6a344269542f249c6feafc) Importer(2089858483,b0f066a214c2f5e87bad3c948f4d605d) (ScriptedImporter) -> (artifact id: '15063c23d46e8fd1c7393c9e0e8e2f92') in 0.007989 seconds
Number of updated asset objects reloaded before import = 0Number of asset objects unloaded after import = 0

========================================================================
Received Import Request.
  Time since last request: 0.000022 seconds.
  path: Packages/com.unity.visualscripting/Runtime/VisualScripting.Flow/Connections/IUnitConnection.cs
  artifactKey: Guid(dc809ec21d2bf44b983265840a5ed2f4) Importer(2089858483,b0f066a214c2f5e87bad3c948f4d605d)
Start importing Packages/com.unity.visualscripting/Runtime/VisualScripting.Flow/Connections/IUnitConnection.cs using Guid(dc809ec21d2bf44b983265840a5ed2f4) Importer(2089858483,b0f066a214c2f5e87bad3c948f4d605d) (ScriptedImporter) -> (artifact id: '6d371a7f88f25acb2577531faab9c632') in 0.0058791 seconds
Number of updated asset objects reloaded before import = 0Number of asset objects unloaded after import = 0

========================================================================
Received Import Request.
  Time since last request: 0.000043 seconds.
  path: Packages/com.unity.visualscripting/Runtime/VisualScripting.Flow/Ports/ValueOutputDefinition.cs
  artifactKey: Guid(b858c2cddbd0d4f848d749a22fca44e1) Importer(2089858483,b0f066a214c2f5e87bad3c948f4d605d)
Start importing Packages/com.unity.visualscripting/Runtime/VisualScripting.Flow/Ports/ValueOutputDefinition.cs using Guid(b858c2cddbd0d4f848d749a22fca44e1) Importer(2089858483,b0f066a214c2f5e87bad3c948f4d605d) (ScriptedImporter) -> (artifact id: '6aac775ee030267db9321f7014efc648') in 0.0083881 seconds
Number of updated asset objects reloaded before import = 0Number of asset objects unloaded after import = 0

========================================================================
Received Import Request.
  Time since last request: 0.000035 seconds.
  path: Packages/com.unity.visualscripting/Runtime/VisualScripting.Flow/Framework/This.cs
  artifactKey: Guid(6e29f20f744c74b41a726c31b3b4d459) Importer(2089858483,b0f066a214c2f5e87bad3c948f4d605d)
Start importing Packages/com.unity.visualscripting/Runtime/VisualScripting.Flow/Framework/This.cs using Guid(6e29f20f744c74b41a726c31b3b4d459) Importer(2089858483,b0f066a214c2f5e87bad3c948f4d605d) (ScriptedImporter) -> (artifact id: 'e910c5855647606c779aaf21ac9fda64') in 0.0069881 seconds
Number of updated asset objects reloaded before import = 0Number of asset objects unloaded after import = 0

========================================================================
Received Import Request.
  Time since last request: 0.000017 seconds.
  path: Packages/com.unity.visualscripting/Runtime/VisualScripting.Core/Utilities/UnityObjectUtility.cs
  artifactKey: Guid(85f4b970ba57b4bdd9b801cec11a183c) Importer(2089858483,b0f066a214c2f5e87bad3c948f4d605d)
Start importing Packages/com.unity.visualscripting/Runtime/VisualScripting.Core/Utilities/UnityObjectUtility.cs using Guid(85f4b970ba57b4bdd9b801cec11a183c) Importer(2089858483,b0f066a214c2f5e87bad3c948f4d605d) (ScriptedImporter) -> (artifact id: '8c7a688bf115b66ba46c7dbb34b5868c') in 0.0054008 seconds
Number of updated asset objects reloaded before import = 0Number of asset objects unloaded after import = 0

========================================================================
Received Import Request.
  Time since last request: 0.000022 seconds.
  path: Packages/com.unity.visualscripting/Runtime/VisualScripting.Core/Unity/Singleton.cs
  artifactKey: Guid(f45eb13c750f34cc497852f2312d5937) Importer(2089858483,b0f066a214c2f5e87bad3c948f4d605d)
Start importing Packages/com.unity.visualscripting/Runtime/VisualScripting.Core/Unity/Singleton.cs using Guid(f45eb13c750f34cc497852f2312d5937) Importer(2089858483,b0f066a214c2f5e87bad3c948f4d605d) (ScriptedImporter) -> (artifact id: 'a1e1f56009f86de98f61dd7435f5e3e8') in 0.0049887 seconds
Number of updated asset objects reloaded before import = 0Number of asset objects unloaded after import = 0

========================================================================
Received Import Request.
  Time since last request: 0.000033 seconds.
  path: Packages/com.unity.visualscripting/Runtime/VisualScripting.Flow/Ports/IUnitInputPort.cs
  artifactKey: Guid(e96c49c96157144efb11143ae1ccb054) Importer(2089858483,b0f066a214c2f5e87bad3c948f4d605d)
Start importing Packages/com.unity.visualscripting/Runtime/VisualScripting.Flow/Ports/IUnitInputPort.cs using Guid(e96c49c96157144efb11143ae1ccb054) Importer(2089858483,b0f066a214c2f5e87bad3c948f4d605d) (ScriptedImporter) -> (artifact id: 'c3cb33d30e9db0fa3c78ce0d48874dc3') in 0.0047956 seconds
Number of updated asset objects reloaded before import = 0Number of asset objects unloaded after import = 0

========================================================================
Received Import Request.
  Time since last request: 0.000022 seconds.
  path: Packages/com.unity.visualscripting/Runtime/VisualScripting.Core/Variables/InspectorVariableNameAttribute.cs
  artifactKey: Guid(b7ea96f808d5944a5994aab176a2809b) Importer(2089858483,b0f066a214c2f5e87bad3c948f4d605d)
Start importing Packages/com.unity.visualscripting/Runtime/VisualScripting.Core/Variables/InspectorVariableNameAttribute.cs using Guid(b7ea96f808d5944a5994aab176a2809b) Importer(2089858483,b0f066a214c2f5e87bad3c948f4d605d) (ScriptedImporter) -> (artifact id: '84adbacb171e0b7a4f485c29550e5a05') in 0.0052046 seconds
Number of updated asset objects reloaded before import = 0Number of asset objects unloaded after import = 0

========================================================================
Received Import Request.
  Time since last request: 0.000028 seconds.
  path: Packages/com.unity.visualscripting/Runtime/VisualScripting.Core/Variables/IGraphDataWithVariables.cs
  artifactKey: Guid(063c633d54a2c4cc39055f9f31c5824a) Importer(2089858483,b0f066a214c2f5e87bad3c948f4d605d)
Start importing Packages/com.unity.visualscripting/Runtime/VisualScripting.Core/Variables/IGraphDataWithVariables.cs using Guid(063c633d54a2c4cc39055f9f31c5824a) Importer(2089858483,b0f066a214c2f5e87bad3c948f4d605d) (ScriptedImporter) -> (artifact id: 'c5d24c151cb5f62b2548169314e05dfa') in 0.0061104 seconds
Number of updated asset objects reloaded before import = 0Number of asset objects unloaded after import = 0

========================================================================
Received Import Request.
  Time since last request: 0.000021 seconds.
  path: Packages/com.unity.visualscripting/Runtime/VisualScripting.Core/Events/EventHookComparer.cs
  artifactKey: Guid(38b235dd087ab4b8782eee9e958246fc) Importer(2089858483,b0f066a214c2f5e87bad3c948f4d605d)
Start importing Packages/com.unity.visualscripting/Runtime/VisualScripting.Core/Events/EventHookComparer.cs using Guid(38b235dd087ab4b8782eee9e958246fc) Importer(2089858483,b0f066a214c2f5e87bad3c948f4d605d) (ScriptedImporter) -> (artifact id: '9a95464acccfbc8c5ea2f1c7542c4330') in 0.0054072 seconds
Number of updated asset objects reloaded before import = 0Number of asset objects unloaded after import = 0

========================================================================
Received Import Request.
  Time since last request: 0.000036 seconds.
  path: Packages/com.unity.visualscripting/Editor/VisualScripting.State/States/StateDescription.cs
  artifactKey: Guid(e2102ddc23fbd412ca4aaec620483938) Importer(2089858483,b0f066a214c2f5e87bad3c948f4d605d)
Start importing Packages/com.unity.visualscripting/Editor/VisualScripting.State/States/StateDescription.cs using Guid(e2102ddc23fbd412ca4aaec620483938) Importer(2089858483,b0f066a214c2f5e87bad3c948f4d605d) (ScriptedImporter) -> (artifact id: 'e2168a9b804ede4b5acf909e0c5078c1') in 0.00461 seconds
Number of updated asset objects reloaded before import = 0Number of asset objects unloaded after import = 0

========================================================================
Received Import Request.
  Time since last request: 0.000025 seconds.
  path: Packages/com.unity.visualscripting/Runtime/VisualScripting.Core/Serialization/ISerializationDepender.cs
  artifactKey: Guid(ab267aba735c944839ba79767a1955e9) Importer(2089858483,b0f066a214c2f5e87bad3c948f4d605d)
Start importing Packages/com.unity.visualscripting/Runtime/VisualScripting.Core/Serialization/ISerializationDepender.cs using Guid(ab267aba735c944839ba79767a1955e9) Importer(2089858483,b0f066a214c2f5e87bad3c948f4d605d) (ScriptedImporter) -> (artifact id: '3b56aa77149af73de6ad9944285610fb') in 0.00455 seconds
Number of updated asset objects reloaded before import = 0Number of asset objects unloaded after import = 0

========================================================================
Received Import Request.
  Time since last request: 0.000022 seconds.
  path: Packages/com.unity.visualscripting/Runtime/VisualScripting.Core/Graphs/IGraphParent.cs
  artifactKey: Guid(ad05adb7ed2c342ac84cf9a4aafce6fb) Importer(2089858483,b0f066a214c2f5e87bad3c948f4d605d)
Start importing Packages/com.unity.visualscripting/Runtime/VisualScripting.Core/Graphs/IGraphParent.cs using Guid(ad05adb7ed2c342ac84cf9a4aafce6fb) Importer(2089858483,b0f066a214c2f5e87bad3c948f4d605d) (ScriptedImporter) -> (artifact id: '521a67aa7853dbb183128b9e58ff5c3c') in 0.0054363 seconds
Number of updated asset objects reloaded before import = 0Number of asset objects unloaded after import = 0

========================================================================
Received Import Request.
  Time since last request: 0.000024 seconds.
  path: Packages/com.unity.visualscripting/Runtime/VisualScripting.Core/EditorBinding/TypeIconAttribute.cs
  artifactKey: Guid(29396242eef914c45b687518b316a792) Importer(2089858483,b0f066a214c2f5e87bad3c948f4d605d)
Start importing Packages/com.unity.visualscripting/Runtime/VisualScripting.Core/EditorBinding/TypeIconAttribute.cs using Guid(29396242eef914c45b687518b316a792) Importer(2089858483,b0f066a214c2f5e87bad3c948f4d605d) (ScriptedImporter) -> (artifact id: 'ddfff4df6d4d0436045a8e8411bbf4b7') in 0.0083817 seconds
Number of updated asset objects reloaded before import = 0Number of asset objects unloaded after import = 0

========================================================================
Received Import Request.
  Time since last request: 0.000033 seconds.
  path: Packages/com.unity.visualscripting/Runtime/VisualScripting.Core/Variables/SavedVariables.cs
  artifactKey: Guid(ef3cfbade00494fc5b1e96a2b78e4650) Importer(2089858483,b0f066a214c2f5e87bad3c948f4d605d)
Start importing Packages/com.unity.visualscripting/Runtime/VisualScripting.Core/Variables/SavedVariables.cs using Guid(ef3cfbade00494fc5b1e96a2b78e4650) Importer(2089858483,b0f066a214c2f5e87bad3c948f4d605d) (ScriptedImporter) -> (artifact id: '2e1c3b9c31769c229e5142315efac572') in 0.0071796 seconds
Number of updated asset objects reloaded before import = 0Number of asset objects unloaded after import = 0

========================================================================
Received Import Request.
  Time since last request: 0.000025 seconds.
  path: Packages/com.unity.visualscripting/Runtime/VisualScripting.Core/Variables/VariableDeclarationsCloner.cs
  artifactKey: Guid(6689e9a3380e54bd0b495f1c349e25ec) Importer(2089858483,b0f066a214c2f5e87bad3c948f4d605d)
Start importing Packages/com.unity.visualscripting/Runtime/VisualScripting.Core/Variables/VariableDeclarationsCloner.cs using Guid(6689e9a3380e54bd0b495f1c349e25ec) Importer(2089858483,b0f066a214c2f5e87bad3c948f4d605d) (ScriptedImporter) -> (artifact id: '8f0b10d04544fc07f005c038c78e2853') in 0.0075619 seconds
Number of updated asset objects reloaded before import = 0Number of asset objects unloaded after import = 0

========================================================================
Received Import Request.
  Time since last request: 0.000024 seconds.
  path: Packages/com.unity.visualscripting/Runtime/VisualScripting.Core/Machines/IMachine.cs
  artifactKey: Guid(df194c6a0ebd14f2b9e5debcd26784ee) Importer(2089858483,b0f066a214c2f5e87bad3c948f4d605d)
Start importing Packages/com.unity.visualscripting/Runtime/VisualScripting.Core/Machines/IMachine.cs using Guid(df194c6a0ebd14f2b9e5debcd26784ee) Importer(2089858483,b0f066a214c2f5e87bad3c948f4d605d) (ScriptedImporter) -> (artifact id: '0dbb780a6bdc7c097b51502fa4ada618') in 0.0069575 seconds
Number of updated asset objects reloaded before import = 0Number of asset objects unloaded after import = 0

========================================================================
Received Import Request.
  Time since last request: 0.000029 seconds.
  path: Packages/com.unity.visualscripting/Runtime/VisualScripting.Core/Utilities/XColor.cs
  artifactKey: Guid(cc7b71435e995493f8881e16f854d1cf) Importer(2089858483,b0f066a214c2f5e87bad3c948f4d605d)
Start importing Packages/com.unity.visualscripting/Runtime/VisualScripting.Core/Utilities/XColor.cs using Guid(cc7b71435e995493f8881e16f854d1cf) Importer(2089858483,b0f066a214c2f5e87bad3c948f4d605d) (ScriptedImporter) -> (artifact id: 'c3cd740acb6d7e2f33b61676fbd4737e') in 0.0068531 seconds
Number of updated asset objects reloaded before import = 0Number of asset objects unloaded after import = 0

========================================================================
Received Import Request.
  Time since last request: 0.000039 seconds.
  path: Packages/com.unity.visualscripting/Runtime/VisualScripting.Core/Listeners/IGraphEventListener.cs
  artifactKey: Guid(7088189eb90f54b21b67ac37b46cf653) Importer(2089858483,b0f066a214c2f5e87bad3c948f4d605d)
Start importing Packages/com.unity.visualscripting/Runtime/VisualScripting.Core/Listeners/IGraphEventListener.cs using Guid(7088189eb90f54b21b67ac37b46cf653) Importer(2089858483,b0f066a214c2f5e87bad3c948f4d605d) (ScriptedImporter) -> (artifact id: '7cc6eecfd540ee6c27c16fec90765813') in 0.0054157 seconds
Number of updated asset objects reloaded before import = 0Number of asset objects unloaded after import = 0

========================================================================
Received Import Request.
  Time since last request: 0.000020 seconds.
  path: Packages/com.unity.visualscripting/Runtime/VisualScripting.Core/Utilities/OverrideStack.cs
  artifactKey: Guid(648b9d6f371f74db398aa1e83ea0f383) Importer(2089858483,b0f066a214c2f5e87bad3c948f4d605d)
Start importing Packages/com.unity.visualscripting/Runtime/VisualScripting.Core/Utilities/OverrideStack.cs using Guid(648b9d6f371f74db398aa1e83ea0f383) Importer(2089858483,b0f066a214c2f5e87bad3c948f4d605d) (ScriptedImporter) -> (artifact id: '1c3e1328aecfdbfb53bf26f792d3cecb') in 0.0052414 seconds
Number of updated asset objects reloaded before import = 0Number of asset objects unloaded after import = 0

========================================================================
Received Import Request.
  Time since last request: 0.000018 seconds.
  path: Packages/com.unity.visualscripting/Runtime/VisualScripting.Core/Collections/INotifiedCollectionItem.cs
  artifactKey: Guid(ca4bb37a65b7748358d2789431d7aa49) Importer(2089858483,b0f066a214c2f5e87bad3c948f4d605d)
Start importing Packages/com.unity.visualscripting/Runtime/VisualScripting.Core/Collections/INotifiedCollectionItem.cs using Guid(ca4bb37a65b7748358d2789431d7aa49) Importer(2089858483,b0f066a214c2f5e87bad3c948f4d605d) (ScriptedImporter) -> (artifact id: 'd2f9c5e94a526dedc053df9ff349d674') in 0.0052144 seconds
Number of updated asset objects reloaded before import = 0Number of asset objects unloaded after import = 0

========================================================================
Received Import Request.
  Time since last request: 0.000021 seconds.
  path: Packages/com.unity.visualscripting/Editor/VisualScripting.Core/Dependencies/ReorderableList/ReorderableListGUI.cs
  artifactKey: Guid(7d3e2a18b9bb54141a07f1c5bb0bf698) Importer(2089858483,b0f066a214c2f5e87bad3c948f4d605d)
Start importing Packages/com.unity.visualscripting/Editor/VisualScripting.Core/Dependencies/ReorderableList/ReorderableListGUI.cs using Guid(7d3e2a18b9bb54141a07f1c5bb0bf698) Importer(2089858483,b0f066a214c2f5e87bad3c948f4d605d) (ScriptedImporter) -> (artifact id: '65d255683245ecbc0497fb1c71a1951b') in 0.0064704 seconds
Number of updated asset objects reloaded before import = 0Number of asset objects unloaded after import = 0

========================================================================
Received Import Request.
  Time since last request: 0.000030 seconds.
  path: Packages/com.unity.visualscripting/Editor/VisualScripting.Core/Windows/AboutWindow/AboutPluginsPage.cs
  artifactKey: Guid(f85316f4890b54d289162bff61f2ecaa) Importer(2089858483,b0f066a214c2f5e87bad3c948f4d605d)
Start importing Packages/com.unity.visualscripting/Editor/VisualScripting.Core/Windows/AboutWindow/AboutPluginsPage.cs using Guid(f85316f4890b54d289162bff61f2ecaa) Importer(2089858483,b0f066a214c2f5e87bad3c948f4d605d) (ScriptedImporter) -> (artifact id: 'ab400a38c8de22e12982a1a1b05d9829') in 0.0060001 seconds
Number of updated asset objects reloaded before import = 0Number of asset objects unloaded after import = 0

========================================================================
Received Import Request.
  Time since last request: 0.000018 seconds.
  path: Packages/com.unity.visualscripting/Editor/VisualScripting.Core/Inspection/Unity/RectInspector.cs
  artifactKey: Guid(bd0ff5dee24964acaa3b0a7f63a98511) Importer(2089858483,b0f066a214c2f5e87bad3c948f4d605d)
Start importing Packages/com.unity.visualscripting/Editor/VisualScripting.Core/Inspection/Unity/RectInspector.cs using Guid(bd0ff5dee24964acaa3b0a7f63a98511) Importer(2089858483,b0f066a214c2f5e87bad3c948f4d605d) (ScriptedImporter) -> (artifact id: 'd8123fe45251ec7aeacf8367d30dac2a') in 0.0058805 seconds
Number of updated asset objects reloaded before import = 0Number of asset objects unloaded after import = 0

========================================================================
Received Import Request.
  Time since last request: 0.000024 seconds.
  path: Packages/com.unity.visualscripting/Editor/VisualScripting.Core/Plugin/Migrations/Migration_1_4_0_f5_to_1_4_0_f6.cs
  artifactKey: Guid(bb972bdab79214531b8b1aa2e5cf2780) Importer(2089858483,b0f066a214c2f5e87bad3c948f4d605d)
Start importing Packages/com.unity.visualscripting/Editor/VisualScripting.Core/Plugin/Migrations/Migration_1_4_0_f5_to_1_4_0_f6.cs using Guid(bb972bdab79214531b8b1aa2e5cf2780) Importer(2089858483,b0f066a214c2f5e87bad3c948f4d605d) (ScriptedImporter) -> (artifact id: '01b1a049cfc31654ea9c44295e03c6c4') in 0.0043662 seconds
Number of updated asset objects reloaded before import = 0Number of asset objects unloaded after import = 0

========================================================================
Received Import Request.
  Time since last request: 0.000022 seconds.
  path: Packages/com.unity.visualscripting/Editor/VisualScripting.Core/Interface/DragAndDrop/IDragAndDropHandler.cs
  artifactKey: Guid(fac855c584e6543fd9c9e5b09d9012a3) Importer(2089858483,b0f066a214c2f5e87bad3c948f4d605d)
Start importing Packages/com.unity.visualscripting/Editor/VisualScripting.Core/Interface/DragAndDrop/IDragAndDropHandler.cs using Guid(fac855c584e6543fd9c9e5b09d9012a3) Importer(2089858483,b0f066a214c2f5e87bad3c948f4d605d) (ScriptedImporter) -> (artifact id: '8d5b496370a7b90d33a8ce2b9f37afb9') in 0.0054999 seconds
Number of updated asset objects reloaded before import = 0Number of asset objects unloaded after import = 0

========================================================================
Received Import Request.
  Time since last request: 0.000049 seconds.
  path: Packages/com.unity.visualscripting/Editor/VisualScripting.Core/Inspection/Unity/RayInspector.cs
  artifactKey: Guid(51ae77a92c68947a9ba12e546993c0de) Importer(2089858483,b0f066a214c2f5e87bad3c948f4d605d)
Start importing Packages/com.unity.visualscripting/Editor/VisualScripting.Core/Inspection/Unity/RayInspector.cs using Guid(51ae77a92c68947a9ba12e546993c0de) Importer(2089858483,b0f066a214c2f5e87bad3c948f4d605d) (ScriptedImporter) -> (artifact id: '92b51a9a4fbf85de856b32fc57f63640') in 0.0071446 seconds
Number of updated asset objects reloaded before import = 0Number of asset objects unloaded after import = 0

========================================================================
Received Import Request.
  Time since last request: 0.000040 seconds.
  path: Packages/com.unity.visualscripting/Editor/VisualScripting.Core/Inspection/Root/LudiqBehaviourEditor.cs
  artifactKey: Guid(d5df715e0fb304b9088d02ee6d704bab) Importer(2089858483,b0f066a214c2f5e87bad3c948f4d605d)
Start importing Packages/com.unity.visualscripting/Editor/VisualScripting.Core/Inspection/Root/LudiqBehaviourEditor.cs using Guid(d5df715e0fb304b9088d02ee6d704bab) Importer(2089858483,b0f066a214c2f5e87bad3c948f4d605d) (ScriptedImporter) -> (artifact id: '9048d304381393ca1e5392d4ef9c8c29') in 0.0073828 seconds
Number of updated asset objects reloaded before import = 0Number of asset objects unloaded after import = 0

========================================================================
Received Import Request.
  Time since last request: 0.000025 seconds.
  path: Packages/com.unity.visualscripting/Editor/VisualScripting.Core/Plugin/Migrations/Migration_1_6_to_1_7.cs
  artifactKey: Guid(2dae996166af70e49b6652932ddbedcd) Importer(2089858483,b0f066a214c2f5e87bad3c948f4d605d)
Start importing Packages/com.unity.visualscripting/Editor/VisualScripting.Core/Plugin/Migrations/Migration_1_6_to_1_7.cs using Guid(2dae996166af70e49b6652932ddbedcd) Importer(2089858483,b0f066a214c2f5e87bad3c948f4d605d) (ScriptedImporter) -> (artifact id: 'a34e753853ade448dd3d932c2541b32a') in 0.0053924 seconds
Number of updated asset objects reloaded before import = 0Number of asset objects unloaded after import = 0

========================================================================
Received Import Request.
  Time since last request: 0.000035 seconds.
  path: Packages/com.unity.visualscripting/Editor/VisualScripting.Core/Inspection/Unity/LayerMaskInspector.cs
  artifactKey: Guid(a28519bc652a74f2aa1b46beb5ceea14) Importer(2089858483,b0f066a214c2f5e87bad3c948f4d605d)
Start importing Packages/com.unity.visualscripting/Editor/VisualScripting.Core/Inspection/Unity/LayerMaskInspector.cs using Guid(a28519bc652a74f2aa1b46beb5ceea14) Importer(2089858483,b0f066a214c2f5e87bad3c948f4d605d) (ScriptedImporter) -> (artifact id: '4b9190f441195d43bb1afc27ecdf469e') in 0.0056312 seconds
Number of updated asset objects reloaded before import = 0Number of asset objects unloaded after import = 0

========================================================================
Received Import Request.
  Time since last request: 0.000021 seconds.
  path: Packages/com.unity.visualscripting/Editor/VisualScripting.Core/Plugin/Changelogs/Changelog_1_0_0.cs
  artifactKey: Guid(99bbaf493792745ccb2ac5f33bc21207) Importer(2089858483,b0f066a214c2f5e87bad3c948f4d605d)
Start importing Packages/com.unity.visualscripting/Editor/VisualScripting.Core/Plugin/Changelogs/Changelog_1_0_0.cs using Guid(99bbaf493792745ccb2ac5f33bc21207) Importer(2089858483,b0f066a214c2f5e87bad3c948f4d605d) (ScriptedImporter) -> (artifact id: '39724684da07211769b31560caa8cf61') in 0.0068063 seconds
Number of updated asset objects reloaded before import = 0Number of asset objects unloaded after import = 0

========================================================================
Received Import Request.
  Time since last request: 0.000025 seconds.
  path: Packages/com.unity.visualscripting/Editor/VisualScripting.Core/Dependencies/ReorderableList/SerializedPropertyAdaptor.cs
  artifactKey: Guid(f6999efe55d11486794f74d92f29a41a) Importer(2089858483,b0f066a214c2f5e87bad3c948f4d605d)
Start importing Packages/com.unity.visualscripting/Editor/VisualScripting.Core/Dependencies/ReorderableList/SerializedPropertyAdaptor.cs using Guid(f6999efe55d11486794f74d92f29a41a) Importer(2089858483,b0f066a214c2f5e87bad3c948f4d605d) (ScriptedImporter) -> (artifact id: '2c1ce20cd67ec63d965ad0648c7c6959') in 0.0062991 seconds
Number of updated asset objects reloaded before import = 0Number of asset objects unloaded after import = 0

========================================================================
Received Import Request.
  Time since last request: 0.000036 seconds.
  path: Packages/com.unity.visualscripting/Editor/VisualScripting.Core/Inspection/Unity/BoundsInspector.cs
  artifactKey: Guid(6c68ed8f399a44041b70f1d22e0a7ae5) Importer(2089858483,b0f066a214c2f5e87bad3c948f4d605d)
Start importing Packages/com.unity.visualscripting/Editor/VisualScripting.Core/Inspection/Unity/BoundsInspector.cs using Guid(6c68ed8f399a44041b70f1d22e0a7ae5) Importer(2089858483,b0f066a214c2f5e87bad3c948f4d605d) (ScriptedImporter) -> (artifact id: '0e26f14b3a21e54d153a65f9848bbe31') in 0.0059652 seconds
Number of updated asset objects reloaded before import = 0Number of asset objects unloaded after import = 0

========================================================================
Received Import Request.
  Time since last request: 0.000049 seconds.
  path: Packages/com.unity.visualscripting/Editor/VisualScripting.Core/Plugin/Changelogs/Changelog_1_3_0.cs
  artifactKey: Guid(a6fb76c72b5d847cba0072c4c58c2106) Importer(2089858483,b0f066a214c2f5e87bad3c948f4d605d)
Start importing Packages/com.unity.visualscripting/Editor/VisualScripting.Core/Plugin/Changelogs/Changelog_1_3_0.cs using Guid(a6fb76c72b5d847cba0072c4c58c2106) Importer(2089858483,b0f066a214c2f5e87bad3c948f4d605d) (ScriptedImporter) -> (artifact id: '1082217413507d32e08640f30bc55f4f') in 0.0079919 seconds
Number of updated asset objects reloaded before import = 0Number of asset objects unloaded after import = 0

========================================================================
Received Import Request.
  Time since last request: 0.000022 seconds.
  path: Packages/com.unity.visualscripting/Editor/VisualScripting.Core/Windows/AboutWindow/AboutablePage.cs
  artifactKey: Guid(3b771a374985f491095b3fc2ffdd1c72) Importer(2089858483,b0f066a214c2f5e87bad3c948f4d605d)
Start importing Packages/com.unity.visualscripting/Editor/VisualScripting.Core/Windows/AboutWindow/AboutablePage.cs using Guid(3b771a374985f491095b3fc2ffdd1c72) Importer(2089858483,b0f066a214c2f5e87bad3c948f4d605d) (ScriptedImporter) -> (artifact id: '5c97de7a2bf2b3b2c56b4db17a635eab') in 0.0045962 seconds
Number of updated asset objects reloaded before import = 0Number of asset objects unloaded after import = 0

========================================================================
Received Import Request.
  Time since last request: 0.000022 seconds.
  path: Packages/com.unity.visualscripting/Editor/VisualScripting.Core/Interface/DragAndDrop/DragAndDropUtility.cs
  artifactKey: Guid(517cc16f7020f48b2a925cb55711399a) Importer(2089858483,b0f066a214c2f5e87bad3c948f4d605d)
Start importing Packages/com.unity.visualscripting/Editor/VisualScripting.Core/Interface/DragAndDrop/DragAndDropUtility.cs using Guid(517cc16f7020f48b2a925cb55711399a) Importer(2089858483,b0f066a214c2f5e87bad3c948f4d605d) (ScriptedImporter) -> (artifact id: 'f0bd0d02f4f26f817780e5ba242e0828') in 0.0051763 seconds
Number of updated asset objects reloaded before import = 0Number of asset objects unloaded after import = 0

========================================================================
Received Import Request.
  Time since last request: 0.000031 seconds.
  path: Packages/com.unity.visualscripting/Editor/VisualScripting.Core/Plugin/Acknowledgements/Acknowledgement_DotNetZip.cs
  artifactKey: Guid(5b3e9ef4d6fa745eb9786ad61f89e0a0) Importer(2089858483,b0f066a214c2f5e87bad3c948f4d605d)
Start importing Packages/com.unity.visualscripting/Editor/VisualScripting.Core/Plugin/Acknowledgements/Acknowledgement_DotNetZip.cs using Guid(5b3e9ef4d6fa745eb9786ad61f89e0a0) Importer(2089858483,b0f066a214c2f5e87bad3c948f4d605d) (ScriptedImporter) -> (artifact id: '8621889ca199a9c516e37ba708b82223') in 0.0051307 seconds
Number of updated asset objects reloaded before import = 0Number of asset objects unloaded after import = 0

========================================================================
Received Import Request.
  Time since last request: 0.000039 seconds.
  path: Packages/com.unity.visualscripting/Editor/VisualScripting.Core/Plugin/Acknowledgements/Acknowledgement_ReorderableList.cs
  artifactKey: Guid(d6155b53651fc43789211e7358be1307) Importer(2089858483,b0f066a214c2f5e87bad3c948f4d605d)
Start importing Packages/com.unity.visualscripting/Editor/VisualScripting.Core/Plugin/Acknowledgements/Acknowledgement_ReorderableList.cs using Guid(d6155b53651fc43789211e7358be1307) Importer(2089858483,b0f066a214c2f5e87bad3c948f4d605d) (ScriptedImporter) -> (artifact id: 'b7e1082eca485723c3e45b20088650a9') in 0.0055679 seconds
Number of updated asset objects reloaded before import = 0Number of asset objects unloaded after import = 0

========================================================================
Received Import Request.
  Time since last request: 0.000022 seconds.
  path: Packages/com.unity.visualscripting/Editor/VisualScripting.Core/Widgets/Groups/GraphGroupEditor.cs
  artifactKey: Guid(209e93e288ea84609abf77605cd8474a) Importer(2089858483,b0f066a214c2f5e87bad3c948f4d605d)
Start importing Packages/com.unity.visualscripting/Editor/VisualScripting.Core/Widgets/Groups/GraphGroupEditor.cs using Guid(209e93e288ea84609abf77605cd8474a) Importer(2089858483,b0f066a214c2f5e87bad3c948f4d605d) (ScriptedImporter) -> (artifact id: 'fd18e7bde0e46538b3a5a9448a1d1b13') in 0.0048567 seconds
Number of updated asset objects reloaded before import = 0Number of asset objects unloaded after import = 0

========================================================================
Received Import Request.
  Time since last request: 0.000023 seconds.
  path: Packages/com.unity.visualscripting/Editor/VisualScripting.Core/Widgets/Nodes/INodeWidget.cs
  artifactKey: Guid(dd1e4515b4c57487db3f7b4ff369a238) Importer(2089858483,b0f066a214c2f5e87bad3c948f4d605d)
Start importing Packages/com.unity.visualscripting/Editor/VisualScripting.Core/Widgets/Nodes/INodeWidget.cs using Guid(dd1e4515b4c57487db3f7b4ff369a238) Importer(2089858483,b0f066a214c2f5e87bad3c948f4d605d) (ScriptedImporter) -> (artifact id: '6b0236fe1aff0ef764a18ed06f1383b4') in 0.0048251 seconds
Number of updated asset objects reloaded before import = 0Number of asset objects unloaded after import = 0

========================================================================
Received Import Request.
  Time since last request: 0.000028 seconds.
  path: Packages/com.unity.visualscripting/Editor/VisualScripting.Core/Interface/Licenses/License.MIT.cs
  artifactKey: Guid(3ccf7c963ed3144518e774dd9b70457a) Importer(2089858483,b0f066a214c2f5e87bad3c948f4d605d)
Start importing Packages/com.unity.visualscripting/Editor/VisualScripting.Core/Interface/Licenses/License.MIT.cs using Guid(3ccf7c963ed3144518e774dd9b70457a) Importer(2089858483,b0f066a214c2f5e87bad3c948f4d605d) (ScriptedImporter) -> (artifact id: '0d558660a3ec84bd43505bb667771118') in 0.0048257 seconds
Number of updated asset objects reloaded before import = 0Number of asset objects unloaded after import = 0

========================================================================
Received Import Request.
  Time since last request: 0.000037 seconds.
  path: Packages/com.unity.visualscripting/Editor/VisualScripting.Core/Interface/Fuzzy/FuzzyOptionAttribute.cs
  artifactKey: Guid(4826d0beab92e472fb2eaf9c95515fc4) Importer(2089858483,b0f066a214c2f5e87bad3c948f4d605d)
Start importing Packages/com.unity.visualscripting/Editor/VisualScripting.Core/Interface/Fuzzy/FuzzyOptionAttribute.cs using Guid(4826d0beab92e472fb2eaf9c95515fc4) Importer(2089858483,b0f066a214c2f5e87bad3c948f4d605d) (ScriptedImporter) -> (artifact id: 'e71c5ead3cc24146ef1ab8edfc36e2cb') in 0.0049776 seconds
Number of updated asset objects reloaded before import = 0Number of asset objects unloaded after import = 0

========================================================================
Received Import Request.
  Time since last request: 0.000035 seconds.
  path: Packages/com.unity.visualscripting/Editor/VisualScripting.Core/Inspection/Primitives/ContinuousNumberDrawer.cs
  artifactKey: Guid(74b7634d1929f4524b4c4510cc5e84d3) Importer(2089858483,b0f066a214c2f5e87bad3c948f4d605d)
Start importing Packages/com.unity.visualscripting/Editor/VisualScripting.Core/Inspection/Primitives/ContinuousNumberDrawer.cs using Guid(74b7634d1929f4524b4c4510cc5e84d3) Importer(2089858483,b0f066a214c2f5e87bad3c948f4d605d) (ScriptedImporter) -> (artifact id: '5509b2fb648a299f815b8f3a5508d520') in 0.0059691 seconds
Number of updated asset objects reloaded before import = 0Number of asset objects unloaded after import = 0

========================================================================
Received Import Request.
  Time since last request: 0.000037 seconds.
  path: Packages/com.unity.visualscripting/Editor/VisualScripting.Core/Inspection/Primitives/DecimalInspector.cs
  artifactKey: Guid(ffbbdd502563b4455a0d6b25a0300e23) Importer(2089858483,b0f066a214c2f5e87bad3c948f4d605d)
Start importing Packages/com.unity.visualscripting/Editor/VisualScripting.Core/Inspection/Primitives/DecimalInspector.cs using Guid(ffbbdd502563b4455a0d6b25a0300e23) Importer(2089858483,b0f066a214c2f5e87bad3c948f4d605d) (ScriptedImporter) -> (artifact id: 'e4a775439d1badfdb10d440c8bb3b620') in 0.0047597 seconds
Number of updated asset objects reloaded before import = 0Number of asset objects unloaded after import = 0

========================================================================
Received Import Request.
  Time since last request: 0.000027 seconds.
  path: Packages/com.unity.visualscripting/Editor/VisualScripting.Core/Interface/Fuzzy/FuzzyGroup.cs
  artifactKey: Guid(85acbc8bef66c4f4da1b54e0cef6d30d) Importer(2089858483,b0f066a214c2f5e87bad3c948f4d605d)
Start importing Packages/com.unity.visualscripting/Editor/VisualScripting.Core/Interface/Fuzzy/FuzzyGroup.cs using Guid(85acbc8bef66c4f4da1b54e0cef6d30d) Importer(2089858483,b0f066a214c2f5e87bad3c948f4d605d) (ScriptedImporter) -> (artifact id: '9b3964212a514dce58e5c16fce897b23') in 0.0060411 seconds
Number of updated asset objects reloaded before import = 0Number of asset objects unloaded after import = 0

========================================================================
Received Import Request.
  Time since last request: 0.000051 seconds.
  path: Packages/com.unity.visualscripting/Editor/VisualScripting.Core/Windows/AboutWindow/ChangelogPage.cs
  artifactKey: Guid(8af71300e06234be5a54dbdf389498ba) Importer(2089858483,b0f066a214c2f5e87bad3c948f4d605d)
Start importing Packages/com.unity.visualscripting/Editor/VisualScripting.Core/Windows/AboutWindow/ChangelogPage.cs using Guid(8af71300e06234be5a54dbdf389498ba) Importer(2089858483,b0f066a214c2f5e87bad3c948f4d605d) (ScriptedImporter) -> (artifact id: '7e87c36a9a9ca75399b94cf7f8081ae2') in 0.0061401 seconds
Number of updated asset objects reloaded before import = 0Number of asset objects unloaded after import = 0

========================================================================
Received Import Request.
  Time since last request: 0.000029 seconds.
  path: Packages/com.unity.visualscripting/Editor/VisualScripting.Core/Inspection/Special/AutomaticReflectedInspector.cs
  artifactKey: Guid(7143c53fbfd0141e4bbedd6bb2f325ae) Importer(2089858483,b0f066a214c2f5e87bad3c948f4d605d)
Start importing Packages/com.unity.visualscripting/Editor/VisualScripting.Core/Inspection/Special/AutomaticReflectedInspector.cs using Guid(7143c53fbfd0141e4bbedd6bb2f325ae) Importer(2089858483,b0f066a214c2f5e87bad3c948f4d605d) (ScriptedImporter) -> (artifact id: '2452c6aa2b77869638f5b873e40b85ff') in 0.00684 seconds
Number of updated asset objects reloaded before import = 0Number of asset objects unloaded after import = 0

========================================================================
Received Import Request.
  Time since last request: 0.000030 seconds.
  path: Packages/com.unity.visualscripting/Editor/VisualScripting.Core/Interface/Licenses/License.Iconmonstr.cs
  artifactKey: Guid(8ea491376021a4ec7b74a97c22e6ba82) Importer(2089858483,b0f066a214c2f5e87bad3c948f4d605d)
Start importing Packages/com.unity.visualscripting/Editor/VisualScripting.Core/Interface/Licenses/License.Iconmonstr.cs using Guid(8ea491376021a4ec7b74a97c22e6ba82) Importer(2089858483,b0f066a214c2f5e87bad3c948f4d605d) (ScriptedImporter) -> (artifact id: '245c37121d5935b9e3a5cb0a8a4d3d01') in 0.0069764 seconds
Number of updated asset objects reloaded before import = 0Number of asset objects unloaded after import = 0

========================================================================
Received Import Request.
  Time since last request: 0.000026 seconds.
  path: Packages/com.unity.visualscripting/Editor/VisualScripting.Core/Inspection/Unity/QuaternionInspector.cs
  artifactKey: Guid(880a7ce0f5a11478aa7d0601a21a77de) Importer(2089858483,b0f066a214c2f5e87bad3c948f4d605d)
Start importing Packages/com.unity.visualscripting/Editor/VisualScripting.Core/Inspection/Unity/QuaternionInspector.cs using Guid(880a7ce0f5a11478aa7d0601a21a77de) Importer(2089858483,b0f066a214c2f5e87bad3c948f4d605d) (ScriptedImporter) -> (artifact id: '60a7c978407bccb29e40303cfb4b9875') in 0.0093714 seconds
Number of updated asset objects reloaded before import = 0Number of asset objects unloaded after import = 0

========================================================================
Received Import Request.
  Time since last request: 0.000046 seconds.
  path: Packages/com.unity.visualscripting/Editor/VisualScripting.Core/Inspection/Primitives/BoolInspector.cs
  artifactKey: Guid(e380bf94909cd4a31bf16f045cb2b50e) Importer(2089858483,b0f066a214c2f5e87bad3c948f4d605d)
Start importing Packages/com.unity.visualscripting/Editor/VisualScripting.Core/Inspection/Primitives/BoolInspector.cs using Guid(e380bf94909cd4a31bf16f045cb2b50e) Importer(2089858483,b0f066a214c2f5e87bad3c948f4d605d) (ScriptedImporter) -> (artifact id: 'ff7d07aa21d7174ab60935ceb3101839') in 0.0058878 seconds
Number of updated asset objects reloaded before import = 0Number of asset objects unloaded after import = 0

========================================================================
Received Import Request.
  Time since last request: 0.000028 seconds.
  path: Packages/com.unity.visualscripting/Editor/VisualScripting.Core/Widgets/Nodes/NodeColor.cs
  artifactKey: Guid(4489178f06f7f48fb8bda40c4145893e) Importer(2089858483,b0f066a214c2f5e87bad3c948f4d605d)
Start importing Packages/com.unity.visualscripting/Editor/VisualScripting.Core/Widgets/Nodes/NodeColor.cs using Guid(4489178f06f7f48fb8bda40c4145893e) Importer(2089858483,b0f066a214c2f5e87bad3c948f4d605d) (ScriptedImporter) -> (artifact id: 'b71ca47895d1fda84e12600a49369026') in 0.0062281 seconds
Number of updated asset objects reloaded before import = 0Number of asset objects unloaded after import = 0

========================================================================
Received Import Request.
  Time since last request: 0.000027 seconds.
  path: Packages/com.unity.visualscripting/Editor/VisualScripting.Core/Inspection/Primitives/FloatInspector.cs
  artifactKey: Guid(ba0f9ae46aac5470e8f6183ca6f2a4c0) Importer(2089858483,b0f066a214c2f5e87bad3c948f4d605d)
Start importing Packages/com.unity.visualscripting/Editor/VisualScripting.Core/Inspection/Primitives/FloatInspector.cs using Guid(ba0f9ae46aac5470e8f6183ca6f2a4c0) Importer(2089858483,b0f066a214c2f5e87bad3c948f4d605d) (ScriptedImporter) -> (artifact id: '817eb7e44b2c3cc910cd2b7b4fad8f93') in 0.00741 seconds
Number of updated asset objects reloaded before import = 0Number of asset objects unloaded after import = 0

========================================================================
Received Import Request.
  Time since last request: 0.000023 seconds.
  path: Packages/com.unity.visualscripting/Runtime/VisualScripting.Flow/Connections/UnitConnection.cs
  artifactKey: Guid(1a8cc9b6e18b84c82a16ca1d5ae11643) Importer(2089858483,b0f066a214c2f5e87bad3c948f4d605d)
Start importing Packages/com.unity.visualscripting/Runtime/VisualScripting.Flow/Connections/UnitConnection.cs using Guid(1a8cc9b6e18b84c82a16ca1d5ae11643) Importer(2089858483,b0f066a214c2f5e87bad3c948f4d605d) (ScriptedImporter) -> (artifact id: '4fdc6b9e28a223b2d9230ccf7e05a3e2') in 0.0075445 seconds
Number of updated asset objects reloaded before import = 0Number of asset objects unloaded after import = 0

========================================================================
Received Import Request.
  Time since last request: 0.000032 seconds.
  path: Packages/com.unity.visualscripting/Editor/VisualScripting.Core/Inspection/Primitives/SbyteInspector.cs
  artifactKey: Guid(a798b862179da4bd395de14445af1534) Importer(2089858483,b0f066a214c2f5e87bad3c948f4d605d)
Start importing Packages/com.unity.visualscripting/Editor/VisualScripting.Core/Inspection/Primitives/SbyteInspector.cs using Guid(a798b862179da4bd395de14445af1534) Importer(2089858483,b0f066a214c2f5e87bad3c948f4d605d) (ScriptedImporter) -> (artifact id: '3de931a6b08653f92ddfc7ea42df1e42') in 0.0065549 seconds
Number of updated asset objects reloaded before import = 0Number of asset objects unloaded after import = 0

========================================================================
Received Import Request.
  Time since last request: 0.000030 seconds.
  path: Packages/com.unity.visualscripting/Editor/VisualScripting.Core/Plugin/Migrations/Migration_Asset_to_Package.cs
  artifactKey: Guid(413fd83b3801f0544a144089f595fb44) Importer(2089858483,b0f066a214c2f5e87bad3c948f4d605d)
Start importing Packages/com.unity.visualscripting/Editor/VisualScripting.Core/Plugin/Migrations/Migration_Asset_to_Package.cs using Guid(413fd83b3801f0544a144089f595fb44) Importer(2089858483,b0f066a214c2f5e87bad3c948f4d605d) (ScriptedImporter) -> (artifact id: 'b35187afa39fe5395fef90fd2f25c1f7') in 0.0067207 seconds
Number of updated asset objects reloaded before import = 0Number of asset objects unloaded after import = 0

========================================================================
Received Import Request.
  Time since last request: 0.000038 seconds.
  path: Packages/com.unity.visualscripting/Editor/VisualScripting.Flow/Framework/Variables/SetVariableOption.cs
  artifactKey: Guid(cd2f617869e234f6cb53a5cd2a097fc3) Importer(2089858483,b0f066a214c2f5e87bad3c948f4d605d)
Start importing Packages/com.unity.visualscripting/Editor/VisualScripting.Flow/Framework/Variables/SetVariableOption.cs using Guid(cd2f617869e234f6cb53a5cd2a097fc3) Importer(2089858483,b0f066a214c2f5e87bad3c948f4d605d) (ScriptedImporter) -> (artifact id: 'e1e0ef1646b208e11665f9abbf1cdcb8') in 0.0068964 seconds
Number of updated asset objects reloaded before import = 0Number of asset objects unloaded after import = 0

========================================================================
Received Import Request.
  Time since last request: 0.000038 seconds.
  path: Packages/com.unity.visualscripting/Editor/VisualScripting.Flow/Framework/Codebase/ExposeOption.cs
  artifactKey: Guid(e5deae2e654bb4bc086635b77b883b36) Importer(2089858483,b0f066a214c2f5e87bad3c948f4d605d)
Start importing Packages/com.unity.visualscripting/Editor/VisualScripting.Flow/Framework/Codebase/ExposeOption.cs using Guid(e5deae2e654bb4bc086635b77b883b36) Importer(2089858483,b0f066a214c2f5e87bad3c948f4d605d) (ScriptedImporter) -> (artifact id: '3d2c0d0f2b11e3c6105478fc399e0fe6') in 0.007229 seconds
Number of updated asset objects reloaded before import = 0Number of asset objects unloaded after import = 0

========================================================================
Received Import Request.
  Time since last request: 0.000040 seconds.
  path: Packages/com.unity.visualscripting/Editor/VisualScripting.Flow/Plugin/Changelogs/Changelog_1_4_5.cs
  artifactKey: Guid(fe62cdbe023904f03b225f9b246fc5f6) Importer(2089858483,b0f066a214c2f5e87bad3c948f4d605d)
Start importing Packages/com.unity.visualscripting/Editor/VisualScripting.Flow/Plugin/Changelogs/Changelog_1_4_5.cs using Guid(fe62cdbe023904f03b225f9b246fc5f6) Importer(2089858483,b0f066a214c2f5e87bad3c948f4d605d) (ScriptedImporter) -> (artifact id: '98e37c8fb2cd2819a9bb5c8be199ff5b') in 0.0072244 seconds
Number of updated asset objects reloaded before import = 0Number of asset objects unloaded after import = 0

========================================================================
Received Import Request.
  Time since last request: 0.000024 seconds.
  path: Packages/com.unity.visualscripting/Editor/VisualScripting.Flow/Framework/Codebase/LiteralInspector.cs
  artifactKey: Guid(0de8b1e3472c14ae99456cce529e933c) Importer(2089858483,b0f066a214c2f5e87bad3c948f4d605d)
Start importing Packages/com.unity.visualscripting/Editor/VisualScripting.Flow/Framework/Codebase/LiteralInspector.cs using Guid(0de8b1e3472c14ae99456cce529e933c) Importer(2089858483,b0f066a214c2f5e87bad3c948f4d605d) (ScriptedImporter) -> (artifact id: '63a3f3f5a16ff2ba66fa0fcc1100b33f') in 0.0055068 seconds
Number of updated asset objects reloaded before import = 0Number of asset objects unloaded after import = 0

========================================================================
Received Import Request.
  Time since last request: 0.000020 seconds.
  path: Packages/com.unity.visualscripting/Editor/VisualScripting.Flow/Plugin/Changelogs/Changelog_1_2_0.cs
  artifactKey: Guid(60fc7941912584779820b794c8661bca) Importer(2089858483,b0f066a214c2f5e87bad3c948f4d605d)
Start importing Packages/com.unity.visualscripting/Editor/VisualScripting.Flow/Plugin/Changelogs/Changelog_1_2_0.cs using Guid(60fc7941912584779820b794c8661bca) Importer(2089858483,b0f066a214c2f5e87bad3c948f4d605d) (ScriptedImporter) -> (artifact id: 'f99230b36be4c6c897ca4de5132887f2') in 0.006836 seconds
Number of updated asset objects reloaded before import = 0Number of asset objects unloaded after import = 0

========================================================================
Received Import Request.
  Time since last request: 0.000036 seconds.
  path: Packages/com.unity.visualscripting/Runtime/VisualScripting.Core/Cloning/Cloners/ListCloner.cs
  artifactKey: Guid(cfddb429b323a4b0eb5bbfb7c5ef6ac0) Importer(2089858483,b0f066a214c2f5e87bad3c948f4d605d)
Start importing Packages/com.unity.visualscripting/Runtime/VisualScripting.Core/Cloning/Cloners/ListCloner.cs using Guid(cfddb429b323a4b0eb5bbfb7c5ef6ac0) Importer(2089858483,b0f066a214c2f5e87bad3c948f4d605d) (ScriptedImporter) -> (artifact id: '037f09b0971070ae1102acb6d5490ed6') in 0.0070063 seconds
Number of updated asset objects reloaded before import = 0Number of asset objects unloaded after import = 0

========================================================================
Received Import Request.
  Time since last request: 0.000057 seconds.
  path: Packages/com.unity.visualscripting/Editor/VisualScripting.Flow/Plugin/Changelogs/Changelog_1_0_3.cs
  artifactKey: Guid(6ecc2f8b70abd4db6b68b36debb70605) Importer(2089858483,b0f066a214c2f5e87bad3c948f4d605d)
Start importing Packages/com.unity.visualscripting/Editor/VisualScripting.Flow/Plugin/Changelogs/Changelog_1_0_3.cs using Guid(6ecc2f8b70abd4db6b68b36debb70605) Importer(2089858483,b0f066a214c2f5e87bad3c948f4d605d) (ScriptedImporter) -> (artifact id: 'e003777503bc0d9d2f4ad76e7ef78b6f') in 0.0080297 seconds
Number of updated asset objects reloaded before import = 0Number of asset objects unloaded after import = 0

========================================================================
Received Import Request.
  Time since last request: 0.000024 seconds.
  path: Packages/com.unity.visualscripting/Editor/VisualScripting.Flow/Framework/Codebase/InvokeMemberOption.cs
  artifactKey: Guid(be41f1ddb0e95454fa0e4bb3e51018d5) Importer(2089858483,b0f066a214c2f5e87bad3c948f4d605d)
Start importing Packages/com.unity.visualscripting/Editor/VisualScripting.Flow/Framework/Codebase/InvokeMemberOption.cs using Guid(be41f1ddb0e95454fa0e4bb3e51018d5) Importer(2089858483,b0f066a214c2f5e87bad3c948f4d605d) (ScriptedImporter) -> (artifact id: '226d39f89ff0a172b7c495b25eb2bdfa') in 0.0087399 seconds
Number of updated asset objects reloaded before import = 0Number of asset objects unloaded after import = 0

========================================================================
Received Import Request.
  Time since last request: 0.000023 seconds.
  path: Packages/com.unity.visualscripting/Editor/VisualScripting.State/Plugin/Changelogs/Changelog_1_2_3.cs
  artifactKey: Guid(237934135a3b1433eade240044ab5490) Importer(2089858483,b0f066a214c2f5e87bad3c948f4d605d)
Start importing Packages/com.unity.visualscripting/Editor/VisualScripting.State/Plugin/Changelogs/Changelog_1_2_3.cs using Guid(237934135a3b1433eade240044ab5490) Importer(2089858483,b0f066a214c2f5e87bad3c948f4d605d) (ScriptedImporter) -> (artifact id: '86a9b9834d310796d557a5f1c0c093da') in 0.0053275 seconds
Number of updated asset objects reloaded before import = 0Number of asset objects unloaded after import = 0

========================================================================
Received Import Request.
  Time since last request: 0.000031 seconds.
  path: Packages/com.unity.visualscripting/Editor/VisualScripting.Flow/Framework/Nesting/SuperUnitDescriptor.cs
  artifactKey: Guid(57f04d6aac04849df90d9b081e8fe3ad) Importer(2089858483,b0f066a214c2f5e87bad3c948f4d605d)
Start importing Packages/com.unity.visualscripting/Editor/VisualScripting.Flow/Framework/Nesting/SuperUnitDescriptor.cs using Guid(57f04d6aac04849df90d9b081e8fe3ad) Importer(2089858483,b0f066a214c2f5e87bad3c948f4d605d) (ScriptedImporter) -> (artifact id: '07efda8b9839a62f4d5d435117227eab') in 0.0079921 seconds
Number of updated asset objects reloaded before import = 0Number of asset objects unloaded after import = 0

========================================================================
Received Import Request.
  Time since last request: 0.000049 seconds.
  path: Packages/com.unity.visualscripting/Editor/VisualScripting.Flow/Framework/Codebase/MemberUnitAnalyser.cs
  artifactKey: Guid(be8bdd9b815a74b98927b0f862dfd0b2) Importer(2089858483,b0f066a214c2f5e87bad3c948f4d605d)
Start importing Packages/com.unity.visualscripting/Editor/VisualScripting.Flow/Framework/Codebase/MemberUnitAnalyser.cs using Guid(be8bdd9b815a74b98927b0f862dfd0b2) Importer(2089858483,b0f066a214c2f5e87bad3c948f4d605d) (ScriptedImporter) -> (artifact id: '840b1f09c008b6b68c5ae5b85600870d') in 0.0076801 seconds
Number of updated asset objects reloaded before import = 0Number of asset objects unloaded after import = 0

========================================================================
Received Import Request.
  Time since last request: 0.000025 seconds.
  path: Packages/com.unity.visualscripting/Editor/VisualScripting.State/Plugin/Changelogs/Changelog_1_4_1.cs
  artifactKey: Guid(8e8cdb556e8ed4b8e919d6d39e165125) Importer(2089858483,b0f066a214c2f5e87bad3c948f4d605d)
Start importing Packages/com.unity.visualscripting/Editor/VisualScripting.State/Plugin/Changelogs/Changelog_1_4_1.cs using Guid(8e8cdb556e8ed4b8e919d6d39e165125) Importer(2089858483,b0f066a214c2f5e87bad3c948f4d605d) (ScriptedImporter) -> (artifact id: 'f2fbd7e81fb5ad161fc8557f4077a619') in 0.0073779 seconds
Number of updated asset objects reloaded before import = 0Number of asset objects unloaded after import = 0

========================================================================
Received Import Request.
  Time since last request: 0.000027 seconds.
  path: Packages/com.unity.visualscripting/Runtime/VisualScripting.Core/Dependencies/FullSerializer/fsData.cs
  artifactKey: Guid(3520c694a43b048559591ea21c37a8d4) Importer(2089858483,b0f066a214c2f5e87bad3c948f4d605d)
Start importing Packages/com.unity.visualscripting/Runtime/VisualScripting.Core/Dependencies/FullSerializer/fsData.cs using Guid(3520c694a43b048559591ea21c37a8d4) Importer(2089858483,b0f066a214c2f5e87bad3c948f4d605d) (ScriptedImporter) -> (artifact id: '1da0f06c19653cee49088449e68db008') in 0.0062959 seconds
Number of updated asset objects reloaded before import = 0Number of asset objects unloaded after import = 0

========================================================================
Received Import Request.
  Time since last request: 0.000032 seconds.
  path: Packages/com.unity.visualscripting/Editor/VisualScripting.Flow/Plugin/Migrations/Migration_1_1_1_to_1_1_2.cs
  artifactKey: Guid(c3d93833b89dc446e80bc99d2a98edbb) Importer(2089858483,b0f066a214c2f5e87bad3c948f4d605d)
Start importing Packages/com.unity.visualscripting/Editor/VisualScripting.Flow/Plugin/Migrations/Migration_1_1_1_to_1_1_2.cs using Guid(c3d93833b89dc446e80bc99d2a98edbb) Importer(2089858483,b0f066a214c2f5e87bad3c948f4d605d) (ScriptedImporter) -> (artifact id: '3242f913fd9411da76b4461c78f424bc') in 0.005585 seconds
Number of updated asset objects reloaded before import = 0Number of asset objects unloaded after import = 0

========================================================================
Received Import Request.
  Time since last request: 0.000055 seconds.
  path: Packages/com.unity.visualscripting/Runtime/VisualScripting.Core/Cloning/Cloners/ReflectedCloner.cs
  artifactKey: Guid(9171b20d783a745a78171a47606f8843) Importer(2089858483,b0f066a214c2f5e87bad3c948f4d605d)
Start importing Packages/com.unity.visualscripting/Runtime/VisualScripting.Core/Cloning/Cloners/ReflectedCloner.cs using Guid(9171b20d783a745a78171a47606f8843) Importer(2089858483,b0f066a214c2f5e87bad3c948f4d605d) (ScriptedImporter) -> (artifact id: '8e91343d329cbec477efbaee79000f53') in 0.0050705 seconds
Number of updated asset objects reloaded before import = 0Number of asset objects unloaded after import = 0

========================================================================
Received Import Request.
  Time since last request: 0.000038 seconds.
  path: Packages/com.unity.visualscripting/Editor/VisualScripting.Flow/Framework/Nesting/NesterUnitOption.cs
  artifactKey: Guid(03ffbe4749f4844648417d734d61d520) Importer(2089858483,b0f066a214c2f5e87bad3c948f4d605d)
Start importing Packages/com.unity.visualscripting/Editor/VisualScripting.Flow/Framework/Nesting/NesterUnitOption.cs using Guid(03ffbe4749f4844648417d734d61d520) Importer(2089858483,b0f066a214c2f5e87bad3c948f4d605d) (ScriptedImporter) -> (artifact id: 'a622a33939836f03107f308bda53b1b2') in 0.009563 seconds
Number of updated asset objects reloaded before import = 0Number of asset objects unloaded after import = 0

========================================================================
Received Import Request.
  Time since last request: 0.000024 seconds.
  path: Packages/com.unity.visualscripting/Editor/VisualScripting.Flow/Framework/Control/SelectOnEnumDescriptor.cs
  artifactKey: Guid(5614a2afc93424562a0fb58331b6a01c) Importer(2089858483,b0f066a214c2f5e87bad3c948f4d605d)
Start importing Packages/com.unity.visualscripting/Editor/VisualScripting.Flow/Framework/Control/SelectOnEnumDescriptor.cs using Guid(5614a2afc93424562a0fb58331b6a01c) Importer(2089858483,b0f066a214c2f5e87bad3c948f4d605d) (ScriptedImporter) -> (artifact id: 'ca448145abf2ba5fb5841fd610317e07') in 0.0072114 seconds
Number of updated asset objects reloaded before import = 0Number of asset objects unloaded after import = 0

========================================================================
Received Import Request.
  Time since last request: 0.000025 seconds.
  path: Packages/com.unity.visualscripting/Editor/VisualScripting.Flow/Framework/Control/SwitchOnStringDescriptor.cs
  artifactKey: Guid(308bba4415a32497eac134cb5c638acc) Importer(2089858483,b0f066a214c2f5e87bad3c948f4d605d)
Start importing Packages/com.unity.visualscripting/Editor/VisualScripting.Flow/Framework/Control/SwitchOnStringDescriptor.cs using Guid(308bba4415a32497eac134cb5c638acc) Importer(2089858483,b0f066a214c2f5e87bad3c948f4d605d) (ScriptedImporter) -> (artifact id: 'da8f8da7c0d6a0550df0ee4a36029ced') in 0.0059566 seconds
Number of updated asset objects reloaded before import = 0Number of asset objects unloaded after import = 0

========================================================================
Received Import Request.
  Time since last request: 0.000043 seconds.
  path: Packages/com.unity.visualscripting/Editor/VisualScripting.Flow/Framework/Variables/UnifiedVariableUnitWidget.cs
  artifactKey: Guid(b586d76e38d834ff69f0f2ebb64cb0d0) Importer(2089858483,b0f066a214c2f5e87bad3c948f4d605d)
Start importing Packages/com.unity.visualscripting/Editor/VisualScripting.Flow/Framework/Variables/UnifiedVariableUnitWidget.cs using Guid(b586d76e38d834ff69f0f2ebb64cb0d0) Importer(2089858483,b0f066a214c2f5e87bad3c948f4d605d) (ScriptedImporter) -> (artifact id: '0d0ccf4790fc821ae4f5460de3ea9be8') in 0.0056167 seconds
Number of updated asset objects reloaded before import = 0Number of asset objects unloaded after import = 0

========================================================================
Received Import Request.
  Time since last request: 0.000032 seconds.
  path: Packages/com.unity.visualscripting/Editor/VisualScripting.State/Plugin/Changelogs/Changelog_1_0_0.cs
  artifactKey: Guid(7ce3ec6fc91e046a4a8911343aa505c7) Importer(2089858483,b0f066a214c2f5e87bad3c948f4d605d)
Start importing Packages/com.unity.visualscripting/Editor/VisualScripting.State/Plugin/Changelogs/Changelog_1_0_0.cs using Guid(7ce3ec6fc91e046a4a8911343aa505c7) Importer(2089858483,b0f066a214c2f5e87bad3c948f4d605d) (ScriptedImporter) -> (artifact id: '291660db0f39cd865158e1cd939f667a') in 0.0072025 seconds
Number of updated asset objects reloaded before import = 0Number of asset objects unloaded after import = 0

========================================================================
Received Import Request.
  Time since last request: 0.000043 seconds.
  path: Packages/com.unity.visualscripting/Runtime/VisualScripting.Core/Dependencies/FullSerializer/fsExceptions.cs
  artifactKey: Guid(521bba425c159452e902b0b73f80e68c) Importer(2089858483,b0f066a214c2f5e87bad3c948f4d605d)
Start importing Packages/com.unity.visualscripting/Runtime/VisualScripting.Core/Dependencies/FullSerializer/fsExceptions.cs using Guid(521bba425c159452e902b0b73f80e68c) Importer(2089858483,b0f066a214c2f5e87bad3c948f4d605d) (ScriptedImporter) -> (artifact id: '9dc2582c1a7f524c3cf7bd8101ea8791') in 0.0087401 seconds
Number of updated asset objects reloaded before import = 0Number of asset objects unloaded after import = 0

========================================================================
Received Import Request.
  Time since last request: 0.000030 seconds.
  path: Packages/com.unity.visualscripting/Editor/VisualScripting.Flow/Framework/Nesting/GraphInputInspector.cs
  artifactKey: Guid(61620174ad6604a7cbe0f211462830eb) Importer(2089858483,b0f066a214c2f5e87bad3c948f4d605d)
Start importing Packages/com.unity.visualscripting/Editor/VisualScripting.Flow/Framework/Nesting/GraphInputInspector.cs using Guid(61620174ad6604a7cbe0f211462830eb) Importer(2089858483,b0f066a214c2f5e87bad3c948f4d605d) (ScriptedImporter) -> (artifact id: 'f5d89c8c900d5e7d22ef9fa5aa1520b3') in 0.0074578 seconds
Number of updated asset objects reloaded before import = 0Number of asset objects unloaded after import = 0

========================================================================
Received Import Request.
  Time since last request: 0.000049 seconds.
  path: Packages/com.unity.visualscripting/Editor/VisualScripting.Flow/Framework/Nesting/NesterUnitAnalyser.cs
  artifactKey: Guid(dd31a53fc9e90411694cadcde26058bb) Importer(2089858483,b0f066a214c2f5e87bad3c948f4d605d)
Start importing Packages/com.unity.visualscripting/Editor/VisualScripting.Flow/Framework/Nesting/NesterUnitAnalyser.cs using Guid(dd31a53fc9e90411694cadcde26058bb) Importer(2089858483,b0f066a214c2f5e87bad3c948f4d605d) (ScriptedImporter) -> (artifact id: '212079329d0ea459141bce590e3463b5') in 0.004599 seconds
Number of updated asset objects reloaded before import = 0Number of asset objects unloaded after import = 0

========================================================================
Received Import Request.
  Time since last request: 0.000036 seconds.
  path: Packages/com.unity.visualscripting/Editor/VisualScripting.Flow/Framework/Variables/VariableKindOption.cs
  artifactKey: Guid(53709213c80e64e459b3216874d1f931) Importer(2089858483,b0f066a214c2f5e87bad3c948f4d605d)
Start importing Packages/com.unity.visualscripting/Editor/VisualScripting.Flow/Framework/Variables/VariableKindOption.cs using Guid(53709213c80e64e459b3216874d1f931) Importer(2089858483,b0f066a214c2f5e87bad3c948f4d605d) (ScriptedImporter) -> (artifact id: '7c0db320420740bbe7fc0839cdb1dee6') in 0.007803 seconds
Number of updated asset objects reloaded before import = 0Number of asset objects unloaded after import = 0

========================================================================
Received Import Request.
  Time since last request: 0.000024 seconds.
  path: Packages/com.unity.visualscripting/Editor/VisualScripting.Core/Windows/GeneratePropertyProvidersWindow/GeneratePropertyProvidersPage.cs
  artifactKey: Guid(03bfe51d3602e4dc4aa951a3cc72b566) Importer(2089858483,b0f066a214c2f5e87bad3c948f4d605d)
Start importing Packages/com.unity.visualscripting/Editor/VisualScripting.Core/Windows/GeneratePropertyProvidersWindow/GeneratePropertyProvidersPage.cs using Guid(03bfe51d3602e4dc4aa951a3cc72b566) Importer(2089858483,b0f066a214c2f5e87bad3c948f4d605d) (ScriptedImporter) -> (artifact id: '69254c661c3a895310abade632d4b091') in 0.0060363 seconds
Number of updated asset objects reloaded before import = 0Number of asset objects unloaded after import = 0

========================================================================
Received Import Request.
  Time since last request: 0.000035 seconds.
  path: Packages/com.unity.visualscripting/Editor/VisualScripting.Flow/Framework/Variables/UnifiedVariableUnitOption.cs
  artifactKey: Guid(8b54864aef8ec4f4fb922b942562d746) Importer(2089858483,b0f066a214c2f5e87bad3c948f4d605d)
Start importing Packages/com.unity.visualscripting/Editor/VisualScripting.Flow/Framework/Variables/UnifiedVariableUnitOption.cs using Guid(8b54864aef8ec4f4fb922b942562d746) Importer(2089858483,b0f066a214c2f5e87bad3c948f4d605d) (ScriptedImporter) -> (artifact id: 'c4d3f37b4849ecca68f94776dd09896b') in 0.0055366 seconds
Number of updated asset objects reloaded before import = 0Number of asset objects unloaded after import = 0

========================================================================
Received Import Request.
  Time since last request: 0.000060 seconds.
  path: Packages/com.unity.visualscripting/Editor/VisualScripting.Core/Windows/Sidebars/SidebarPanel.cs
  artifactKey: Guid(6180f4f2f0336466999b9e6e9beea8ea) Importer(2089858483,b0f066a214c2f5e87bad3c948f4d605d)
Start importing Packages/com.unity.visualscripting/Editor/VisualScripting.Core/Windows/Sidebars/SidebarPanel.cs using Guid(6180f4f2f0336466999b9e6e9beea8ea) Importer(2089858483,b0f066a214c2f5e87bad3c948f4d605d) (ScriptedImporter) -> (artifact id: 'c5c1d7759aba981a06b16d455df023f9') in 0.0070089 seconds
Number of updated asset objects reloaded before import = 0Number of asset objects unloaded after import = 0

========================================================================
Received Import Request.
  Time since last request: 0.000024 seconds.
  path: Packages/com.unity.visualscripting/Editor/VisualScripting.State/Plugin/Changelogs/Changelog_1_0_2.cs
  artifactKey: Guid(32396d7cafec147a8b62dce93b2c8f33) Importer(2089858483,b0f066a214c2f5e87bad3c948f4d605d)
Start importing Packages/com.unity.visualscripting/Editor/VisualScripting.State/Plugin/Changelogs/Changelog_1_0_2.cs using Guid(32396d7cafec147a8b62dce93b2c8f33) Importer(2089858483,b0f066a214c2f5e87bad3c948f4d605d) (ScriptedImporter) -> (artifact id: '3c405cfa455067a0b146e232b01d61fb') in 0.0072521 seconds
Number of updated asset objects reloaded before import = 0Number of asset objects unloaded after import = 0

========================================================================
Received Import Request.
  Time since last request: 0.000033 seconds.
  path: Packages/com.unity.visualscripting/Editor/VisualScripting.Flow/Plugin/Changelogs/Changelog_1_4_8.cs
  artifactKey: Guid(a2de589ab38604e128d8eed8afc2d428) Importer(2089858483,b0f066a214c2f5e87bad3c948f4d605d)
Start importing Packages/com.unity.visualscripting/Editor/VisualScripting.Flow/Plugin/Changelogs/Changelog_1_4_8.cs using Guid(a2de589ab38604e128d8eed8afc2d428) Importer(2089858483,b0f066a214c2f5e87bad3c948f4d605d) (ScriptedImporter) -> (artifact id: 'f9f708273280f6a40134e196ce1f749d') in 0.0065449 seconds
Number of updated asset objects reloaded before import = 0Number of asset objects unloaded after import = 0

========================================================================
Received Import Request.
  Time since last request: 0.000034 seconds.
  path: Packages/com.unity.visualscripting/Editor/VisualScripting.Flow/Plugin/Migrations/Migration_1_5_1_to_1_5_2.cs
  artifactKey: Guid(2c693a7ac04049709a5412015f4be985) Importer(2089858483,b0f066a214c2f5e87bad3c948f4d605d)
Start importing Packages/com.unity.visualscripting/Editor/VisualScripting.Flow/Plugin/Migrations/Migration_1_5_1_to_1_5_2.cs using Guid(2c693a7ac04049709a5412015f4be985) Importer(2089858483,b0f066a214c2f5e87bad3c948f4d605d) (ScriptedImporter) -> (artifact id: '7a439a4fa6ec172cd674aebcefd6ed01') in 0.0057163 seconds
Number of updated asset objects reloaded before import = 0Number of asset objects unloaded after import = 0

========================================================================
Received Import Request.
  Time since last request: 0.000064 seconds.
  path: Packages/com.unity.visualscripting/Editor/VisualScripting.Flow/Plugin/Changelogs/Changelog_1_2_3.cs
  artifactKey: Guid(0b5002b6061e24473a0c1176f6d2b5d8) Importer(2089858483,b0f066a214c2f5e87bad3c948f4d605d)
Start importing Packages/com.unity.visualscripting/Editor/VisualScripting.Flow/Plugin/Changelogs/Changelog_1_2_3.cs using Guid(0b5002b6061e24473a0c1176f6d2b5d8) Importer(2089858483,b0f066a214c2f5e87bad3c948f4d605d) (ScriptedImporter) -> (artifact id: '4510cce26d49a9414a51e1e39e7112b9') in 0.0066993 seconds
Number of updated asset objects reloaded before import = 0Number of asset objects unloaded after import = 0

========================================================================
Received Import Request.
  Time since last request: 0.000032 seconds.
  path: Packages/com.unity.visualscripting/Editor/VisualScripting.Flow/Plugin/Changelogs/Changelog_1_0_1.cs
  artifactKey: Guid(8246e995aafc341d299ef4fa86fdf7b7) Importer(2089858483,b0f066a214c2f5e87bad3c948f4d605d)
Start importing Packages/com.unity.visualscripting/Editor/VisualScripting.Flow/Plugin/Changelogs/Changelog_1_0_1.cs using Guid(8246e995aafc341d299ef4fa86fdf7b7) Importer(2089858483,b0f066a214c2f5e87bad3c948f4d605d) (ScriptedImporter) -> (artifact id: '3528d22a1be1d8ec6737988073113584') in 0.0081672 seconds
Number of updated asset objects reloaded before import = 0Number of asset objects unloaded after import = 0

========================================================================
Received Import Request.
  Time since last request: 0.000032 seconds.
  path: Packages/com.unity.visualscripting/Editor/VisualScripting.Flow/Framework/Nesting/GraphOutputDescriptor.cs
  artifactKey: Guid(35060e71290cc46ada12a7b97ed06d3a) Importer(2089858483,b0f066a214c2f5e87bad3c948f4d605d)
Start importing Packages/com.unity.visualscripting/Editor/VisualScripting.Flow/Framework/Nesting/GraphOutputDescriptor.cs using Guid(35060e71290cc46ada12a7b97ed06d3a) Importer(2089858483,b0f066a214c2f5e87bad3c948f4d605d) (ScriptedImporter) -> (artifact id: '0d0be54813e1ad318b9552c91776aacc') in 0.0069512 seconds
Number of updated asset objects reloaded before import = 0Number of asset objects unloaded after import = 0

========================================================================
Received Import Request.
  Time since last request: 0.000027 seconds.
  path: Packages/com.unity.visualscripting/Runtime/VisualScripting.Core/Exceptions/InvalidImplementationException.cs
  artifactKey: Guid(0a69171d7129543bf9453c8c22067cfe) Importer(2089858483,b0f066a214c2f5e87bad3c948f4d605d)
Start importing Packages/com.unity.visualscripting/Runtime/VisualScripting.Core/Exceptions/InvalidImplementationException.cs using Guid(0a69171d7129543bf9453c8c22067cfe) Importer(2089858483,b0f066a214c2f5e87bad3c948f4d605d) (ScriptedImporter) -> (artifact id: 'b6b63bffbc36eb96e99900fcd6a0a7d2') in 0.0076961 seconds
Number of updated asset objects reloaded before import = 0Number of asset objects unloaded after import = 0

========================================================================
Received Import Request.
  Time since last request: 0.000043 seconds.
  path: Packages/com.unity.visualscripting/Runtime/VisualScripting.Core/Dependencies/FullSerializer/fsSerializer.cs
  artifactKey: Guid(797e2aea528a14145b3cb6b71c34be2e) Importer(2089858483,b0f066a214c2f5e87bad3c948f4d605d)
Start importing Packages/com.unity.visualscripting/Runtime/VisualScripting.Core/Dependencies/FullSerializer/fsSerializer.cs using Guid(797e2aea528a14145b3cb6b71c34be2e) Importer(2089858483,b0f066a214c2f5e87bad3c948f4d605d) (ScriptedImporter) -> (artifact id: '74a4c3dffa2845250cca214b3bf56fec') in 0.0079321 seconds
Number of updated asset objects reloaded before import = 0Number of asset objects unloaded after import = 0

========================================================================
Received Import Request.
  Time since last request: 0.000025 seconds.
  path: Packages/com.unity.visualscripting/Runtime/VisualScripting.Core/Reflection/Optimization/InvokerBase.cs
  artifactKey: Guid(a7c789f20584c492cb1c844dbb459bba) Importer(2089858483,b0f066a214c2f5e87bad3c948f4d605d)
Start importing Packages/com.unity.visualscripting/Runtime/VisualScripting.Core/Reflection/Optimization/InvokerBase.cs using Guid(a7c789f20584c492cb1c844dbb459bba) Importer(2089858483,b0f066a214c2f5e87bad3c948f4d605d) (ScriptedImporter) -> (artifact id: '320f2013511107ef1cb5921043bd0c16') in 0.0070054 seconds
Number of updated asset objects reloaded before import = 0Number of asset objects unloaded after import = 0

========================================================================
Received Import Request.
  Time since last request: 0.000033 seconds.
  path: Packages/com.unity.visualscripting/Runtime/VisualScripting.Core/Reflection/Optimization/InstanceFunctionInvoker_2.cs
  artifactKey: Guid(b8cf332f6f70a4b03986a507d0d25755) Importer(2089858483,b0f066a214c2f5e87bad3c948f4d605d)
Start importing Packages/com.unity.visualscripting/Runtime/VisualScripting.Core/Reflection/Optimization/InstanceFunctionInvoker_2.cs using Guid(b8cf332f6f70a4b03986a507d0d25755) Importer(2089858483,b0f066a214c2f5e87bad3c948f4d605d) (ScriptedImporter) -> (artifact id: '8913a7ee4585fad30280832cd7857f25') in 0.0076707 seconds
Number of updated asset objects reloaded before import = 0Number of asset objects unloaded after import = 0

========================================================================
Received Import Request.
  Time since last request: 0.000031 seconds.
  path: Packages/com.unity.visualscripting/Runtime/VisualScripting.Core/Reflection/Optimization/OptimizedReflection.cs
  artifactKey: Guid(ee39a37a542bf463cad5e5cf6be0e3fd) Importer(2089858483,b0f066a214c2f5e87bad3c948f4d605d)
Start importing Packages/com.unity.visualscripting/Runtime/VisualScripting.Core/Reflection/Optimization/OptimizedReflection.cs using Guid(ee39a37a542bf463cad5e5cf6be0e3fd) Importer(2089858483,b0f066a214c2f5e87bad3c948f4d605d) (ScriptedImporter) -> (artifact id: '1c5220adafae9ac2a440959b65aa5e4a') in 0.0063973 seconds
Number of updated asset objects reloaded before import = 0Number of asset objects unloaded after import = 0

========================================================================
Received Import Request.
  Time since last request: 0.000044 seconds.
  path: Packages/com.unity.visualscripting/Runtime/VisualScripting.Core/Reflection/Optimization/StaticFunctionInvoker_1.cs
  artifactKey: Guid(e87ca2fa4b3b04602936eaeec2e37316) Importer(2089858483,b0f066a214c2f5e87bad3c948f4d605d)
Start importing Packages/com.unity.visualscripting/Runtime/VisualScripting.Core/Reflection/Optimization/StaticFunctionInvoker_1.cs using Guid(e87ca2fa4b3b04602936eaeec2e37316) Importer(2089858483,b0f066a214c2f5e87bad3c948f4d605d) (ScriptedImporter) -> (artifact id: '2b44af98af05bbceb94157fc8b8a6b51') in 0.0066354 seconds
Number of updated asset objects reloaded before import = 0Number of asset objects unloaded after import = 0

========================================================================
Received Import Request.
  Time since last request: 0.000026 seconds.
  path: Packages/com.unity.visualscripting/Runtime/VisualScripting.Core/Reflection/Optimization/StaticActionInvoker_2.cs
  artifactKey: Guid(04e713e5043874d68b4f7e6998aabacb) Importer(2089858483,b0f066a214c2f5e87bad3c948f4d605d)
Start importing Packages/com.unity.visualscripting/Runtime/VisualScripting.Core/Reflection/Optimization/StaticActionInvoker_2.cs using Guid(04e713e5043874d68b4f7e6998aabacb) Importer(2089858483,b0f066a214c2f5e87bad3c948f4d605d) (ScriptedImporter) -> (artifact id: 'ae1f879e97dcb0381b21e48cea689865') in 0.014129 seconds
Number of updated asset objects reloaded before import = 0Number of asset objects unloaded after import = 0

========================================================================
Received Import Request.
  Time since last request: 0.000028 seconds.
  path: Packages/com.unity.visualscripting/Runtime/VisualScripting.Core/Reflection/Operators/OperatorHandler.cs
  artifactKey: Guid(fc755412ef51440c086b9a82a3eb1e97) Importer(2089858483,b0f066a214c2f5e87bad3c948f4d605d)
Start importing Packages/com.unity.visualscripting/Runtime/VisualScripting.Core/Reflection/Operators/OperatorHandler.cs using Guid(fc755412ef51440c086b9a82a3eb1e97) Importer(2089858483,b0f066a214c2f5e87bad3c948f4d605d) (ScriptedImporter) -> (artifact id: 'd89eab81570065021e7951cfc96d3b65') in 0.0063442 seconds
Number of updated asset objects reloaded before import = 0Number of asset objects unloaded after import = 0

========================================================================
Received Import Request.
  Time since last request: 0.000038 seconds.
  path: Packages/com.unity.visualscripting/Runtime/VisualScripting.Core/Reflection/Optimization/InstanceActionInvoker_0.cs
  artifactKey: Guid(3ea8869778d444295a72b335d9b9b7bb) Importer(2089858483,b0f066a214c2f5e87bad3c948f4d605d)
Start importing Packages/com.unity.visualscripting/Runtime/VisualScripting.Core/Reflection/Optimization/InstanceActionInvoker_0.cs using Guid(3ea8869778d444295a72b335d9b9b7bb) Importer(2089858483,b0f066a214c2f5e87bad3c948f4d605d) (ScriptedImporter) -> (artifact id: '1e83ed80616db9a75c33ba5b6a49d4ee') in 0.0071292 seconds
Number of updated asset objects reloaded before import = 0Number of asset objects unloaded after import = 0

========================================================================
Received Import Request.
  Time since last request: 0.000071 seconds.
  path: Packages/com.unity.visualscripting/Runtime/VisualScripting.Core/Listeners/MonoBehaviour/UnityOnTriggerEnter2DMListener.cs
  artifactKey: Guid(da57800110fd423681b87299d829e80b) Importer(2089858483,b0f066a214c2f5e87bad3c948f4d605d)
Start importing Packages/com.unity.visualscripting/Runtime/VisualScripting.Core/Listeners/MonoBehaviour/UnityOnTriggerEnter2DMListener.cs using Guid(da57800110fd423681b87299d829e80b) Importer(2089858483,b0f066a214c2f5e87bad3c948f4d605d) (ScriptedImporter) -> (artifact id: '31543899292f3cba94e43c3b66a7f403') in 0.0076366 seconds
Number of updated asset objects reloaded before import = 0Number of asset objects unloaded after import = 0

========================================================================
Received Import Request.
  Time since last request: 0.000026 seconds.
  path: Packages/com.unity.visualscripting/Runtime/VisualScripting.Core/Listeners/MonoBehaviour/UnityOnCollisionEnter2DMessageListener.cs
  artifactKey: Guid(9f79d544c42641a5bc9703eea02dd296) Importer(2089858483,b0f066a214c2f5e87bad3c948f4d605d)
Start importing Packages/com.unity.visualscripting/Runtime/VisualScripting.Core/Listeners/MonoBehaviour/UnityOnCollisionEnter2DMessageListener.cs using Guid(9f79d544c42641a5bc9703eea02dd296) Importer(2089858483,b0f066a214c2f5e87bad3c948f4d605d) (ScriptedImporter) -> (artifact id: '26d1d6813de50158bba744a47335ef99') in 0.0066432 seconds
Number of updated asset objects reloaded before import = 0Number of asset objects unloaded after import = 0

========================================================================
Received Import Request.
  Time since last request: 0.000029 seconds.
  path: Packages/com.unity.visualscripting/Runtime/VisualScripting.Core/Listeners/UIInterfaces/UnityOnPointerUpMessageListener.cs
  artifactKey: Guid(08201d8f66454a09a1c1ea0c55eb778d) Importer(2089858483,b0f066a214c2f5e87bad3c948f4d605d)
Start importing Packages/com.unity.visualscripting/Runtime/VisualScripting.Core/Listeners/UIInterfaces/UnityOnPointerUpMessageListener.cs using Guid(08201d8f66454a09a1c1ea0c55eb778d) Importer(2089858483,b0f066a214c2f5e87bad3c948f4d605d) (ScriptedImporter) -> (artifact id: 'a38784418571a2c2e7a31e8096e20e73') in 0.0063043 seconds
Number of updated asset objects reloaded before import = 0Number of asset objects unloaded after import = 0

========================================================================
Received Import Request.
  Time since last request: 0.000028 seconds.
  path: Packages/com.unity.visualscripting/Runtime/VisualScripting.Core/Listeners/MonoBehaviour/UnityOnCollisionStay2DMessageListener.cs
  artifactKey: Guid(3fd8f4497abf4f0d926118d8277fed1c) Importer(2089858483,b0f066a214c2f5e87bad3c948f4d605d)
Start importing Packages/com.unity.visualscripting/Runtime/VisualScripting.Core/Listeners/MonoBehaviour/UnityOnCollisionStay2DMessageListener.cs using Guid(3fd8f4497abf4f0d926118d8277fed1c) Importer(2089858483,b0f066a214c2f5e87bad3c948f4d605d) (ScriptedImporter) -> (artifact id: '345cd441264c74d0909a4a0ab24235f0') in 0.0067636 seconds
Number of updated asset objects reloaded before import = 0Number of asset objects unloaded after import = 0

========================================================================
Received Import Request.
  Time since last request: 0.000040 seconds.
  path: Packages/com.unity.visualscripting/Runtime/VisualScripting.Core/Listeners/MonoBehaviour/UnityOnMouseExitMessageListener.cs
  artifactKey: Guid(515c7425ebc8472799a73080610d89c7) Importer(2089858483,b0f066a214c2f5e87bad3c948f4d605d)
Start importing Packages/com.unity.visualscripting/Runtime/VisualScripting.Core/Listeners/MonoBehaviour/UnityOnMouseExitMessageListener.cs using Guid(515c7425ebc8472799a73080610d89c7) Importer(2089858483,b0f066a214c2f5e87bad3c948f4d605d) (ScriptedImporter) -> (artifact id: 'ee782c72e58df0bbd28b06bc4cfacbee') in 0.0081861 seconds
Number of updated asset objects reloaded before import = 0Number of asset objects unloaded after import = 0

========================================================================
Received Import Request.
  Time since last request: 0.000024 seconds.
  path: Packages/com.unity.visualscripting/Runtime/VisualScripting.Core/Ensure/Extensions/XString.cs
  artifactKey: Guid(8f7612f68f0884e59857d404af50194d) Importer(2089858483,b0f066a214c2f5e87bad3c948f4d605d)
Start importing Packages/com.unity.visualscripting/Runtime/VisualScripting.Core/Ensure/Extensions/XString.cs using Guid(8f7612f68f0884e59857d404af50194d) Importer(2089858483,b0f066a214c2f5e87bad3c948f4d605d) (ScriptedImporter) -> (artifact id: 'd9267a8c7e8211cab04584eebc7ef474') in 0.0073269 seconds
Number of updated asset objects reloaded before import = 0Number of asset objects unloaded after import = 0

========================================================================
Received Import Request.
  Time since last request: 0.000023 seconds.
  path: Packages/com.unity.visualscripting/Runtime/VisualScripting.Core/Dependencies/AssemblyQualifiedNameParser/ParsedAssemblyQualifiedName.cs
  artifactKey: Guid(5d92a04ad12d04b89acd2055df01a8b2) Importer(2089858483,b0f066a214c2f5e87bad3c948f4d605d)
Start importing Packages/com.unity.visualscripting/Runtime/VisualScripting.Core/Dependencies/AssemblyQualifiedNameParser/ParsedAssemblyQualifiedName.cs using Guid(5d92a04ad12d04b89acd2055df01a8b2) Importer(2089858483,b0f066a214c2f5e87bad3c948f4d605d) (ScriptedImporter) -> (artifact id: 'd2497c40d482e783cb2135c916182c43') in 0.0054383 seconds
Number of updated asset objects reloaded before import = 0Number of asset objects unloaded after import = 0

========================================================================
Received Import Request.
  Time since last request: 0.000041 seconds.
  path: Packages/com.unity.visualscripting/Editor/VisualScripting.Flow/Framework/Nesting/GraphOutputAnalyser.cs
  artifactKey: Guid(2f934162d2811436eb7a824dfc58a1f5) Importer(2089858483,b0f066a214c2f5e87bad3c948f4d605d)
Start importing Packages/com.unity.visualscripting/Editor/VisualScripting.Flow/Framework/Nesting/GraphOutputAnalyser.cs using Guid(2f934162d2811436eb7a824dfc58a1f5) Importer(2089858483,b0f066a214c2f5e87bad3c948f4d605d) (ScriptedImporter) -> (artifact id: '6eb9eb17c87b4e952c388bf634a788b7') in 0.0070119 seconds
Number of updated asset objects reloaded before import = 0Number of asset objects unloaded after import = 0

========================================================================
Received Import Request.
  Time since last request: 0.000065 seconds.
  path: Packages/com.unity.visualscripting/Runtime/VisualScripting.Core/Reflection/Optimization/InstanceFunctionInvokerBase.cs
  artifactKey: Guid(1900baa5498f6417b8a7037bb313eb83) Importer(2089858483,b0f066a214c2f5e87bad3c948f4d605d)
Start importing Packages/com.unity.visualscripting/Runtime/VisualScripting.Core/Reflection/Optimization/InstanceFunctionInvokerBase.cs using Guid(1900baa5498f6417b8a7037bb313eb83) Importer(2089858483,b0f066a214c2f5e87bad3c948f4d605d) (ScriptedImporter) -> (artifact id: '523035d22c2947509b67dfe32c21e7ae') in 0.0071532 seconds
Number of updated asset objects reloaded before import = 0Number of asset objects unloaded after import = 0

========================================================================
Received Import Request.
  Time since last request: 0.000051 seconds.
  path: Packages/com.unity.visualscripting/Editor/VisualScripting.Core/Inspection/Reflection/NamespaceInspector.cs
  artifactKey: Guid(4c05cb7230e6542a98dbad849339a33a) Importer(2089858483,b0f066a214c2f5e87bad3c948f4d605d)
Start importing Packages/com.unity.visualscripting/Editor/VisualScripting.Core/Inspection/Reflection/NamespaceInspector.cs using Guid(4c05cb7230e6542a98dbad849339a33a) Importer(2089858483,b0f066a214c2f5e87bad3c948f4d605d) (ScriptedImporter) -> (artifact id: '5f12876dcc32e4352d385807810ef9db') in 0.0063684 seconds
Number of updated asset objects reloaded before import = 0Number of asset objects unloaded after import = 0

========================================================================
Received Import Request.
  Time since last request: 0.000182 seconds.
  path: Packages/com.unity.visualscripting/Runtime/VisualScripting.Core/Listeners/MonoBehaviour/UnityOnCollisionExitMessageListener.cs
  artifactKey: Guid(9bc69f9be4214506ad944fc53092b767) Importer(2089858483,b0f066a214c2f5e87bad3c948f4d605d)
Start importing Packages/com.unity.visualscripting/Runtime/VisualScripting.Core/Listeners/MonoBehaviour/UnityOnCollisionExitMessageListener.cs using Guid(9bc69f9be4214506ad944fc53092b767) Importer(2089858483,b0f066a214c2f5e87bad3c948f4d605d) (ScriptedImporter) -> (artifact id: '630c798a95ef1b5c2485cf4c36ef405e') in 0.0061164 seconds
Number of updated asset objects reloaded before import = 0Number of asset objects unloaded after import = 0

========================================================================
Received Import Request.
  Time since last request: 0.000067 seconds.
  path: Packages/com.unity.visualscripting/Editor/VisualScripting.Core/Inspection/Primitives/DiscreteNumberInspector.cs
  artifactKey: Guid(0e1f82045b2644ac48cf04e03d05cb97) Importer(2089858483,b0f066a214c2f5e87bad3c948f4d605d)
Start importing Packages/com.unity.visualscripting/Editor/VisualScripting.Core/Inspection/Primitives/DiscreteNumberInspector.cs using Guid(0e1f82045b2644ac48cf04e03d05cb97) Importer(2089858483,b0f066a214c2f5e87bad3c948f4d605d) (ScriptedImporter) -> (artifact id: 'cbcd6e77ee1152bb1983640c75a9aa63') in 0.0053562 seconds
Number of updated asset objects reloaded before import = 0Number of asset objects unloaded after import = 0

========================================================================
Received Import Request.
  Time since last request: 0.000049 seconds.
  path: Packages/com.unity.visualscripting/Runtime/VisualScripting.Core/Reflection/Operators/DivisionHandler.cs
  artifactKey: Guid(aaade9cbed5b4446fa6850d4f1ba05d6) Importer(2089858483,b0f066a214c2f5e87bad3c948f4d605d)
Start importing Packages/com.unity.visualscripting/Runtime/VisualScripting.Core/Reflection/Operators/DivisionHandler.cs using Guid(aaade9cbed5b4446fa6850d4f1ba05d6) Importer(2089858483,b0f066a214c2f5e87bad3c948f4d605d) (ScriptedImporter) -> (artifact id: '559b8dd4d9aa4fdb93d7cbbc24222de7') in 0.00554 seconds
Number of updated asset objects reloaded before import = 0Number of asset objects unloaded after import = 0

========================================================================
Received Import Request.
  Time since last request: 0.000034 seconds.
  path: Packages/com.unity.visualscripting/Runtime/VisualScripting.Core/Reflection/Operators/LeftShiftHandler.cs
  artifactKey: Guid(24bb3f6ea82ae4d6d85ca2b5aa7fd992) Importer(2089858483,b0f066a214c2f5e87bad3c948f4d605d)
Start importing Packages/com.unity.visualscripting/Runtime/VisualScripting.Core/Reflection/Operators/LeftShiftHandler.cs using Guid(24bb3f6ea82ae4d6d85ca2b5aa7fd992) Importer(2089858483,b0f066a214c2f5e87bad3c948f4d605d) (ScriptedImporter) -> (artifact id: '126321a09c939d8f282c4889e0dea58a') in 0.0047905 seconds
Number of updated asset objects reloaded before import = 0Number of asset objects unloaded after import = 0

========================================================================
Received Import Request.
  Time since last request: 0.000029 seconds.
  path: Packages/com.unity.visualscripting/Runtime/VisualScripting.Core/Listeners/UIInterfaces/UnityOnSelectMessageListener.cs
  artifactKey: Guid(c92de49955e04f17af39d8c706807d65) Importer(2089858483,b0f066a214c2f5e87bad3c948f4d605d)
Start importing Packages/com.unity.visualscripting/Runtime/VisualScripting.Core/Listeners/UIInterfaces/UnityOnSelectMessageListener.cs using Guid(c92de49955e04f17af39d8c706807d65) Importer(2089858483,b0f066a214c2f5e87bad3c948f4d605d) (ScriptedImporter) -> (artifact id: '6250ca6c8fae9e35126eb34e0aea264a') in 0.0058628 seconds
Number of updated asset objects reloaded before import = 0Number of asset objects unloaded after import = 0

========================================================================
Received Import Request.
  Time since last request: 0.000036 seconds.
  path: Packages/com.unity.visualscripting/Runtime/VisualScripting.Core/Reflection/Operators/LogicalNegationHandler.cs
  artifactKey: Guid(e14630a9514064be79c5de1ca7565cbe) Importer(2089858483,b0f066a214c2f5e87bad3c948f4d605d)
Start importing Packages/com.unity.visualscripting/Runtime/VisualScripting.Core/Reflection/Operators/LogicalNegationHandler.cs using Guid(e14630a9514064be79c5de1ca7565cbe) Importer(2089858483,b0f066a214c2f5e87bad3c948f4d605d) (ScriptedImporter) -> (artifact id: '489477eac85624357dce7f885bea7847') in 0.0051907 seconds
Number of updated asset objects reloaded before import = 0Number of asset objects unloaded after import = 0

========================================================================
Received Import Request.
  Time since last request: 0.000047 seconds.
  path: Packages/com.unity.visualscripting/Runtime/VisualScripting.Core/Reflection/Optimization/InstancePropertyAccessor.cs
  artifactKey: Guid(2eb252808c6a14f89860c81afb8df8c4) Importer(2089858483,b0f066a214c2f5e87bad3c948f4d605d)
Start importing Packages/com.unity.visualscripting/Runtime/VisualScripting.Core/Reflection/Optimization/InstancePropertyAccessor.cs using Guid(2eb252808c6a14f89860c81afb8df8c4) Importer(2089858483,b0f066a214c2f5e87bad3c948f4d605d) (ScriptedImporter) -> (artifact id: 'a4e36ab5ad5a8c6227883df737b5a98e') in 0.006655 seconds
Number of updated asset objects reloaded before import = 0Number of asset objects unloaded after import = 0

========================================================================
Received Import Request.
  Time since last request: 0.000029 seconds.
  path: Packages/com.unity.visualscripting/Runtime/VisualScripting.Core/Ensure/Extensions/XComparable.cs
  artifactKey: Guid(e7dbda2fa1cf4475bb59c8c2a8058ace) Importer(2089858483,b0f066a214c2f5e87bad3c948f4d605d)
Start importing Packages/com.unity.visualscripting/Runtime/VisualScripting.Core/Ensure/Extensions/XComparable.cs using Guid(e7dbda2fa1cf4475bb59c8c2a8058ace) Importer(2089858483,b0f066a214c2f5e87bad3c948f4d605d) (ScriptedImporter) -> (artifact id: '6286eb857bd7be23b1b38151b6aa1b47') in 0.0056378 seconds
Number of updated asset objects reloaded before import = 0Number of asset objects unloaded after import = 0

========================================================================
Received Import Request.
  Time since last request: 0.000075 seconds.
  path: Packages/com.unity.visualscripting/Runtime/VisualScripting.Core/Listeners/MonoBehaviour/UnityOnMouseEnterMessageListener.cs
  artifactKey: Guid(ee9168bfd69340c28ec04b77b877228b) Importer(2089858483,b0f066a214c2f5e87bad3c948f4d605d)
Start importing Packages/com.unity.visualscripting/Runtime/VisualScripting.Core/Listeners/MonoBehaviour/UnityOnMouseEnterMessageListener.cs using Guid(ee9168bfd69340c28ec04b77b877228b) Importer(2089858483,b0f066a214c2f5e87bad3c948f4d605d) (ScriptedImporter) -> (artifact id: 'ca58a969a72fcf88c15e5567af2beffb') in 0.0066372 seconds
Number of updated asset objects reloaded before import = 0Number of asset objects unloaded after import = 0

========================================================================
Received Import Request.
  Time since last request: 0.000032 seconds.
  path: Packages/com.unity.visualscripting/Runtime/VisualScripting.Core/Listeners/MonoBehaviour/UnityOnTriggerEnterMessageListener.cs
  artifactKey: Guid(55edd124aa014fc2a4d8ef1794dcd775) Importer(2089858483,b0f066a214c2f5e87bad3c948f4d605d)
Start importing Packages/com.unity.visualscripting/Runtime/VisualScripting.Core/Listeners/MonoBehaviour/UnityOnTriggerEnterMessageListener.cs using Guid(55edd124aa014fc2a4d8ef1794dcd775) Importer(2089858483,b0f066a214c2f5e87bad3c948f4d605d) (ScriptedImporter) -> (artifact id: '0e0df54c7c7ca21023de012cb13536d0') in 0.0064314 seconds
Number of updated asset objects reloaded before import = 0Number of asset objects unloaded after import = 0

========================================================================
Received Import Request.
  Time since last request: 0.000064 seconds.
  path: Packages/com.unity.visualscripting/Runtime/VisualScripting.Core/Listeners/UI/UnityOnToggleValueChangedMessageListener.cs
  artifactKey: Guid(e41a8bc428b945c69ccc320c2f6b3e42) Importer(2089858483,b0f066a214c2f5e87bad3c948f4d605d)
Start importing Packages/com.unity.visualscripting/Runtime/VisualScripting.Core/Listeners/UI/UnityOnToggleValueChangedMessageListener.cs using Guid(e41a8bc428b945c69ccc320c2f6b3e42) Importer(2089858483,b0f066a214c2f5e87bad3c948f4d605d) (ScriptedImporter) -> (artifact id: '90884d8bbb3c1fda93c616c0aab15935') in 0.0069967 seconds
Number of updated asset objects reloaded before import = 0Number of asset objects unloaded after import = 0

========================================================================
Received Import Request.
  Time since last request: 0.000038 seconds.
  path: Packages/com.unity.visualscripting/Runtime/VisualScripting.Core/Reflection/Optimization/StaticActionInvoker_0.cs
  artifactKey: Guid(e9f31b3adce2f48be860b8f6333f867b) Importer(2089858483,b0f066a214c2f5e87bad3c948f4d605d)
Start importing Packages/com.unity.visualscripting/Runtime/VisualScripting.Core/Reflection/Optimization/StaticActionInvoker_0.cs using Guid(e9f31b3adce2f48be860b8f6333f867b) Importer(2089858483,b0f066a214c2f5e87bad3c948f4d605d) (ScriptedImporter) -> (artifact id: 'f6d19a26be8fd9e4a0f68075e9322200') in 0.0062617 seconds
Number of updated asset objects reloaded before import = 0Number of asset objects unloaded after import = 0

========================================================================
Received Import Request.
  Time since last request: 0.000036 seconds.
  path: Packages/com.unity.visualscripting/Runtime/VisualScripting.Core/Listeners/UI/UnityOnScrollRectValueChangedMessageListener.cs
  artifactKey: Guid(7d817d037fef40c5b3283eb5ee38340c) Importer(2089858483,b0f066a214c2f5e87bad3c948f4d605d)
Start importing Packages/com.unity.visualscripting/Runtime/VisualScripting.Core/Listeners/UI/UnityOnScrollRectValueChangedMessageListener.cs using Guid(7d817d037fef40c5b3283eb5ee38340c) Importer(2089858483,b0f066a214c2f5e87bad3c948f4d605d) (ScriptedImporter) -> (artifact id: 'b7eff7924988a75cbef89b0f05a6f29d') in 0.0069906 seconds
Number of updated asset objects reloaded before import = 0Number of asset objects unloaded after import = 0

========================================================================
Received Import Request.
  Time since last request: 0.000035 seconds.
  path: Packages/com.unity.visualscripting/Runtime/VisualScripting.Core/Reflection/Operators/GreaterThanOrEqualHandler.cs
  artifactKey: Guid(4bda3e694712447948a1601c78b37920) Importer(2089858483,b0f066a214c2f5e87bad3c948f4d605d)
Start importing Packages/com.unity.visualscripting/Runtime/VisualScripting.Core/Reflection/Operators/GreaterThanOrEqualHandler.cs using Guid(4bda3e694712447948a1601c78b37920) Importer(2089858483,b0f066a214c2f5e87bad3c948f4d605d) (ScriptedImporter) -> (artifact id: '24f7bf2dbc4870c23c8278603f456622') in 0.0075915 seconds
Number of updated asset objects reloaded before import = 0Number of asset objects unloaded after import = 0

========================================================================
Received Import Request.
  Time since last request: 0.000054 seconds.
  path: Packages/com.unity.visualscripting/Runtime/VisualScripting.Core/Listeners/UIInterfaces/UnityOnPointerClickMessageListener.cs
  artifactKey: Guid(51eb97cc5baa44c898f577d324843965) Importer(2089858483,b0f066a214c2f5e87bad3c948f4d605d)
Start importing Packages/com.unity.visualscripting/Runtime/VisualScripting.Core/Listeners/UIInterfaces/UnityOnPointerClickMessageListener.cs using Guid(51eb97cc5baa44c898f577d324843965) Importer(2089858483,b0f066a214c2f5e87bad3c948f4d605d) (ScriptedImporter) -> (artifact id: 'fdf4033e9a3125f05ae5a4a386b7c540') in 0.0072818 seconds
Number of updated asset objects reloaded before import = 0Number of asset objects unloaded after import = 0

========================================================================
Received Import Request.
  Time since last request: 0.000040 seconds.
  path: Packages/com.unity.visualscripting/Runtime/VisualScripting.Core/Reflection/Optimization/Action_6.cs
  artifactKey: Guid(637699a0545ee4284830c7149ad3bcf7) Importer(2089858483,b0f066a214c2f5e87bad3c948f4d605d)
Start importing Packages/com.unity.visualscripting/Runtime/VisualScripting.Core/Reflection/Optimization/Action_6.cs using Guid(637699a0545ee4284830c7149ad3bcf7) Importer(2089858483,b0f066a214c2f5e87bad3c948f4d605d) (ScriptedImporter) -> (artifact id: '60c630fa408e7efa0c4af87b731a1d8a') in 0.0091672 seconds
Number of updated asset objects reloaded before import = 0Number of asset objects unloaded after import = 0

========================================================================
Received Import Request.
  Time since last request: 0.000027 seconds.
  path: Packages/com.unity.visualscripting/Runtime/VisualScripting.Flow/Framework/Logic/ExclusiveOr.cs
  artifactKey: Guid(c7e21c1f67cdd4ccd818755a0258d632) Importer(2089858483,b0f066a214c2f5e87bad3c948f4d605d)
Start importing Packages/com.unity.visualscripting/Runtime/VisualScripting.Flow/Framework/Logic/ExclusiveOr.cs using Guid(c7e21c1f67cdd4ccd818755a0258d632) Importer(2089858483,b0f066a214c2f5e87bad3c948f4d605d) (ScriptedImporter) -> (artifact id: 'c39d186142102f227a8ca82b913c9c9a') in 0.0066724 seconds
Number of updated asset objects reloaded before import = 0Number of asset objects unloaded after import = 0

========================================================================
Received Import Request.
  Time since last request: 0.000029 seconds.
  path: Packages/com.unity.visualscripting/Runtime/VisualScripting.Flow/Framework/Graph/GetScriptGraph.cs
  artifactKey: Guid(0617241f63fdf4b819789715e39c4a90) Importer(2089858483,b0f066a214c2f5e87bad3c948f4d605d)
Start importing Packages/com.unity.visualscripting/Runtime/VisualScripting.Flow/Framework/Graph/GetScriptGraph.cs using Guid(0617241f63fdf4b819789715e39c4a90) Importer(2089858483,b0f066a214c2f5e87bad3c948f4d605d) (ScriptedImporter) -> (artifact id: '8c001e405be27165832869f8df106586') in 0.0059867 seconds
Number of updated asset objects reloaded before import = 0Number of asset objects unloaded after import = 0

========================================================================
Received Import Request.
  Time since last request: 0.000039 seconds.
  path: Packages/com.unity.visualscripting/Runtime/VisualScripting.Flow/Framework/Control/SwitchOnString.cs
  artifactKey: Guid(45e0b31244d22469f891e908230c5ef8) Importer(2089858483,b0f066a214c2f5e87bad3c948f4d605d)
Start importing Packages/com.unity.visualscripting/Runtime/VisualScripting.Flow/Framework/Control/SwitchOnString.cs using Guid(45e0b31244d22469f891e908230c5ef8) Importer(2089858483,b0f066a214c2f5e87bad3c948f4d605d) (ScriptedImporter) -> (artifact id: 'e140077c7215942d992a1ecc37375c14') in 0.005542 seconds
Number of updated asset objects reloaded before import = 0Number of asset objects unloaded after import = 0

========================================================================
Received Import Request.
  Time since last request: 0.000025 seconds.
  path: Packages/com.unity.visualscripting/Runtime/VisualScripting.Flow/Framework/Logic/Greater.cs
  artifactKey: Guid(ef0a26fd5986a47e9810fdb3621ecc23) Importer(2089858483,b0f066a214c2f5e87bad3c948f4d605d)
Start importing Packages/com.unity.visualscripting/Runtime/VisualScripting.Flow/Framework/Logic/Greater.cs using Guid(ef0a26fd5986a47e9810fdb3621ecc23) Importer(2089858483,b0f066a214c2f5e87bad3c948f4d605d) (ScriptedImporter) -> (artifact id: '004290d7456da7b14433f5ab563948e6') in 0.0061054 seconds
Number of updated asset objects reloaded before import = 0Number of asset objects unloaded after import = 0

========================================================================
Received Import Request.
  Time since last request: 0.000033 seconds.
  path: Packages/com.unity.visualscripting/Runtime/VisualScripting.Flow/Framework/Codebase/GetMember.cs
  artifactKey: Guid(7f67023a80a5b4f2b9fc4ab3f44105d3) Importer(2089858483,b0f066a214c2f5e87bad3c948f4d605d)
Start importing Packages/com.unity.visualscripting/Runtime/VisualScripting.Flow/Framework/Codebase/GetMember.cs using Guid(7f67023a80a5b4f2b9fc4ab3f44105d3) Importer(2089858483,b0f066a214c2f5e87bad3c948f4d605d) (ScriptedImporter) -> (artifact id: 'cc11d0921836b0d54f4c1bd5de86a96f') in 0.0060042 seconds
Number of updated asset objects reloaded before import = 0Number of asset objects unloaded after import = 0

========================================================================
Received Import Request.
  Time since last request: 0.000031 seconds.
  path: Packages/com.unity.visualscripting/Runtime/VisualScripting.Flow/Dependencies/NCalc/ValueExpression.cs
  artifactKey: Guid(b7338a5f262ac4ecea97462e8eb78178) Importer(2089858483,b0f066a214c2f5e87bad3c948f4d605d)
Start importing Packages/com.unity.visualscripting/Runtime/VisualScripting.Flow/Dependencies/NCalc/ValueExpression.cs using Guid(b7338a5f262ac4ecea97462e8eb78178) Importer(2089858483,b0f066a214c2f5e87bad3c948f4d605d) (ScriptedImporter) -> (artifact id: '45bc2eb70f020997fc9b8d5b735a5061') in 0.0066128 seconds
Number of updated asset objects reloaded before import = 0Number of asset objects unloaded after import = 0

========================================================================
Received Import Request.
  Time since last request: 0.000034 seconds.
  path: Packages/com.unity.visualscripting/Runtime/VisualScripting.Flow/Framework/Control/ISelectUnit.cs
  artifactKey: Guid(cc799370020064779b996a885f88819b) Importer(2089858483,b0f066a214c2f5e87bad3c948f4d605d)
Start importing Packages/com.unity.visualscripting/Runtime/VisualScripting.Flow/Framework/Control/ISelectUnit.cs using Guid(cc799370020064779b996a885f88819b) Importer(2089858483,b0f066a214c2f5e87bad3c948f4d605d) (ScriptedImporter) -> (artifact id: '977c6b425af04987d3e8cb541f1c3153') in 0.0074986 seconds
Number of updated asset objects reloaded before import = 0Number of asset objects unloaded after import = 0

========================================================================
Received Import Request.
  Time since last request: 0.000030 seconds.
  path: Packages/com.unity.visualscripting/Runtime/VisualScripting.Flow/Framework/Events/BoltUnityEvent.cs
  artifactKey: Guid(f1f5cc0ec16bb47f8bca4d860c0c1339) Importer(2089858483,b0f066a214c2f5e87bad3c948f4d605d)
Start importing Packages/com.unity.visualscripting/Runtime/VisualScripting.Flow/Framework/Events/BoltUnityEvent.cs using Guid(f1f5cc0ec16bb47f8bca4d860c0c1339) Importer(2089858483,b0f066a214c2f5e87bad3c948f4d605d) (ScriptedImporter) -> (artifact id: '557fe614af2d47d6ba2cc69ca7e0ce53') in 0.0072923 seconds
Number of updated asset objects reloaded before import = 0Number of asset objects unloaded after import = 0

========================================================================
Received Import Request.
  Time since last request: 0.000036 seconds.
  path: Packages/com.unity.visualscripting/Runtime/VisualScripting.Flow/Framework/Control/SelectOnString.cs
  artifactKey: Guid(4945b8296ec5d4b6fad874116f9bc835) Importer(2089858483,b0f066a214c2f5e87bad3c948f4d605d)
Start importing Packages/com.unity.visualscripting/Runtime/VisualScripting.Flow/Framework/Control/SelectOnString.cs using Guid(4945b8296ec5d4b6fad874116f9bc835) Importer(2089858483,b0f066a214c2f5e87bad3c948f4d605d) (ScriptedImporter) -> (artifact id: '25c5f8b21c06df5511043651516595ea') in 0.0053753 seconds
Number of updated asset objects reloaded before import = 0Number of asset objects unloaded after import = 0

========================================================================
Received Import Request.
  Time since last request: 0.000039 seconds.
  path: Packages/com.unity.visualscripting/Runtime/VisualScripting.Core/Serialization/Converters/RayConverter.cs
  artifactKey: Guid(09866f522fd194ad594f316ca5a60535) Importer(2089858483,b0f066a214c2f5e87bad3c948f4d605d)
Start importing Packages/com.unity.visualscripting/Runtime/VisualScripting.Core/Serialization/Converters/RayConverter.cs using Guid(09866f522fd194ad594f316ca5a60535) Importer(2089858483,b0f066a214c2f5e87bad3c948f4d605d) (ScriptedImporter) -> (artifact id: '2309977a6a19a4706e41d349e29b8b05') in 0.0057631 seconds
Number of updated asset objects reloaded before import = 0Number of asset objects unloaded after import = 0

========================================================================
Received Import Request.
  Time since last request: 0.000050 seconds.
  path: Packages/com.unity.visualscripting/Runtime/VisualScripting.Flow/Dependencies/NCalc/EvaluationOption.cs
  artifactKey: Guid(b546fea2e0eea4ab98c47948cb30b03c) Importer(2089858483,b0f066a214c2f5e87bad3c948f4d605d)
Start importing Packages/com.unity.visualscripting/Runtime/VisualScripting.Flow/Dependencies/NCalc/EvaluationOption.cs using Guid(b546fea2e0eea4ab98c47948cb30b03c) Importer(2089858483,b0f066a214c2f5e87bad3c948f4d605d) (ScriptedImporter) -> (artifact id: 'c520c4e6054eace51a53a27b33fee977') in 0.0052967 seconds
Number of updated asset objects reloaded before import = 0Number of asset objects unloaded after import = 0

========================================================================
Received Import Request.
  Time since last request: 0.000029 seconds.
  path: Packages/com.unity.visualscripting/Runtime/VisualScripting.Flow/Framework/Graph/HasGraph.cs
  artifactKey: Guid(2a3ffd951e0554203aff7d10d1a9b2f7) Importer(2089858483,b0f066a214c2f5e87bad3c948f4d605d)
Start importing Packages/com.unity.visualscripting/Runtime/VisualScripting.Flow/Framework/Graph/HasGraph.cs using Guid(2a3ffd951e0554203aff7d10d1a9b2f7) Importer(2089858483,b0f066a214c2f5e87bad3c948f4d605d) (ScriptedImporter) -> (artifact id: 'e0fdd4591956e63ac63c810ffb05839c') in 0.0052986 seconds
Number of updated asset objects reloaded before import = 0Number of asset objects unloaded after import = 0

========================================================================
Received Import Request.
  Time since last request: 0.000028 seconds.
  path: Packages/com.unity.visualscripting/Runtime/VisualScripting.Flow/Framework/Control/SelectOnEnum.cs
  artifactKey: Guid(faf9b20d93da1412c8a40afd3632646a) Importer(2089858483,b0f066a214c2f5e87bad3c948f4d605d)
Start importing Packages/com.unity.visualscripting/Runtime/VisualScripting.Flow/Framework/Control/SelectOnEnum.cs using Guid(faf9b20d93da1412c8a40afd3632646a) Importer(2089858483,b0f066a214c2f5e87bad3c948f4d605d) (ScriptedImporter) -> (artifact id: 'dfefdf9466a892654f2357fa27cb1286') in 0.0072608 seconds
Number of updated asset objects reloaded before import = 0Number of asset objects unloaded after import = 0

========================================================================
Received Import Request.
  Time since last request: 0.000045 seconds.
  path: Packages/com.unity.visualscripting/Runtime/VisualScripting.Flow/Framework/Control/ToggleFlow.cs
  artifactKey: Guid(b468d76c18c2a410aa40c222a91eebb3) Importer(2089858483,b0f066a214c2f5e87bad3c948f4d605d)
Start importing Packages/com.unity.visualscripting/Runtime/VisualScripting.Flow/Framework/Control/ToggleFlow.cs using Guid(b468d76c18c2a410aa40c222a91eebb3) Importer(2089858483,b0f066a214c2f5e87bad3c948f4d605d) (ScriptedImporter) -> (artifact id: '490fde3c0d7b5e75661c10d3b5db8fd8') in 0.0080181 seconds
Number of updated asset objects reloaded before import = 0Number of asset objects unloaded after import = 0

========================================================================
Received Import Request.
  Time since last request: 0.000069 seconds.
  path: Packages/com.unity.visualscripting/Runtime/VisualScripting.Flow/Framework/Time/WaitForSecondsUnit.cs
  artifactKey: Guid(864067c09f11046dba76f5cacba7cbba) Importer(2089858483,b0f066a214c2f5e87bad3c948f4d605d)
Start importing Packages/com.unity.visualscripting/Runtime/VisualScripting.Flow/Framework/Time/WaitForSecondsUnit.cs using Guid(864067c09f11046dba76f5cacba7cbba) Importer(2089858483,b0f066a214c2f5e87bad3c948f4d605d) (ScriptedImporter) -> (artifact id: '3ac65192c25f8ec2f76ea828d9a42438') in 0.0079889 seconds
Number of updated asset objects reloaded before import = 0Number of asset objects unloaded after import = 0

========================================================================
Received Import Request.
  Time since last request: 0.000037 seconds.
  path: Packages/com.unity.visualscripting/Runtime/VisualScripting.Flow/Framework/Logic/Negate.cs
  artifactKey: Guid(3a9d9573a891442d2bdd357c42147851) Importer(2089858483,b0f066a214c2f5e87bad3c948f4d605d)
Start importing Packages/com.unity.visualscripting/Runtime/VisualScripting.Flow/Framework/Logic/Negate.cs using Guid(3a9d9573a891442d2bdd357c42147851) Importer(2089858483,b0f066a214c2f5e87bad3c948f4d605d) (ScriptedImporter) -> (artifact id: '1c1462ca1f806400d406182a7593515e') in 0.0081082 seconds
Number of updated asset objects reloaded before import = 0Number of asset objects unloaded after import = 0

========================================================================
Received Import Request.
  Time since last request: 0.000028 seconds.
  path: Packages/com.unity.visualscripting/Runtime/VisualScripting.Flow/Framework/Math/CrossProduct.cs
  artifactKey: Guid(dbb8929676d4f4af093f06971d7cc051) Importer(2089858483,b0f066a214c2f5e87bad3c948f4d605d)
Start importing Packages/com.unity.visualscripting/Runtime/VisualScripting.Flow/Framework/Math/CrossProduct.cs using Guid(dbb8929676d4f4af093f06971d7cc051) Importer(2089858483,b0f066a214c2f5e87bad3c948f4d605d) (ScriptedImporter) -> (artifact id: '0731d4b3148011c5755f93012fca232b') in 0.006095 seconds
Number of updated asset objects reloaded before import = 0Number of asset objects unloaded after import = 0

========================================================================
Received Import Request.
  Time since last request: 0.000058 seconds.
  path: Packages/com.unity.visualscripting/Runtime/VisualScripting.Flow/Framework/Math/Add.cs
  artifactKey: Guid(e690d92c6a6094c218b950b910edb21a) Importer(2089858483,b0f066a214c2f5e87bad3c948f4d605d)
Start importing Packages/com.unity.visualscripting/Runtime/VisualScripting.Flow/Framework/Math/Add.cs using Guid(e690d92c6a6094c218b950b910edb21a) Importer(2089858483,b0f066a214c2f5e87bad3c948f4d605d) (ScriptedImporter) -> (artifact id: '4cf351c1b652efac0d3550b5e4a00ae2') in 0.0061696 seconds
Number of updated asset objects reloaded before import = 0Number of asset objects unloaded after import = 0

========================================================================
Received Import Request.
  Time since last request: 0.000050 seconds.
  path: Packages/com.unity.visualscripting/Runtime/VisualScripting.Flow/Framework/Time/WaitForEndOfFrameUnit.cs
  artifactKey: Guid(08418bca4bc8e4506aeb510a5267664a) Importer(2089858483,b0f066a214c2f5e87bad3c948f4d605d)
Start importing Packages/com.unity.visualscripting/Runtime/VisualScripting.Flow/Framework/Time/WaitForEndOfFrameUnit.cs using Guid(08418bca4bc8e4506aeb510a5267664a) Importer(2089858483,b0f066a214c2f5e87bad3c948f4d605d) (ScriptedImporter) -> (artifact id: 'c9bc58ea80ab31e16c7af1fcaab1276c') in 0.0061384 seconds
Number of updated asset objects reloaded before import = 0Number of asset objects unloaded after import = 0

========================================================================
Received Import Request.
  Time since last request: 0.000023 seconds.
  path: Packages/com.unity.visualscripting/Runtime/VisualScripting.Flow/Framework/Time/WaitUnit.cs
  artifactKey: Guid(cc6b78093d57e40f883de7672944949a) Importer(2089858483,b0f066a214c2f5e87bad3c948f4d605d)
Start importing Packages/com.unity.visualscripting/Runtime/VisualScripting.Flow/Framework/Time/WaitUnit.cs using Guid(cc6b78093d57e40f883de7672944949a) Importer(2089858483,b0f066a214c2f5e87bad3c948f4d605d) (ScriptedImporter) -> (artifact id: '69a77ca112110f06d9ada4f1e4c617d8') in 0.0054666 seconds
Number of updated asset objects reloaded before import = 0Number of asset objects unloaded after import = 0

========================================================================
Received Import Request.
  Time since last request: 0.000029 seconds.
  path: Packages/com.unity.visualscripting/Runtime/VisualScripting.Flow/Dependencies/NCalc/FunctionExpression.cs
  artifactKey: Guid(9e4f622436c3c477bb484bd0114b74cb) Importer(2089858483,b0f066a214c2f5e87bad3c948f4d605d)
Start importing Packages/com.unity.visualscripting/Runtime/VisualScripting.Flow/Dependencies/NCalc/FunctionExpression.cs using Guid(9e4f622436c3c477bb484bd0114b74cb) Importer(2089858483,b0f066a214c2f5e87bad3c948f4d605d) (ScriptedImporter) -> (artifact id: '5a3beff258065a53cfae050f75f82d82') in 0.0048578 seconds
Number of updated asset objects reloaded before import = 0Number of asset objects unloaded after import = 0

========================================================================
Received Import Request.
  Time since last request: 0.000030 seconds.
  path: Packages/com.unity.visualscripting/Runtime/VisualScripting.Flow/Framework/Codebase/InvokeMember.cs
  artifactKey: Guid(89f8cd8ccb56d4a84b7f84d9819c7ca6) Importer(2089858483,b0f066a214c2f5e87bad3c948f4d605d)
Start importing Packages/com.unity.visualscripting/Runtime/VisualScripting.Flow/Framework/Codebase/InvokeMember.cs using Guid(89f8cd8ccb56d4a84b7f84d9819c7ca6) Importer(2089858483,b0f066a214c2f5e87bad3c948f4d605d) (ScriptedImporter) -> (artifact id: '790a479446c3e7c6384d0e94b001dc88') in 0.007017 seconds
Number of updated asset objects reloaded before import = 0Number of asset objects unloaded after import = 0

========================================================================
Received Import Request.
  Time since last request: 0.000034 seconds.
  path: Packages/com.unity.visualscripting/Runtime/VisualScripting.Flow/Framework/Math/Minimum.cs
  artifactKey: Guid(38e5d402f42bb4c47ab7cca54454af7d) Importer(2089858483,b0f066a214c2f5e87bad3c948f4d605d)
Start importing Packages/com.unity.visualscripting/Runtime/VisualScripting.Flow/Framework/Math/Minimum.cs using Guid(38e5d402f42bb4c47ab7cca54454af7d) Importer(2089858483,b0f066a214c2f5e87bad3c948f4d605d) (ScriptedImporter) -> (artifact id: 'c6d7ab3c5ce476a12fbf757c472bb2a0') in 0.0057945 seconds
Number of updated asset objects reloaded before import = 0Number of asset objects unloaded after import = 0

========================================================================
Received Import Request.
  Time since last request: 0.000032 seconds.
  path: Packages/com.unity.visualscripting/Runtime/VisualScripting.Flow/Framework/Control/SwitchUnit.cs
  artifactKey: Guid(00656f383fee948f694c016f8cdcb404) Importer(2089858483,b0f066a214c2f5e87bad3c948f4d605d)
Start importing Packages/com.unity.visualscripting/Runtime/VisualScripting.Flow/Framework/Control/SwitchUnit.cs using Guid(00656f383fee948f694c016f8cdcb404) Importer(2089858483,b0f066a214c2f5e87bad3c948f4d605d) (ScriptedImporter) -> (artifact id: 'c88e67a4e99583afbf62c714266f2f48') in 0.0101992 seconds
Number of updated asset objects reloaded before import = 0Number of asset objects unloaded after import = 0

========================================================================
Received Import Request.
  Time since last request: 0.000036 seconds.
  path: Packages/com.unity.visualscripting/Runtime/VisualScripting.Flow/Framework/Logic/NumericComparison.cs
  artifactKey: Guid(8dc4d806f74854bdda032e8f83badb42) Importer(2089858483,b0f066a214c2f5e87bad3c948f4d605d)
Start importing Packages/com.unity.visualscripting/Runtime/VisualScripting.Flow/Framework/Logic/NumericComparison.cs using Guid(8dc4d806f74854bdda032e8f83badb42) Importer(2089858483,b0f066a214c2f5e87bad3c948f4d605d) (ScriptedImporter) -> (artifact id: '2b0eb23c6329f78bfb35da0626a69ce7') in 0.0058662 seconds
Number of updated asset objects reloaded before import = 0Number of asset objects unloaded after import = 0

========================================================================
Received Import Request.
  Time since last request: 0.000033 seconds.
  path: Packages/com.unity.visualscripting/Runtime/VisualScripting.Flow/Framework/Events/GameObjectEventUnit.cs
  artifactKey: Guid(9e6cb5afb83024163b511b0ecdb549b2) Importer(2089858483,b0f066a214c2f5e87bad3c948f4d605d)
Start importing Packages/com.unity.visualscripting/Runtime/VisualScripting.Flow/Framework/Events/GameObjectEventUnit.cs using Guid(9e6cb5afb83024163b511b0ecdb549b2) Importer(2089858483,b0f066a214c2f5e87bad3c948f4d605d) (ScriptedImporter) -> (artifact id: '6bc7135d6cf32f5948605a27de939cc9') in 0.0060399 seconds
Number of updated asset objects reloaded before import = 0Number of asset objects unloaded after import = 0

========================================================================
Received Import Request.
  Time since last request: 0.000057 seconds.
  path: Packages/com.unity.visualscripting/Runtime/VisualScripting.Flow/Framework/Logic/BinaryComparisonUnit.cs
  artifactKey: Guid(f5f020d47318c410484053e208cf68b5) Importer(2089858483,b0f066a214c2f5e87bad3c948f4d605d)
Start importing Packages/com.unity.visualscripting/Runtime/VisualScripting.Flow/Framework/Logic/BinaryComparisonUnit.cs using Guid(f5f020d47318c410484053e208cf68b5) Importer(2089858483,b0f066a214c2f5e87bad3c948f4d605d) (ScriptedImporter) -> (artifact id: '279dc91cbdd4e7e9d37b9bf350d82b52') in 0.004843 seconds
Number of updated asset objects reloaded before import = 0Number of asset objects unloaded after import = 0

========================================================================
Received Import Request.
  Time since last request: 0.000030 seconds.
  path: Packages/com.unity.visualscripting/Runtime/VisualScripting.Flow/Framework/Codebase/MemberUnit.cs
  artifactKey: Guid(9ba199e97bc1b4300b1fc168762de698) Importer(2089858483,b0f066a214c2f5e87bad3c948f4d605d)
Start importing Packages/com.unity.visualscripting/Runtime/VisualScripting.Flow/Framework/Codebase/MemberUnit.cs using Guid(9ba199e97bc1b4300b1fc168762de698) Importer(2089858483,b0f066a214c2f5e87bad3c948f4d605d) (ScriptedImporter) -> (artifact id: 'c803f81933b4e5f6cd4e4b24e273d038') in 0.0053503 seconds
Number of updated asset objects reloaded before import = 0Number of asset objects unloaded after import = 0

========================================================================
Received Import Request.
  Time since last request: 0.000020 seconds.
  path: Packages/com.unity.visualscripting/Runtime/VisualScripting.Flow/Framework/Time/WaitForFlow.cs
  artifactKey: Guid(f1ce51feaceca405daca97b5a2789be9) Importer(2089858483,b0f066a214c2f5e87bad3c948f4d605d)
Start importing Packages/com.unity.visualscripting/Runtime/VisualScripting.Flow/Framework/Time/WaitForFlow.cs using Guid(f1ce51feaceca405daca97b5a2789be9) Importer(2089858483,b0f066a214c2f5e87bad3c948f4d605d) (ScriptedImporter) -> (artifact id: '0ce20d5bad096508ce7b4f453c80ca5f') in 0.006514 seconds
Number of updated asset objects reloaded before import = 0Number of asset objects unloaded after import = 0

========================================================================
Received Import Request.
  Time since last request: 0.000029 seconds.
  path: Packages/com.unity.visualscripting/Runtime/VisualScripting.Flow/Framework/Control/Break.cs
  artifactKey: Guid(6b88f499ac51e4e2d8f1c0c092962494) Importer(2089858483,b0f066a214c2f5e87bad3c948f4d605d)
Start importing Packages/com.unity.visualscripting/Runtime/VisualScripting.Flow/Framework/Control/Break.cs using Guid(6b88f499ac51e4e2d8f1c0c092962494) Importer(2089858483,b0f066a214c2f5e87bad3c948f4d605d) (ScriptedImporter) -> (artifact id: '4e56a4f30fe22851255de70e24e6d66b') in 0.0074512 seconds
Number of updated asset objects reloaded before import = 0Number of asset objects unloaded after import = 0

========================================================================
Received Import Request.
  Time since last request: 0.000043 seconds.
  path: Packages/com.unity.visualscripting/Runtime/VisualScripting.Flow/Framework/Math/Divide.cs
  artifactKey: Guid(19e33d0193ab84820855fc989cb9d7eb) Importer(2089858483,b0f066a214c2f5e87bad3c948f4d605d)
Start importing Packages/com.unity.visualscripting/Runtime/VisualScripting.Flow/Framework/Math/Divide.cs using Guid(19e33d0193ab84820855fc989cb9d7eb) Importer(2089858483,b0f066a214c2f5e87bad3c948f4d605d) (ScriptedImporter) -> (artifact id: '08923d614dd5a131f0fdeb8a3234a0b5') in 0.0082937 seconds
Number of updated asset objects reloaded before import = 0Number of asset objects unloaded after import = 0

========================================================================
Received Import Request.
  Time since last request: 0.000024 seconds.
  path: Packages/com.unity.visualscripting/Runtime/VisualScripting.Flow/Framework/Nesting/GraphInput.cs
  artifactKey: Guid(1dae8c3432bf04c91bc877618e08117e) Importer(2089858483,b0f066a214c2f5e87bad3c948f4d605d)
Start importing Packages/com.unity.visualscripting/Runtime/VisualScripting.Flow/Framework/Nesting/GraphInput.cs using Guid(1dae8c3432bf04c91bc877618e08117e) Importer(2089858483,b0f066a214c2f5e87bad3c948f4d605d) (ScriptedImporter) -> (artifact id: '59a38a2f5f00f12a4f37a915acb245df') in 0.0081901 seconds
Number of updated asset objects reloaded before import = 0Number of asset objects unloaded after import = 0

========================================================================
Received Import Request.
  Time since last request: 0.000026 seconds.
  path: Packages/com.unity.visualscripting/Runtime/VisualScripting.Flow/Framework/Math/Multiply.cs
  artifactKey: Guid(0c0792cd863dd4234ba2e204dc4a83e9) Importer(2089858483,b0f066a214c2f5e87bad3c948f4d605d)
Start importing Packages/com.unity.visualscripting/Runtime/VisualScripting.Flow/Framework/Math/Multiply.cs using Guid(0c0792cd863dd4234ba2e204dc4a83e9) Importer(2089858483,b0f066a214c2f5e87bad3c948f4d605d) (ScriptedImporter) -> (artifact id: 'ba0394c83817fcc774f03517290ca1de') in 0.006245 seconds
Number of updated asset objects reloaded before import = 0Number of asset objects unloaded after import = 0

========================================================================
Received Import Request.
  Time since last request: 0.000026 seconds.
  path: Packages/com.unity.visualscripting/Runtime/VisualScripting.Core/EditorBinding/Inspector/InspectViaImplementationsAttribute.cs
  artifactKey: Guid(d41d05ccecb37414bb4212154c0239b4) Importer(2089858483,b0f066a214c2f5e87bad3c948f4d605d)
Start importing Packages/com.unity.visualscripting/Runtime/VisualScripting.Core/EditorBinding/Inspector/InspectViaImplementationsAttribute.cs using Guid(d41d05ccecb37414bb4212154c0239b4) Importer(2089858483,b0f066a214c2f5e87bad3c948f4d605d) (ScriptedImporter) -> (artifact id: '49a48c84d959d57d2e0e90874afa30a5') in 0.0042578 seconds
Number of updated asset objects reloaded before import = 0Number of asset objects unloaded after import = 0

========================================================================
Received Import Request.
  Time since last request: 0.000034 seconds.
  path: Packages/com.unity.visualscripting/Runtime/VisualScripting.Core/EditorBinding/Inspector/InspectorExpandTooltipAttribute.cs
  artifactKey: Guid(5e447df39a878402a956665bd7041d02) Importer(2089858483,b0f066a214c2f5e87bad3c948f4d605d)
Start importing Packages/com.unity.visualscripting/Runtime/VisualScripting.Core/EditorBinding/Inspector/InspectorExpandTooltipAttribute.cs using Guid(5e447df39a878402a956665bd7041d02) Importer(2089858483,b0f066a214c2f5e87bad3c948f4d605d) (ScriptedImporter) -> (artifact id: 'efb2af953af0466b50bfc1ddd468f454') in 0.0043783 seconds
Number of updated asset objects reloaded before import = 0Number of asset objects unloaded after import = 0

========================================================================
Received Import Request.
  Time since last request: 0.000036 seconds.
  path: Packages/com.unity.visualscripting/Editor/VisualScripting.Core/Plugin/Acknowledgements/Acknowledgement_AqnParser.cs
  artifactKey: Guid(be139a32523b049ef8011bea0b31a3c1) Importer(2089858483,b0f066a214c2f5e87bad3c948f4d605d)
Start importing Packages/com.unity.visualscripting/Editor/VisualScripting.Core/Plugin/Acknowledgements/Acknowledgement_AqnParser.cs using Guid(be139a32523b049ef8011bea0b31a3c1) Importer(2089858483,b0f066a214c2f5e87bad3c948f4d605d) (ScriptedImporter) -> (artifact id: '7c8aa97028f4713bcbacbb9ea9e3c428') in 0.0064014 seconds
Number of updated asset objects reloaded before import = 0Number of asset objects unloaded after import = 0

========================================================================
Received Import Request.
  Time since last request: 0.000018 seconds.
  path: Packages/com.unity.visualscripting/Runtime/VisualScripting.Flow/Framework/Math/Absolute.cs
  artifactKey: Guid(77c25c2bc8cf0466b9bc9b3abff5d11b) Importer(2089858483,b0f066a214c2f5e87bad3c948f4d605d)
Start importing Packages/com.unity.visualscripting/Runtime/VisualScripting.Flow/Framework/Math/Absolute.cs using Guid(77c25c2bc8cf0466b9bc9b3abff5d11b) Importer(2089858483,b0f066a214c2f5e87bad3c948f4d605d) (ScriptedImporter) -> (artifact id: '0c821180ea9dcadcd438d4f1e12fd65d') in 0.0070349 seconds
Number of updated asset objects reloaded before import = 0Number of asset objects unloaded after import = 0

========================================================================
Received Import Request.
  Time since last request: 0.000039 seconds.
  path: Packages/com.unity.visualscripting/Runtime/VisualScripting.Flow/EditorBinding/PortLabelHiddenAttribute.cs
  artifactKey: Guid(57ded228646794ea2a6e7b966f8d9880) Importer(2089858483,b0f066a214c2f5e87bad3c948f4d605d)
Start importing Packages/com.unity.visualscripting/Runtime/VisualScripting.Flow/EditorBinding/PortLabelHiddenAttribute.cs using Guid(57ded228646794ea2a6e7b966f8d9880) Importer(2089858483,b0f066a214c2f5e87bad3c948f4d605d) (ScriptedImporter) -> (artifact id: '5bf83af60ff872a749baad89ab45dc43') in 0.0058431 seconds
Number of updated asset objects reloaded before import = 0Number of asset objects unloaded after import = 0

========================================================================
Received Import Request.
  Time since last request: 0.000053 seconds.
  path: Packages/com.unity.visualscripting/Runtime/VisualScripting.Flow/Framework/Collections/Dictionaries/DictionaryContainsKey.cs
  artifactKey: Guid(5302f3f2f10ec4408b355b4a2898b3dc) Importer(2089858483,b0f066a214c2f5e87bad3c948f4d605d)
Start importing Packages/com.unity.visualscripting/Runtime/VisualScripting.Flow/Framework/Collections/Dictionaries/DictionaryContainsKey.cs using Guid(5302f3f2f10ec4408b355b4a2898b3dc) Importer(2089858483,b0f066a214c2f5e87bad3c948f4d605d) (ScriptedImporter) -> (artifact id: '1c0a19cfe2844a0ccaf7d80130058805') in 0.0060396 seconds
Number of updated asset objects reloaded before import = 0Number of asset objects unloaded after import = 0

========================================================================
Received Import Request.
  Time since last request: 0.000024 seconds.
  path: Packages/com.unity.visualscripting/Runtime/VisualScripting.Flow/Framework/Collections/Dictionaries/SetDictionaryItem.cs
  artifactKey: Guid(b2c6916dd07ed47b7b77ccd07eea9fbe) Importer(2089858483,b0f066a214c2f5e87bad3c948f4d605d)
Start importing Packages/com.unity.visualscripting/Runtime/VisualScripting.Flow/Framework/Collections/Dictionaries/SetDictionaryItem.cs using Guid(b2c6916dd07ed47b7b77ccd07eea9fbe) Importer(2089858483,b0f066a214c2f5e87bad3c948f4d605d) (ScriptedImporter) -> (artifact id: '40f65f201aab551012af9c99dbed0bf6') in 0.0066174 seconds
Number of updated asset objects reloaded before import = 0Number of asset objects unloaded after import = 0

========================================================================
Received Import Request.
  Time since last request: 0.000022 seconds.
  path: Packages/com.unity.visualscripting/Runtime/VisualScripting.Core/Dependencies/FullSerializer/Reflection/fsMetaProperty.cs
  artifactKey: Guid(726bd1b4a2da44073b58af642cb2cd67) Importer(2089858483,b0f066a214c2f5e87bad3c948f4d605d)
Start importing Packages/com.unity.visualscripting/Runtime/VisualScripting.Core/Dependencies/FullSerializer/Reflection/fsMetaProperty.cs using Guid(726bd1b4a2da44073b58af642cb2cd67) Importer(2089858483,b0f066a214c2f5e87bad3c948f4d605d) (ScriptedImporter) -> (artifact id: '4ab79a1301156420d21f71a4d79a0e96') in 0.0064268 seconds
Number of updated asset objects reloaded before import = 0Number of asset objects unloaded after import = 0

========================================================================
Received Import Request.
  Time since last request: 0.000028 seconds.
  path: Packages/com.unity.visualscripting/Runtime/VisualScripting.Flow/Framework/Events/GUI/OnPointerDown.cs
  artifactKey: Guid(4fb1cea9670ed404b8b39e9753cb227d) Importer(2089858483,b0f066a214c2f5e87bad3c948f4d605d)
Start importing Packages/com.unity.visualscripting/Runtime/VisualScripting.Flow/Framework/Events/GUI/OnPointerDown.cs using Guid(4fb1cea9670ed404b8b39e9753cb227d) Importer(2089858483,b0f066a214c2f5e87bad3c948f4d605d) (ScriptedImporter) -> (artifact id: '8a104c421248c76c4b070f110646ad70') in 0.0059496 seconds
Number of updated asset objects reloaded before import = 0Number of asset objects unloaded after import = 0

========================================================================
Received Import Request.
  Time since last request: 0.000063 seconds.
  path: Packages/com.unity.visualscripting/Runtime/VisualScripting.Flow/Framework/Collections/Lists/RemoveListItemAt.cs
  artifactKey: Guid(02d696148f8cb481195f3b8f9e6704b3) Importer(2089858483,b0f066a214c2f5e87bad3c948f4d605d)
Start importing Packages/com.unity.visualscripting/Runtime/VisualScripting.Flow/Framework/Collections/Lists/RemoveListItemAt.cs using Guid(02d696148f8cb481195f3b8f9e6704b3) Importer(2089858483,b0f066a214c2f5e87bad3c948f4d605d) (ScriptedImporter) -> (artifact id: 'bfa19a4a1ae9d372b89b9be72eac597a') in 0.0060139 seconds
Number of updated asset objects reloaded before import = 0Number of asset objects unloaded after import = 0

========================================================================
Received Import Request.
  Time since last request: 0.000036 seconds.
  path: Packages/com.unity.visualscripting/Runtime/VisualScripting.Flow/Framework/Events/GUI/OnDrag.cs
  artifactKey: Guid(37c4fa51049d34219bcc2cc1ec7bea50) Importer(2089858483,b0f066a214c2f5e87bad3c948f4d605d)
Start importing Packages/com.unity.visualscripting/Runtime/VisualScripting.Flow/Framework/Events/GUI/OnDrag.cs using Guid(37c4fa51049d34219bcc2cc1ec7bea50) Importer(2089858483,b0f066a214c2f5e87bad3c948f4d605d) (ScriptedImporter) -> (artifact id: '4d0a0ef90f075bc8d93a2609f81263af') in 0.0053746 seconds
Number of updated asset objects reloaded before import = 0Number of asset objects unloaded after import = 0

========================================================================
Received Import Request.
  Time since last request: 0.000028 seconds.
  path: Packages/com.unity.visualscripting/Runtime/VisualScripting.Flow/Framework/Events/GUI/PointerEventUnit.cs
  artifactKey: Guid(388725224c49a43ffbaf106cda6dccad) Importer(2089858483,b0f066a214c2f5e87bad3c948f4d605d)
Start importing Packages/com.unity.visualscripting/Runtime/VisualScripting.Flow/Framework/Events/GUI/PointerEventUnit.cs using Guid(388725224c49a43ffbaf106cda6dccad) Importer(2089858483,b0f066a214c2f5e87bad3c948f4d605d) (ScriptedImporter) -> (artifact id: '2230b25236af5b137424d5ddee05486c') in 0.0067305 seconds
Number of updated asset objects reloaded before import = 0Number of asset objects unloaded after import = 0

========================================================================
Received Import Request.
  Time since last request: 0.000077 seconds.
  path: Packages/com.unity.visualscripting/Runtime/VisualScripting.Flow/Framework/Collections/Lists/MergeLists.cs
  artifactKey: Guid(6341e6a17829143b5894fd27dbf04b8a) Importer(2089858483,b0f066a214c2f5e87bad3c948f4d605d)
Start importing Packages/com.unity.visualscripting/Runtime/VisualScripting.Flow/Framework/Collections/Lists/MergeLists.cs using Guid(6341e6a17829143b5894fd27dbf04b8a) Importer(2089858483,b0f066a214c2f5e87bad3c948f4d605d) (ScriptedImporter) -> (artifact id: 'a2d6256b5ed854a97b6c74ba295af218') in 0.0071075 seconds
Number of updated asset objects reloaded before import = 0Number of asset objects unloaded after import = 0

========================================================================
Received Import Request.
  Time since last request: 0.000042 seconds.
  path: Packages/com.unity.visualscripting/Runtime/VisualScripting.Flow/Framework/Collections/Lists/CreateList.cs
  artifactKey: Guid(82c04fa1c09e14266bb9608173918eac) Importer(2089858483,b0f066a214c2f5e87bad3c948f4d605d)
Start importing Packages/com.unity.visualscripting/Runtime/VisualScripting.Flow/Framework/Collections/Lists/CreateList.cs using Guid(82c04fa1c09e14266bb9608173918eac) Importer(2089858483,b0f066a214c2f5e87bad3c948f4d605d) (ScriptedImporter) -> (artifact id: '82a966a19e727dddee9942ecf702c3df') in 0.0077868 seconds
Number of updated asset objects reloaded before import = 0Number of asset objects unloaded after import = 0

========================================================================
Received Import Request.
  Time since last request: 0.000029 seconds.
  path: Packages/com.unity.visualscripting/Editor/VisualScripting.Core/Plugin/Changelogs/LegacyLudiqGraphs/Changelog_1_3_0.cs
  artifactKey: Guid(d6e7141fd42ed429fae7352c1b66a6f0) Importer(2089858483,b0f066a214c2f5e87bad3c948f4d605d)
Start importing Packages/com.unity.visualscripting/Editor/VisualScripting.Core/Plugin/Changelogs/LegacyLudiqGraphs/Changelog_1_3_0.cs using Guid(d6e7141fd42ed429fae7352c1b66a6f0) Importer(2089858483,b0f066a214c2f5e87bad3c948f4d605d) (ScriptedImporter) -> (artifact id: 'c02e809c720b4f98f8ceadca8d4fa141') in 0.008848 seconds
Number of updated asset objects reloaded before import = 0Number of asset objects unloaded after import = 0

========================================================================
Received Import Request.
  Time since last request: 0.000033 seconds.
  path: Packages/com.unity.visualscripting/Runtime/VisualScripting.Core/Dependencies/FullSerializer/Internal/fsVersionManager.cs
  artifactKey: Guid(b20bca1887a4a470897d494be7929520) Importer(2089858483,b0f066a214c2f5e87bad3c948f4d605d)
Start importing Packages/com.unity.visualscripting/Runtime/VisualScripting.Core/Dependencies/FullSerializer/Internal/fsVersionManager.cs using Guid(b20bca1887a4a470897d494be7929520) Importer(2089858483,b0f066a214c2f5e87bad3c948f4d605d) (ScriptedImporter) -> (artifact id: 'ee8599b38bd606c73cd4fbd5b33d023b') in 0.0077727 seconds
Number of updated asset objects reloaded before import = 0Number of asset objects unloaded after import = 0

========================================================================
Received Import Request.
  Time since last request: 0.000027 seconds.
  path: Packages/com.unity.visualscripting/Runtime/VisualScripting.Flow/Framework/Collections/Lists/SetListItem.cs
  artifactKey: Guid(b845e4c74766f4b87a8fc3d2441f24a5) Importer(2089858483,b0f066a214c2f5e87bad3c948f4d605d)
Start importing Packages/com.unity.visualscripting/Runtime/VisualScripting.Flow/Framework/Collections/Lists/SetListItem.cs using Guid(b845e4c74766f4b87a8fc3d2441f24a5) Importer(2089858483,b0f066a214c2f5e87bad3c948f4d605d) (ScriptedImporter) -> (artifact id: 'e021276c8b26d6b20a096566cc942dd3') in 0.005626 seconds
Number of updated asset objects reloaded before import = 0Number of asset objects unloaded after import = 0

========================================================================
Received Import Request.
  Time since last request: 0.000032 seconds.
  path: Packages/com.unity.visualscripting/Editor/VisualScripting.Core/Plugin/Changelogs/LegacyLudiqCore/Changelog_1_0_3.cs
  artifactKey: Guid(b142f439114984af3a532b57fda2c820) Importer(2089858483,b0f066a214c2f5e87bad3c948f4d605d)
Start importing Packages/com.unity.visualscripting/Editor/VisualScripting.Core/Plugin/Changelogs/LegacyLudiqCore/Changelog_1_0_3.cs using Guid(b142f439114984af3a532b57fda2c820) Importer(2089858483,b0f066a214c2f5e87bad3c948f4d605d) (ScriptedImporter) -> (artifact id: '1beedd6f31245df2ca97a5433e6a1363') in 0.0053618 seconds
Number of updated asset objects reloaded before import = 0Number of asset objects unloaded after import = 0

========================================================================
Received Import Request.
  Time since last request: 0.000034 seconds.
  path: Packages/com.unity.visualscripting/Editor/VisualScripting.Core/Plugin/Changelogs/LegacyLudiqGraphs/Changelog_1_4_5.cs
  artifactKey: Guid(9db026615b4b14291b487e788cf2d074) Importer(2089858483,b0f066a214c2f5e87bad3c948f4d605d)
Start importing Packages/com.unity.visualscripting/Editor/VisualScripting.Core/Plugin/Changelogs/LegacyLudiqGraphs/Changelog_1_4_5.cs using Guid(9db026615b4b14291b487e788cf2d074) Importer(2089858483,b0f066a214c2f5e87bad3c948f4d605d) (ScriptedImporter) -> (artifact id: 'cc8b0bd634d7c95d3e0455e75ce781ff') in 0.0067228 seconds
Number of updated asset objects reloaded before import = 0Number of asset objects unloaded after import = 0

========================================================================
Received Import Request.
  Time since last request: 0.000026 seconds.
  path: Packages/com.unity.visualscripting/Runtime/VisualScripting.Core/Dependencies/FullSerializer/Converters/fsDictionaryConverter.cs
  artifactKey: Guid(2deb045d480ac4959bcb46744de8db3a) Importer(2089858483,b0f066a214c2f5e87bad3c948f4d605d)
Start importing Packages/com.unity.visualscripting/Runtime/VisualScripting.Core/Dependencies/FullSerializer/Converters/fsDictionaryConverter.cs using Guid(2deb045d480ac4959bcb46744de8db3a) Importer(2089858483,b0f066a214c2f5e87bad3c948f4d605d) (ScriptedImporter) -> (artifact id: 'aa405c5bf6301a67f562488bdf5f817e') in 0.005259 seconds
Number of updated asset objects reloaded before import = 0Number of asset objects unloaded after import = 0

========================================================================
Received Import Request.
  Time since last request: 0.000026 seconds.
  path: Packages/com.unity.visualscripting/Runtime/VisualScripting.Core/Dependencies/FullSerializer/Converters/fsIEnumerableConverter.cs
  artifactKey: Guid(83ff07ed5d5f746a18cff1d9fd010e93) Importer(2089858483,b0f066a214c2f5e87bad3c948f4d605d)
Start importing Packages/com.unity.visualscripting/Runtime/VisualScripting.Core/Dependencies/FullSerializer/Converters/fsIEnumerableConverter.cs using Guid(83ff07ed5d5f746a18cff1d9fd010e93) Importer(2089858483,b0f066a214c2f5e87bad3c948f4d605d) (ScriptedImporter) -> (artifact id: '6bfe2de3b4a093e057c5c530cdcde023') in 0.0055728 seconds
Number of updated asset objects reloaded before import = 0Number of asset objects unloaded after import = 0

========================================================================
Received Import Request.
  Time since last request: 0.000050 seconds.
  path: Packages/com.unity.visualscripting/Editor/VisualScripting.Core/Plugin/Changelogs/LegacyLudiqGraphs/Changelog_1_0_0.cs
  artifactKey: Guid(88c617e7448984bd8bf8b0f44f886997) Importer(2089858483,b0f066a214c2f5e87bad3c948f4d605d)
Start importing Packages/com.unity.visualscripting/Editor/VisualScripting.Core/Plugin/Changelogs/LegacyLudiqGraphs/Changelog_1_0_0.cs using Guid(88c617e7448984bd8bf8b0f44f886997) Importer(2089858483,b0f066a214c2f5e87bad3c948f4d605d) (ScriptedImporter) -> (artifact id: 'faeeb8bb1087267efc81553ef6e3eafd') in 0.0078459 seconds
Number of updated asset objects reloaded before import = 0Number of asset objects unloaded after import = 0

========================================================================
Received Import Request.
  Time since last request: 0.000027 seconds.
  path: Packages/com.unity.visualscripting/Runtime/VisualScripting.Core/Dependencies/FullSerializer/Internal/fsPortableReflection.cs
  artifactKey: Guid(6e8457d68030d4970ae014b8a8aa5e28) Importer(2089858483,b0f066a214c2f5e87bad3c948f4d605d)
Start importing Packages/com.unity.visualscripting/Runtime/VisualScripting.Core/Dependencies/FullSerializer/Internal/fsPortableReflection.cs using Guid(6e8457d68030d4970ae014b8a8aa5e28) Importer(2089858483,b0f066a214c2f5e87bad3c948f4d605d) (ScriptedImporter) -> (artifact id: '597fdf40474d90e6a3d5d434b7495afa') in 0.0058892 seconds
Number of updated asset objects reloaded before import = 0Number of asset objects unloaded after import = 0

========================================================================
Received Import Request.
  Time since last request: 0.000025 seconds.
  path: Packages/com.unity.visualscripting/Runtime/VisualScripting.Flow/Framework/Events/GUI/OnSubmit.cs
  artifactKey: Guid(53b84e2c33f614e819d1917fbf0c6230) Importer(2089858483,b0f066a214c2f5e87bad3c948f4d605d)
Start importing Packages/com.unity.visualscripting/Runtime/VisualScripting.Flow/Framework/Events/GUI/OnSubmit.cs using Guid(53b84e2c33f614e819d1917fbf0c6230) Importer(2089858483,b0f066a214c2f5e87bad3c948f4d605d) (ScriptedImporter) -> (artifact id: 'bbf9c5e203edc9e203830a0778f106de') in 0.0055659 seconds
Number of updated asset objects reloaded before import = 0Number of asset objects unloaded after import = 0

========================================================================
Received Import Request.
  Time since last request: 0.000033 seconds.
  path: Packages/com.unity.visualscripting/Editor/VisualScripting.Core/Plugin/Changelogs/LegacyLudiqGraphs/Changelog_1_4_0.cs
  artifactKey: Guid(a28779cb0a23d45e99974cbfa752905c) Importer(2089858483,b0f066a214c2f5e87bad3c948f4d605d)
Start importing Packages/com.unity.visualscripting/Editor/VisualScripting.Core/Plugin/Changelogs/LegacyLudiqGraphs/Changelog_1_4_0.cs using Guid(a28779cb0a23d45e99974cbfa752905c) Importer(2089858483,b0f066a214c2f5e87bad3c948f4d605d) (ScriptedImporter) -> (artifact id: '4c760c1014e63cac1f00c4f1794a69a4') in 0.0060332 seconds
Number of updated asset objects reloaded before import = 0Number of asset objects unloaded after import = 0

========================================================================
Received Import Request.
  Time since last request: 0.000040 seconds.
  path: Packages/com.unity.visualscripting/Editor/VisualScripting.Core/Plugin/Changelogs/LegacyLudiqCore/Changelog_1_0_5.cs
  artifactKey: Guid(8d35773964af148639b8eadf97586c79) Importer(2089858483,b0f066a214c2f5e87bad3c948f4d605d)
Start importing Packages/com.unity.visualscripting/Editor/VisualScripting.Core/Plugin/Changelogs/LegacyLudiqCore/Changelog_1_0_5.cs using Guid(8d35773964af148639b8eadf97586c79) Importer(2089858483,b0f066a214c2f5e87bad3c948f4d605d) (ScriptedImporter) -> (artifact id: '3c4ae99815d0b6c810eee2bf125d5125') in 0.0067978 seconds
Number of updated asset objects reloaded before import = 0Number of asset objects unloaded after import = 0

========================================================================
Received Import Request.
  Time since last request: 0.000026 seconds.
  path: Packages/com.unity.visualscripting/Editor/VisualScripting.Core/Plugin/Changelogs/LegacyLudiqCore/Changelog_1_2_3.cs
  artifactKey: Guid(f662210e7a8f640e7a1db92d95218750) Importer(2089858483,b0f066a214c2f5e87bad3c948f4d605d)
Start importing Packages/com.unity.visualscripting/Editor/VisualScripting.Core/Plugin/Changelogs/LegacyLudiqCore/Changelog_1_2_3.cs using Guid(f662210e7a8f640e7a1db92d95218750) Importer(2089858483,b0f066a214c2f5e87bad3c948f4d605d) (ScriptedImporter) -> (artifact id: '075a4ab856a2f45b2dd60eb9ad43405e') in 0.0074953 seconds
Number of updated asset objects reloaded before import = 0Number of asset objects unloaded after import = 0

========================================================================
Received Import Request.
  Time since last request: 0.000025 seconds.
  path: Packages/com.unity.visualscripting/Editor/VisualScripting.Flow/Framework/Variables/Obsolete/VariableUnitWidget.cs
  artifactKey: Guid(e369d7f61e2b345dc9cde04295c6d7fc) Importer(2089858483,b0f066a214c2f5e87bad3c948f4d605d)
Start importing Packages/com.unity.visualscripting/Editor/VisualScripting.Flow/Framework/Variables/Obsolete/VariableUnitWidget.cs using Guid(e369d7f61e2b345dc9cde04295c6d7fc) Importer(2089858483,b0f066a214c2f5e87bad3c948f4d605d) (ScriptedImporter) -> (artifact id: 'd0571ff065741d403b37b6ab08e4bc10') in 0.0107983 seconds
Number of updated asset objects reloaded before import = 0Number of asset objects unloaded after import = 0

========================================================================
Received Import Request.
  Time since last request: 0.000025 seconds.
  path: Packages/com.unity.visualscripting/Runtime/VisualScripting.Flow/Framework/Events/GUI/OnMove.cs
  artifactKey: Guid(2a27e2d609de84c398a54131860c6a4c) Importer(2089858483,b0f066a214c2f5e87bad3c948f4d605d)
Start importing Packages/com.unity.visualscripting/Runtime/VisualScripting.Flow/Framework/Events/GUI/OnMove.cs using Guid(2a27e2d609de84c398a54131860c6a4c) Importer(2089858483,b0f066a214c2f5e87bad3c948f4d605d) (ScriptedImporter) -> (artifact id: 'bff389d1f59396b110dd76e4ae3c1d24') in 0.0075886 seconds
Number of updated asset objects reloaded before import = 0Number of asset objects unloaded after import = 0

========================================================================
Received Import Request.
  Time since last request: 0.000044 seconds.
  path: Packages/com.unity.visualscripting/Editor/VisualScripting.Core/Plugin/Changelogs/LegacyLudiqGraphs/Changelog_1_0_1.cs
  artifactKey: Guid(e96dbef876a1548f2ae93f42a8ccded2) Importer(2089858483,b0f066a214c2f5e87bad3c948f4d605d)
Start importing Packages/com.unity.visualscripting/Editor/VisualScripting.Core/Plugin/Changelogs/LegacyLudiqGraphs/Changelog_1_0_1.cs using Guid(e96dbef876a1548f2ae93f42a8ccded2) Importer(2089858483,b0f066a214c2f5e87bad3c948f4d605d) (ScriptedImporter) -> (artifact id: '186aa161a34053771dc0896d30365375') in 0.0086156 seconds
Number of updated asset objects reloaded before import = 0Number of asset objects unloaded after import = 0

========================================================================
Received Import Request.
  Time since last request: 0.000028 seconds.
  path: Packages/com.unity.visualscripting/Editor/VisualScripting.Core/Plugin/Changelogs/LegacyLudiqCore/Changelog_1_0_6.cs
  artifactKey: Guid(610e9d67618e64ecf89e557badb94348) Importer(2089858483,b0f066a214c2f5e87bad3c948f4d605d)
Start importing Packages/com.unity.visualscripting/Editor/VisualScripting.Core/Plugin/Changelogs/LegacyLudiqCore/Changelog_1_0_6.cs using Guid(610e9d67618e64ecf89e557badb94348) Importer(2089858483,b0f066a214c2f5e87bad3c948f4d605d) (ScriptedImporter) -> (artifact id: '8ec47c281a1df7098be0b923d850333e') in 0.0078395 seconds
Number of updated asset objects reloaded before import = 0Number of asset objects unloaded after import = 0

========================================================================
Received Import Request.
  Time since last request: 0.000019 seconds.
  path: Packages/com.unity.visualscripting/Runtime/VisualScripting.Flow/Framework/Events/GUI/OnScrollbarValueChanged.cs
  artifactKey: Guid(7de1914c008434f0ba80bfb3a0a51c3a) Importer(2089858483,b0f066a214c2f5e87bad3c948f4d605d)
Start importing Packages/com.unity.visualscripting/Runtime/VisualScripting.Flow/Framework/Events/GUI/OnScrollbarValueChanged.cs using Guid(7de1914c008434f0ba80bfb3a0a51c3a) Importer(2089858483,b0f066a214c2f5e87bad3c948f4d605d) (ScriptedImporter) -> (artifact id: '4073dada39bc9059c5bac3661eeb866d') in 0.0064734 seconds
Number of updated asset objects reloaded before import = 0Number of asset objects unloaded after import = 0

========================================================================
Received Import Request.
  Time since last request: 0.000028 seconds.
  path: Packages/com.unity.visualscripting/Runtime/VisualScripting.Core/Dependencies/FullSerializer/Converters/fsKeyValuePairConverter.cs
  artifactKey: Guid(37bee35b01d89446581ee06eb78ab74e) Importer(2089858483,b0f066a214c2f5e87bad3c948f4d605d)
Start importing Packages/com.unity.visualscripting/Runtime/VisualScripting.Core/Dependencies/FullSerializer/Converters/fsKeyValuePairConverter.cs using Guid(37bee35b01d89446581ee06eb78ab74e) Importer(2089858483,b0f066a214c2f5e87bad3c948f4d605d) (ScriptedImporter) -> (artifact id: '7e4f7b3a1e2883576b93940a7c4d1b4c') in 0.0081677 seconds
Number of updated asset objects reloaded before import = 0Number of asset objects unloaded after import = 0

========================================================================
Received Import Request.
  Time since last request: 0.000048 seconds.
  path: Packages/com.unity.visualscripting/Runtime/VisualScripting.Flow/Framework/Events/GUI/OnDrop.cs
  artifactKey: Guid(2cb32bdd74a974edca6f484948550496) Importer(2089858483,b0f066a214c2f5e87bad3c948f4d605d)
Start importing Packages/com.unity.visualscripting/Runtime/VisualScripting.Flow/Framework/Events/GUI/OnDrop.cs using Guid(2cb32bdd74a974edca6f484948550496) Importer(2089858483,b0f066a214c2f5e87bad3c948f4d605d) (ScriptedImporter) -> (artifact id: '08e7404569362590dead91816a603bce') in 0.0084634 seconds
Number of updated asset objects reloaded before import = 0Number of asset objects unloaded after import = 0

========================================================================
Received Import Request.
  Time since last request: 0.000024 seconds.
  path: Packages/com.unity.visualscripting/Runtime/VisualScripting.Flow/Framework/Events/GUI/OnSliderValueChanged.cs
  artifactKey: Guid(1ae7f5eeba3d646d8ab26bd7052e59df) Importer(2089858483,b0f066a214c2f5e87bad3c948f4d605d)
Start importing Packages/com.unity.visualscripting/Runtime/VisualScripting.Flow/Framework/Events/GUI/OnSliderValueChanged.cs using Guid(1ae7f5eeba3d646d8ab26bd7052e59df) Importer(2089858483,b0f066a214c2f5e87bad3c948f4d605d) (ScriptedImporter) -> (artifact id: 'ce7f564519c6b257c7242f31961fd05e') in 0.0083333 seconds
Number of updated asset objects reloaded before import = 0Number of asset objects unloaded after import = 0

========================================================================
Received Import Request.
  Time since last request: 0.000035 seconds.
  path: Packages/com.unity.visualscripting/Editor/VisualScripting.Core/Plugin/Changelogs/LegacyLudiqGraphs/Changelog_1_4_1.cs
  artifactKey: Guid(f3b23c5b811b54a9ab7a6c88146a46a5) Importer(2089858483,b0f066a214c2f5e87bad3c948f4d605d)
Start importing Packages/com.unity.visualscripting/Editor/VisualScripting.Core/Plugin/Changelogs/LegacyLudiqGraphs/Changelog_1_4_1.cs using Guid(f3b23c5b811b54a9ab7a6c88146a46a5) Importer(2089858483,b0f066a214c2f5e87bad3c948f4d605d) (ScriptedImporter) -> (artifact id: '55560c49ae78cf02a52f298a4302852e') in 0.0049649 seconds
Number of updated asset objects reloaded before import = 0Number of asset objects unloaded after import = 0

========================================================================
Received Import Request.
  Time since last request: 0.000026 seconds.
  path: Packages/com.unity.visualscripting/Editor/VisualScripting.Core/Plugin/Changelogs/LegacyLudiqCore/Changelog_1_3_0.cs
  artifactKey: Guid(4f0fcc32437ff48c09d21d42c3255fc7) Importer(2089858483,b0f066a214c2f5e87bad3c948f4d605d)
Start importing Packages/com.unity.visualscripting/Editor/VisualScripting.Core/Plugin/Changelogs/LegacyLudiqCore/Changelog_1_3_0.cs using Guid(4f0fcc32437ff48c09d21d42c3255fc7) Importer(2089858483,b0f066a214c2f5e87bad3c948f4d605d) (ScriptedImporter) -> (artifact id: 'ad9cc6528027e44c8b1d02c2478911e7') in 0.0059715 seconds
Number of updated asset objects reloaded before import = 0Number of asset objects unloaded after import = 0

========================================================================
Received Import Request.
  Time since last request: 0.000046 seconds.
  path: Packages/com.unity.visualscripting/Runtime/VisualScripting.Flow/Framework/Events/GUI/OnPointerEnter.cs
  artifactKey: Guid(47df8b0e5f16248518d0ea6e53cc9525) Importer(2089858483,b0f066a214c2f5e87bad3c948f4d605d)
Start importing Packages/com.unity.visualscripting/Runtime/VisualScripting.Flow/Framework/Events/GUI/OnPointerEnter.cs using Guid(47df8b0e5f16248518d0ea6e53cc9525) Importer(2089858483,b0f066a214c2f5e87bad3c948f4d605d) (ScriptedImporter) -> (artifact id: '43b830659d67ce4fc4e7b45fd81736d4') in 0.0049853 seconds
Number of updated asset objects reloaded before import = 0Number of asset objects unloaded after import = 0

========================================================================
Received Import Request.
  Time since last request: 0.000026 seconds.
  path: Packages/com.unity.visualscripting/Runtime/VisualScripting.Flow/Framework/Events/Animation/BoltAnimationEvent.cs
  artifactKey: Guid(c7f8ec277ae294bb78e0034461acc14f) Importer(2089858483,b0f066a214c2f5e87bad3c948f4d605d)
Start importing Packages/com.unity.visualscripting/Runtime/VisualScripting.Flow/Framework/Events/Animation/BoltAnimationEvent.cs using Guid(c7f8ec277ae294bb78e0034461acc14f) Importer(2089858483,b0f066a214c2f5e87bad3c948f4d605d) (ScriptedImporter) -> (artifact id: '4f51e4cb480853e1d255661ec893aff1') in 0.0055732 seconds
Number of updated asset objects reloaded before import = 0Number of asset objects unloaded after import = 0

========================================================================
Received Import Request.
  Time since last request: 0.000021 seconds.
  path: Packages/com.unity.visualscripting/Editor/VisualScripting.Core/Plugin/Changelogs/LegacyLudiqCore/Changelog_1_4_9.cs
  artifactKey: Guid(f054a4715ad254dfab245269e62c3b44) Importer(2089858483,b0f066a214c2f5e87bad3c948f4d605d)
Start importing Packages/com.unity.visualscripting/Editor/VisualScripting.Core/Plugin/Changelogs/LegacyLudiqCore/Changelog_1_4_9.cs using Guid(f054a4715ad254dfab245269e62c3b44) Importer(2089858483,b0f066a214c2f5e87bad3c948f4d605d) (ScriptedImporter) -> (artifact id: 'b6f203aa41678174a159ff2ee9d72952') in 0.0062606 seconds
Number of updated asset objects reloaded before import = 0Number of asset objects unloaded after import = 0

========================================================================
Received Import Request.
  Time since last request: 0.000048 seconds.
  path: Packages/com.unity.visualscripting/Runtime/VisualScripting.Flow/Framework/Math/Vector3/Vector3Normalize.cs
  artifactKey: Guid(69b3064e843284997ad557b3308b2fbc) Importer(2089858483,b0f066a214c2f5e87bad3c948f4d605d)
Start importing Packages/com.unity.visualscripting/Runtime/VisualScripting.Flow/Framework/Math/Vector3/Vector3Normalize.cs using Guid(69b3064e843284997ad557b3308b2fbc) Importer(2089858483,b0f066a214c2f5e87bad3c948f4d605d) (ScriptedImporter) -> (artifact id: 'e07ac9b2739ea89d674749880965d237') in 0.0049451 seconds
Number of updated asset objects reloaded before import = 0Number of asset objects unloaded after import = 0

========================================================================
Received Import Request.
  Time since last request: 0.000084 seconds.
  path: Packages/com.unity.visualscripting/Runtime/VisualScripting.Flow/Framework/Math/Vector2/Vector2Subtract.cs
  artifactKey: Guid(702e0755b397447d4a074ff887a045ba) Importer(2089858483,b0f066a214c2f5e87bad3c948f4d605d)
Start importing Packages/com.unity.visualscripting/Runtime/VisualScripting.Flow/Framework/Math/Vector2/Vector2Subtract.cs using Guid(702e0755b397447d4a074ff887a045ba) Importer(2089858483,b0f066a214c2f5e87bad3c948f4d605d) (ScriptedImporter) -> (artifact id: 'c4e5668458710cfb1b666c2eccb2d23b') in 0.0055105 seconds
Number of updated asset objects reloaded before import = 0Number of asset objects unloaded after import = 0

========================================================================
Received Import Request.
  Time since last request: 0.000021 seconds.
  path: Packages/com.unity.visualscripting/Runtime/VisualScripting.Flow/Framework/Math/Vector2/Vector2Maximum.cs
  artifactKey: Guid(2773b1278094c421baea92a3238c8231) Importer(2089858483,b0f066a214c2f5e87bad3c948f4d605d)
Start importing Packages/com.unity.visualscripting/Runtime/VisualScripting.Flow/Framework/Math/Vector2/Vector2Maximum.cs using Guid(2773b1278094c421baea92a3238c8231) Importer(2089858483,b0f066a214c2f5e87bad3c948f4d605d) (ScriptedImporter) -> (artifact id: '601f231d27947892cf1bd8a76f6fb0a3') in 0.0070972 seconds
Number of updated asset objects reloaded before import = 0Number of asset objects unloaded after import = 0

========================================================================
Received Import Request.
  Time since last request: 0.000030 seconds.
  path: Packages/com.unity.visualscripting/Runtime/VisualScripting.Flow/Framework/Math/Vector3/Vector3Modulo.cs
  artifactKey: Guid(d1158b8eb76074d23891010ce3a7de67) Importer(2089858483,b0f066a214c2f5e87bad3c948f4d605d)
Start importing Packages/com.unity.visualscripting/Runtime/VisualScripting.Flow/Framework/Math/Vector3/Vector3Modulo.cs using Guid(d1158b8eb76074d23891010ce3a7de67) Importer(2089858483,b0f066a214c2f5e87bad3c948f4d605d) (ScriptedImporter) -> (artifact id: '32d1d3be943a77c0cb040f9b6f35b80e') in 0.0067848 seconds
Number of updated asset objects reloaded before import = 0Number of asset objects unloaded after import = 0

========================================================================
Received Import Request.
  Time since last request: 0.000028 seconds.
  path: Packages/com.unity.visualscripting/Runtime/VisualScripting.Flow/Framework/Events/Input/OnMouseInput.cs
  artifactKey: Guid(3ac0ecc56b475422cab6f6c037407b4c) Importer(2089858483,b0f066a214c2f5e87bad3c948f4d605d)
Start importing Packages/com.unity.visualscripting/Runtime/VisualScripting.Flow/Framework/Events/Input/OnMouseInput.cs using Guid(3ac0ecc56b475422cab6f6c037407b4c) Importer(2089858483,b0f066a214c2f5e87bad3c948f4d605d) (ScriptedImporter) -> (artifact id: '600504d7524b63b69efd8847c5758438') in 0.0079635 seconds
Number of updated asset objects reloaded before import = 0Number of asset objects unloaded after import = 0

========================================================================
Received Import Request.
  Time since last request: 0.000038 seconds.
  path: Packages/com.unity.visualscripting/Runtime/VisualScripting.Flow/Framework/Math/Vector3/DeprecatedVector3Add.cs
  artifactKey: Guid(e60cebb24d0ad4159a42397d8682886b) Importer(2089858483,b0f066a214c2f5e87bad3c948f4d605d)
Start importing Packages/com.unity.visualscripting/Runtime/VisualScripting.Flow/Framework/Math/Vector3/DeprecatedVector3Add.cs using Guid(e60cebb24d0ad4159a42397d8682886b) Importer(2089858483,b0f066a214c2f5e87bad3c948f4d605d) (ScriptedImporter) -> (artifact id: '4cfd8981ebb547b84894419e86cb6972') in 0.0071171 seconds
Number of updated asset objects reloaded before import = 0Number of asset objects unloaded after import = 0

========================================================================
Received Import Request.
  Time since last request: 0.000025 seconds.
  path: Packages/com.unity.visualscripting/Runtime/VisualScripting.Flow/Framework/Variables/Obsolete/IsApplicationVariableDefined.cs
  artifactKey: Guid(3679dba2230a148fba63628cfe35a761) Importer(2089858483,b0f066a214c2f5e87bad3c948f4d605d)
Start importing Packages/com.unity.visualscripting/Runtime/VisualScripting.Flow/Framework/Variables/Obsolete/IsApplicationVariableDefined.cs using Guid(3679dba2230a148fba63628cfe35a761) Importer(2089858483,b0f066a214c2f5e87bad3c948f4d605d) (ScriptedImporter) -> (artifact id: 'fb850d8988af1ec124c4b01cc2d64a7f') in 0.005396 seconds
Number of updated asset objects reloaded before import = 0Number of asset objects unloaded after import = 0

========================================================================
Received Import Request.
  Time since last request: 0.000027 seconds.
  path: Packages/com.unity.visualscripting/Runtime/VisualScripting.Flow/Framework/Events/Input/OnKeyboardInput.cs
  artifactKey: Guid(cbd776ebe9edf4b5ea0af4c0cf57fbe8) Importer(2089858483,b0f066a214c2f5e87bad3c948f4d605d)
Start importing Packages/com.unity.visualscripting/Runtime/VisualScripting.Flow/Framework/Events/Input/OnKeyboardInput.cs using Guid(cbd776ebe9edf4b5ea0af4c0cf57fbe8) Importer(2089858483,b0f066a214c2f5e87bad3c948f4d605d) (ScriptedImporter) -> (artifact id: 'a20f62ee2b7e5c601692e315a73db7e3') in 0.0073326 seconds
Number of updated asset objects reloaded before import = 0Number of asset objects unloaded after import = 0

========================================================================
Received Import Request.
  Time since last request: 0.000032 seconds.
  path: Packages/com.unity.visualscripting/Runtime/VisualScripting.Flow/Framework/Math/Scalar/ScalarPerSecond.cs
  artifactKey: Guid(0c1309dd586a34490bf26bf206287b55) Importer(2089858483,b0f066a214c2f5e87bad3c948f4d605d)
Start importing Packages/com.unity.visualscripting/Runtime/VisualScripting.Flow/Framework/Math/Scalar/ScalarPerSecond.cs using Guid(0c1309dd586a34490bf26bf206287b55) Importer(2089858483,b0f066a214c2f5e87bad3c948f4d605d) (ScriptedImporter) -> (artifact id: '31a818fc761789bed1e626a62b0c79dc') in 0.0045955 seconds
Number of updated asset objects reloaded before import = 0Number of asset objects unloaded after import = 0

========================================================================
Received Import Request.
  Time since last request: 0.000039 seconds.
  path: Packages/com.unity.visualscripting/Runtime/VisualScripting.Flow/Framework/Events/Input/OnMouseUpAsButton.cs
  artifactKey: Guid(24e26898f2c324c9d8cb20900b1e03f8) Importer(2089858483,b0f066a214c2f5e87bad3c948f4d605d)
Start importing Packages/com.unity.visualscripting/Runtime/VisualScripting.Flow/Framework/Events/Input/OnMouseUpAsButton.cs using Guid(24e26898f2c324c9d8cb20900b1e03f8) Importer(2089858483,b0f066a214c2f5e87bad3c948f4d605d) (ScriptedImporter) -> (artifact id: '619b693cbed1f156735b293b9e4eb60c') in 0.0063408 seconds
Number of updated asset objects reloaded before import = 0Number of asset objects unloaded after import = 0

========================================================================
Received Import Request.
  Time since last request: 0.000020 seconds.
  path: Packages/com.unity.visualscripting/Runtime/VisualScripting.Flow/Framework/Events/Physics/OnParticleCollision.cs
  artifactKey: Guid(29de1fc267e004ed4bee9066b133258e) Importer(2089858483,b0f066a214c2f5e87bad3c948f4d605d)
Start importing Packages/com.unity.visualscripting/Runtime/VisualScripting.Flow/Framework/Events/Physics/OnParticleCollision.cs using Guid(29de1fc267e004ed4bee9066b133258e) Importer(2089858483,b0f066a214c2f5e87bad3c948f4d605d) (ScriptedImporter) -> (artifact id: '9e942b9ef32d057ec51502536d1f09c5') in 0.0065938 seconds
Number of updated asset objects reloaded before import = 0Number of asset objects unloaded after import = 0

========================================================================
Received Import Request.
  Time since last request: 0.000019 seconds.
  path: Packages/com.unity.visualscripting/Runtime/VisualScripting.Flow/Framework/Events/Physics2D/OnCollisionEnter2D.cs
  artifactKey: Guid(ddd8f3642494344d7937d9b32f751b2d) Importer(2089858483,b0f066a214c2f5e87bad3c948f4d605d)
Start importing Packages/com.unity.visualscripting/Runtime/VisualScripting.Flow/Framework/Events/Physics2D/OnCollisionEnter2D.cs using Guid(ddd8f3642494344d7937d9b32f751b2d) Importer(2089858483,b0f066a214c2f5e87bad3c948f4d605d) (ScriptedImporter) -> (artifact id: '0b7df58191a046974854aada8b6e0936') in 0.0058077 seconds
Number of updated asset objects reloaded before import = 0Number of asset objects unloaded after import = 0

========================================================================
Received Import Request.
  Time since last request: 0.000020 seconds.
  path: Packages/com.unity.visualscripting/Runtime/VisualScripting.Flow/Framework/Variables/Obsolete/GetApplicationVariable.cs
  artifactKey: Guid(7bfae76d280dc41b0bdf920ed2c37a41) Importer(2089858483,b0f066a214c2f5e87bad3c948f4d605d)
Start importing Packages/com.unity.visualscripting/Runtime/VisualScripting.Flow/Framework/Variables/Obsolete/GetApplicationVariable.cs using Guid(7bfae76d280dc41b0bdf920ed2c37a41) Importer(2089858483,b0f066a214c2f5e87bad3c948f4d605d) (ScriptedImporter) -> (artifact id: '195239c4b0024651c1cf49e3d775bbe6') in 0.0050976 seconds
Number of updated asset objects reloaded before import = 0Number of asset objects unloaded after import = 0

========================================================================
Received Import Request.
  Time since last request: 0.000040 seconds.
  path: Packages/com.unity.visualscripting/Runtime/VisualScripting.Flow/Framework/Math/Generic/GenericMultiply.cs
  artifactKey: Guid(2c0466a3f6c794ba99744554b7540055) Importer(2089858483,b0f066a214c2f5e87bad3c948f4d605d)
Start importing Packages/com.unity.visualscripting/Runtime/VisualScripting.Flow/Framework/Math/Generic/GenericMultiply.cs using Guid(2c0466a3f6c794ba99744554b7540055) Importer(2089858483,b0f066a214c2f5e87bad3c948f4d605d) (ScriptedImporter) -> (artifact id: '125ee5bc4d983e983b460178e1f34215') in 0.0059894 seconds
Number of updated asset objects reloaded before import = 0Number of asset objects unloaded after import = 0

========================================================================
Received Import Request.
  Time since last request: 0.000031 seconds.
  path: Packages/com.unity.visualscripting/Runtime/VisualScripting.Flow/Framework/Events/Lifecycle/FixedUpdate.cs
  artifactKey: Guid(3470c88e1e3734ff48ef9626e5ee4f40) Importer(2089858483,b0f066a214c2f5e87bad3c948f4d605d)
Start importing Packages/com.unity.visualscripting/Runtime/VisualScripting.Flow/Framework/Events/Lifecycle/FixedUpdate.cs using Guid(3470c88e1e3734ff48ef9626e5ee4f40) Importer(2089858483,b0f066a214c2f5e87bad3c948f4d605d) (ScriptedImporter) -> (artifact id: 'c5f00a14068720337cb06393a2c04d36') in 0.0043695 seconds
Number of updated asset objects reloaded before import = 0Number of asset objects unloaded after import = 0

========================================================================
Received Import Request.
  Time since last request: 0.000025 seconds.
  path: Packages/com.unity.visualscripting/Runtime/VisualScripting.Flow/Framework/Math/Vector2/Vector2Minimum.cs
  artifactKey: Guid(1928dd862fa8d4136be9a404855bb26a) Importer(2089858483,b0f066a214c2f5e87bad3c948f4d605d)
Start importing Packages/com.unity.visualscripting/Runtime/VisualScripting.Flow/Framework/Math/Vector2/Vector2Minimum.cs using Guid(1928dd862fa8d4136be9a404855bb26a) Importer(2089858483,b0f066a214c2f5e87bad3c948f4d605d) (ScriptedImporter) -> (artifact id: '5a6fbf4f4ac20c7e85d52c7649e992ee') in 0.0060584 seconds
Number of updated asset objects reloaded before import = 0Number of asset objects unloaded after import = 0

========================================================================
Received Import Request.
  Time since last request: 0.000040 seconds.
  path: Packages/com.unity.visualscripting/Runtime/VisualScripting.Flow/Framework/Variables/Obsolete/GetVariableUnit.cs
  artifactKey: Guid(658fa333b05f847b1a0d5915debda244) Importer(2089858483,b0f066a214c2f5e87bad3c948f4d605d)
Start importing Packages/com.unity.visualscripting/Runtime/VisualScripting.Flow/Framework/Variables/Obsolete/GetVariableUnit.cs using Guid(658fa333b05f847b1a0d5915debda244) Importer(2089858483,b0f066a214c2f5e87bad3c948f4d605d) (ScriptedImporter) -> (artifact id: '93d212c5216811feb6c433ea3e2509e4') in 0.0056926 seconds
Number of updated asset objects reloaded before import = 0Number of asset objects unloaded after import = 0

========================================================================
Received Import Request.
  Time since last request: 0.000042 seconds.
  path: Packages/com.unity.visualscripting/Runtime/VisualScripting.Flow/Framework/Math/Vector2/Vector2DotProduct.cs
  artifactKey: Guid(554e19cd08bdc451492e26e4b230ca92) Importer(2089858483,b0f066a214c2f5e87bad3c948f4d605d)
Start importing Packages/com.unity.visualscripting/Runtime/VisualScripting.Flow/Framework/Math/Vector2/Vector2DotProduct.cs using Guid(554e19cd08bdc451492e26e4b230ca92) Importer(2089858483,b0f066a214c2f5e87bad3c948f4d605d) (ScriptedImporter) -> (artifact id: '01643677beda513fda4844a3e1905b6b') in 0.006755 seconds
Number of updated asset objects reloaded before import = 0Number of asset objects unloaded after import = 0

========================================================================
Received Import Request.
  Time since last request: 0.000033 seconds.
  path: Packages/com.unity.visualscripting/Runtime/VisualScripting.Flow/Framework/Math/Vector2/Vector2Modulo.cs
  artifactKey: Guid(bd23b2742a008498a9531c8eaab6f321) Importer(2089858483,b0f066a214c2f5e87bad3c948f4d605d)
Start importing Packages/com.unity.visualscripting/Runtime/VisualScripting.Flow/Framework/Math/Vector2/Vector2Modulo.cs using Guid(bd23b2742a008498a9531c8eaab6f321) Importer(2089858483,b0f066a214c2f5e87bad3c948f4d605d) (ScriptedImporter) -> (artifact id: '603da83672fbce0194abeab928d8b926') in 0.0081128 seconds
Number of updated asset objects reloaded before import = 0Number of asset objects unloaded after import = 0

========================================================================
Received Import Request.
  Time since last request: 0.000049 seconds.
  path: Packages/com.unity.visualscripting/Runtime/VisualScripting.Flow/Framework/Variables/Obsolete/SetObjectVariable.cs
  artifactKey: Guid(5844b62967bbf4c0cb42de20abb040e6) Importer(2089858483,b0f066a214c2f5e87bad3c948f4d605d)
Start importing Packages/com.unity.visualscripting/Runtime/VisualScripting.Flow/Framework/Variables/Obsolete/SetObjectVariable.cs using Guid(5844b62967bbf4c0cb42de20abb040e6) Importer(2089858483,b0f066a214c2f5e87bad3c948f4d605d) (ScriptedImporter) -> (artifact id: 'faf39e92ec0df36525bc43ddac5d4c7a') in 0.0082244 seconds
Number of updated asset objects reloaded before import = 0Number of asset objects unloaded after import = 0

========================================================================
Received Import Request.
  Time since last request: 0.000027 seconds.
  path: Packages/com.unity.visualscripting/Runtime/VisualScripting.Flow/Framework/Math/Vector4/DeprecatedVector4Add.cs
  artifactKey: Guid(df6019efb076e4b50867bef0852e3f06) Importer(2089858483,b0f066a214c2f5e87bad3c948f4d605d)
Start importing Packages/com.unity.visualscripting/Runtime/VisualScripting.Flow/Framework/Math/Vector4/DeprecatedVector4Add.cs using Guid(df6019efb076e4b50867bef0852e3f06) Importer(2089858483,b0f066a214c2f5e87bad3c948f4d605d) (ScriptedImporter) -> (artifact id: '3a431062256d2bcbd31b5acfbe96842a') in 0.0079234 seconds
Number of updated asset objects reloaded before import = 0Number of asset objects unloaded after import = 0

========================================================================
Received Import Request.
  Time since last request: 0.000042 seconds.
  path: Packages/com.unity.visualscripting/Runtime/VisualScripting.Flow/Framework/Math/Vector3/Vector3Average.cs
  artifactKey: Guid(9cfeafc6c3a8a4892af70f6250efaa62) Importer(2089858483,b0f066a214c2f5e87bad3c948f4d605d)
Start importing Packages/com.unity.visualscripting/Runtime/VisualScripting.Flow/Framework/Math/Vector3/Vector3Average.cs using Guid(9cfeafc6c3a8a4892af70f6250efaa62) Importer(2089858483,b0f066a214c2f5e87bad3c948f4d605d) (ScriptedImporter) -> (artifact id: 'a9940cac81f58bb60f3ae90bd2dedf5d') in 0.0116654 seconds
Number of updated asset objects reloaded before import = 0Number of asset objects unloaded after import = 0

========================================================================
Received Import Request.
  Time since last request: 0.000034 seconds.
  path: Packages/com.unity.visualscripting/Runtime/VisualScripting.Flow/Framework/Math/Generic/GenericSubtract.cs
  artifactKey: Guid(094b4f8978345452997167b2f818dc47) Importer(2089858483,b0f066a214c2f5e87bad3c948f4d605d)
Start importing Packages/com.unity.visualscripting/Runtime/VisualScripting.Flow/Framework/Math/Generic/GenericSubtract.cs using Guid(094b4f8978345452997167b2f818dc47) Importer(2089858483,b0f066a214c2f5e87bad3c948f4d605d) (ScriptedImporter) -> (artifact id: 'd68689d98a14b68e5c6b3626eb7fad0b') in 0.0072237 seconds
Number of updated asset objects reloaded before import = 0Number of asset objects unloaded after import = 0

========================================================================
Received Import Request.
  Time since last request: 0.000041 seconds.
  path: Packages/com.unity.visualscripting/Runtime/VisualScripting.Flow/Framework/Events/Physics/OnTriggerEnter.cs
  artifactKey: Guid(6113e090580a245c3be6c24bf1d72116) Importer(2089858483,b0f066a214c2f5e87bad3c948f4d605d)
Start importing Packages/com.unity.visualscripting/Runtime/VisualScripting.Flow/Framework/Events/Physics/OnTriggerEnter.cs using Guid(6113e090580a245c3be6c24bf1d72116) Importer(2089858483,b0f066a214c2f5e87bad3c948f4d605d) (ScriptedImporter) -> (artifact id: '00031621da859820c39883512881f2fb') in 0.0067445 seconds
Number of updated asset objects reloaded before import = 0Number of asset objects unloaded after import = 0

========================================================================
Received Import Request.
  Time since last request: 0.000044 seconds.
  path: Packages/com.unity.visualscripting/Runtime/VisualScripting.Flow/Framework/Math/Vector2/Vector2Average.cs
  artifactKey: Guid(86918d705343f47b1b9d0248715e933d) Importer(2089858483,b0f066a214c2f5e87bad3c948f4d605d)
Start importing Packages/com.unity.visualscripting/Runtime/VisualScripting.Flow/Framework/Math/Vector2/Vector2Average.cs using Guid(86918d705343f47b1b9d0248715e933d) Importer(2089858483,b0f066a214c2f5e87bad3c948f4d605d) (ScriptedImporter) -> (artifact id: 'a63eaa76433a94bf04b068810b10ab1e') in 0.0051709 seconds
Number of updated asset objects reloaded before import = 0Number of asset objects unloaded after import = 0

========================================================================
Received Import Request.
  Time since last request: 0.000046 seconds.
  path: Packages/com.unity.visualscripting/Runtime/VisualScripting.Flow/Framework/Math/Vector3/Vector3Lerp.cs
  artifactKey: Guid(f9f2286b8c9244c3b855f2abe9f244ba) Importer(2089858483,b0f066a214c2f5e87bad3c948f4d605d)
Start importing Packages/com.unity.visualscripting/Runtime/VisualScripting.Flow/Framework/Math/Vector3/Vector3Lerp.cs using Guid(f9f2286b8c9244c3b855f2abe9f244ba) Importer(2089858483,b0f066a214c2f5e87bad3c948f4d605d) (ScriptedImporter) -> (artifact id: '603629926041039f99d2bdc3483f9deb') in 0.0050575 seconds
Number of updated asset objects reloaded before import = 0Number of asset objects unloaded after import = 0

========================================================================
Received Import Request.
  Time since last request: 0.000030 seconds.
  path: Packages/com.unity.visualscripting/Runtime/VisualScripting.Flow/Framework/Math/Vector2/Vector2Project.cs
  artifactKey: Guid(459317b7a46914c369498518bea1c011) Importer(2089858483,b0f066a214c2f5e87bad3c948f4d605d)
Start importing Packages/com.unity.visualscripting/Runtime/VisualScripting.Flow/Framework/Math/Vector2/Vector2Project.cs using Guid(459317b7a46914c369498518bea1c011) Importer(2089858483,b0f066a214c2f5e87bad3c948f4d605d) (ScriptedImporter) -> (artifact id: '536c6d6c73f62e4565cfe5a7b3f00110') in 0.0054911 seconds
Number of updated asset objects reloaded before import = 0Number of asset objects unloaded after import = 0

========================================================================
Received Import Request.
  Time since last request: 0.000056 seconds.
  path: Packages/com.unity.visualscripting/Runtime/VisualScripting.Flow/Framework/Math/Vector4/Vector4PerSecond.cs
  artifactKey: Guid(df00c99de947d4266aad40a0136a1034) Importer(2089858483,b0f066a214c2f5e87bad3c948f4d605d)
Start importing Packages/com.unity.visualscripting/Runtime/VisualScripting.Flow/Framework/Math/Vector4/Vector4PerSecond.cs using Guid(df00c99de947d4266aad40a0136a1034) Importer(2089858483,b0f066a214c2f5e87bad3c948f4d605d) (ScriptedImporter) -> (artifact id: '06eea7b18a7e7a14456ce18dcba4e630') in 0.0061545 seconds
Number of updated asset objects reloaded before import = 0Number of asset objects unloaded after import = 0

========================================================================
Received Import Request.
  Time since last request: 0.000023 seconds.
  path: Packages/com.unity.visualscripting/Runtime/VisualScripting.Flow/Framework/Events/Lifecycle/Start.cs
  artifactKey: Guid(cc271ee33d067424a8d0a485c0f9d81a) Importer(2089858483,b0f066a214c2f5e87bad3c948f4d605d)
Start importing Packages/com.unity.visualscripting/Runtime/VisualScripting.Flow/Framework/Events/Lifecycle/Start.cs using Guid(cc271ee33d067424a8d0a485c0f9d81a) Importer(2089858483,b0f066a214c2f5e87bad3c948f4d605d) (ScriptedImporter) -> (artifact id: '037649f946b2fcb3d359418215c85518') in 0.0050416 seconds
Number of updated asset objects reloaded before import = 0Number of asset objects unloaded after import = 0

========================================================================
Received Import Request.
  Time since last request: 0.000045 seconds.
  path: Packages/com.unity.visualscripting/Runtime/VisualScripting.Flow/Framework/Math/Vector4/Vector4Multiply.cs
  artifactKey: Guid(0bb12f33e0821422990be6c0080e2a4c) Importer(2089858483,b0f066a214c2f5e87bad3c948f4d605d)
Start importing Packages/com.unity.visualscripting/Runtime/VisualScripting.Flow/Framework/Math/Vector4/Vector4Multiply.cs using Guid(0bb12f33e0821422990be6c0080e2a4c) Importer(2089858483,b0f066a214c2f5e87bad3c948f4d605d) (ScriptedImporter) -> (artifact id: '712eded0e1a20e0f1aea4fbb317d2ec5') in 0.0061763 seconds
Number of updated asset objects reloaded before import = 0Number of asset objects unloaded after import = 0

========================================================================
Received Import Request.
  Time since last request: 0.000034 seconds.
  path: Packages/com.unity.visualscripting/Runtime/VisualScripting.Flow/Framework/Events/Physics/OnTriggerStay.cs
  artifactKey: Guid(7400058b93a7448c1a3b31c25f830c81) Importer(2089858483,b0f066a214c2f5e87bad3c948f4d605d)
Start importing Packages/com.unity.visualscripting/Runtime/VisualScripting.Flow/Framework/Events/Physics/OnTriggerStay.cs using Guid(7400058b93a7448c1a3b31c25f830c81) Importer(2089858483,b0f066a214c2f5e87bad3c948f4d605d) (ScriptedImporter) -> (artifact id: '83b45c07271c1cf99925a425e3a5fb40') in 0.0063527 seconds
Number of updated asset objects reloaded before import = 0Number of asset objects unloaded after import = 0

========================================================================
Received Import Request.
  Time since last request: 0.000029 seconds.
  path: Packages/com.unity.visualscripting/Runtime/VisualScripting.Flow/Framework/Events/Time/OnTimerElapsed.cs
  artifactKey: Guid(383636a6e24034076b7445729e8f5c39) Importer(2089858483,b0f066a214c2f5e87bad3c948f4d605d)
Start importing Packages/com.unity.visualscripting/Runtime/VisualScripting.Flow/Framework/Events/Time/OnTimerElapsed.cs using Guid(383636a6e24034076b7445729e8f5c39) Importer(2089858483,b0f066a214c2f5e87bad3c948f4d605d) (ScriptedImporter) -> (artifact id: 'b7136a288d7d1f59421d2a7d5d8be79b') in 0.0063668 seconds
Number of updated asset objects reloaded before import = 0Number of asset objects unloaded after import = 0

========================================================================
Received Import Request.
  Time since last request: 0.000021 seconds.
  path: Packages/com.unity.visualscripting/Runtime/VisualScripting.Flow/Framework/Events/Physics2D/OnTriggerExit2D.cs
  artifactKey: Guid(d098b105a6e8b4aa08ea571f44c33ebf) Importer(2089858483,b0f066a214c2f5e87bad3c948f4d605d)
Start importing Packages/com.unity.visualscripting/Runtime/VisualScripting.Flow/Framework/Events/Physics2D/OnTriggerExit2D.cs using Guid(d098b105a6e8b4aa08ea571f44c33ebf) Importer(2089858483,b0f066a214c2f5e87bad3c948f4d605d) (ScriptedImporter) -> (artifact id: 'cf581435a4cd7376f85e7e1d2b32de23') in 0.0060953 seconds
Number of updated asset objects reloaded before import = 0Number of asset objects unloaded after import = 0

========================================================================
Received Import Request.
  Time since last request: 0.000029 seconds.
  path: Packages/com.unity.visualscripting/Runtime/VisualScripting.Flow/Framework/Variables/Obsolete/ISceneVariableUnit.cs
  artifactKey: Guid(05bf904a68e3048ad97d95a4e0dc09d4) Importer(2089858483,b0f066a214c2f5e87bad3c948f4d605d)
Start importing Packages/com.unity.visualscripting/Runtime/VisualScripting.Flow/Framework/Variables/Obsolete/ISceneVariableUnit.cs using Guid(05bf904a68e3048ad97d95a4e0dc09d4) Importer(2089858483,b0f066a214c2f5e87bad3c948f4d605d) (ScriptedImporter) -> (artifact id: 'dea197974bff304ec213730ae76647e8') in 0.0064609 seconds
Number of updated asset objects reloaded before import = 0Number of asset objects unloaded after import = 0

========================================================================
Received Import Request.
  Time since last request: 0.000024 seconds.
  path: Packages/com.unity.visualscripting/Editor/VisualScripting.Core/Plugin/Changelogs/LegacyLudiqGraphs/Changelog_1_1_2.cs
  artifactKey: Guid(1123f413d661e499bbfa9bba565a52cf) Importer(2089858483,b0f066a214c2f5e87bad3c948f4d605d)
Start importing Packages/com.unity.visualscripting/Editor/VisualScripting.Core/Plugin/Changelogs/LegacyLudiqGraphs/Changelog_1_1_2.cs using Guid(1123f413d661e499bbfa9bba565a52cf) Importer(2089858483,b0f066a214c2f5e87bad3c948f4d605d) (ScriptedImporter) -> (artifact id: '2c3785ceeb48c05f85a75bc44202d36b') in 0.0052513 seconds
Number of updated asset objects reloaded before import = 0Number of asset objects unloaded after import = 0

========================================================================
Received Import Request.
  Time since last request: 0.000020 seconds.
  path: Packages/com.unity.visualscripting/Runtime/VisualScripting.Flow/Framework/Variables/Obsolete/SetSavedVariable.cs
  artifactKey: Guid(b75d75781afcb46889036e9bb5e6f13b) Importer(2089858483,b0f066a214c2f5e87bad3c948f4d605d)
Start importing Packages/com.unity.visualscripting/Runtime/VisualScripting.Flow/Framework/Variables/Obsolete/SetSavedVariable.cs using Guid(b75d75781afcb46889036e9bb5e6f13b) Importer(2089858483,b0f066a214c2f5e87bad3c948f4d605d) (ScriptedImporter) -> (artifact id: 'f8b503cea3f2d2116f69e4cadc639a54') in 0.0077963 seconds
Number of updated asset objects reloaded before import = 0Number of asset objects unloaded after import = 0

========================================================================
Received Import Request.
  Time since last request: 0.000029 seconds.
  path: Packages/com.unity.2d.aseprite/Editor/AssetGeneration/AnimatorControllerGeneration.cs
  artifactKey: Guid(b8cfde8b6d0946be85bb2d0d13ea7ff7) Importer(2089858483,b0f066a214c2f5e87bad3c948f4d605d)
Start importing Packages/com.unity.2d.aseprite/Editor/AssetGeneration/AnimatorControllerGeneration.cs using Guid(b8cfde8b6d0946be85bb2d0d13ea7ff7) Importer(2089858483,b0f066a214c2f5e87bad3c948f4d605d) (ScriptedImporter) -> (artifact id: 'b61104a68bf2cfc10aa72f7f0137b75f') in 0.0066651 seconds
Number of updated asset objects reloaded before import = 0Number of asset objects unloaded after import = 0

========================================================================
Received Import Request.
  Time since last request: 0.000034 seconds.
  path: Packages/com.unity.timeline/DocCodeExamples/TrackAssetExamples.cs
  artifactKey: Guid(c9f0489deaf04d0fbcbe45fd50a018f6) Importer(2089858483,b0f066a214c2f5e87bad3c948f4d605d)
Start importing Packages/com.unity.timeline/DocCodeExamples/TrackAssetExamples.cs using Guid(c9f0489deaf04d0fbcbe45fd50a018f6) Importer(2089858483,b0f066a214c2f5e87bad3c948f4d605d) (ScriptedImporter) -> (artifact id: '260c745cd9a6cc22b3b6f8d1b51341e1') in 0.0063912 seconds
Number of updated asset objects reloaded before import = 0Number of asset objects unloaded after import = 0

========================================================================
Received Import Request.
  Time since last request: 0.000033 seconds.
  path: Packages/com.unity.2d.aseprite/Editor/Tasks/PixelBlends.cs
  artifactKey: Guid(ae8c330bf6174923a364fa0270305d26) Importer(2089858483,b0f066a214c2f5e87bad3c948f4d605d)
Start importing Packages/com.unity.2d.aseprite/Editor/Tasks/PixelBlends.cs using Guid(ae8c330bf6174923a364fa0270305d26) Importer(2089858483,b0f066a214c2f5e87bad3c948f4d605d) (ScriptedImporter) -> (artifact id: '89c3c1b5355ddf6d3a94e6b0462d9bf4') in 0.0051784 seconds
Number of updated asset objects reloaded before import = 0Number of asset objects unloaded after import = 0

========================================================================
Received Import Request.
  Time since last request: 0.000026 seconds.
  path: Packages/com.unity.2d.aseprite/Editor/Unity.2D.Aseprite.Editor.asmdef
  artifactKey: Guid(1c0efac71f61649eab4850fa3687d8a4) Importer(2089858483,b0f066a214c2f5e87bad3c948f4d605d)
Start importing Packages/com.unity.2d.aseprite/Editor/Unity.2D.Aseprite.Editor.asmdef using Guid(1c0efac71f61649eab4850fa3687d8a4) Importer(2089858483,b0f066a214c2f5e87bad3c948f4d605d) (ScriptedImporter) -> (artifact id: '5dbb40f0c214188bacd06e641b0da9df') in 0.0058108 seconds
Number of updated asset objects reloaded before import = 0Number of asset objects unloaded after import = 1

========================================================================
Received Import Request.
  Time since last request: 0.000028 seconds.
  path: Packages/com.unity.timeline/Runtime/DiscreteTime.cs
  artifactKey: Guid(8beed9aab74505d488e6befe54c3f6ef) Importer(2089858483,b0f066a214c2f5e87bad3c948f4d605d)
Start importing Packages/com.unity.timeline/Runtime/DiscreteTime.cs using Guid(8beed9aab74505d488e6befe54c3f6ef) Importer(2089858483,b0f066a214c2f5e87bad3c948f4d605d) (ScriptedImporter) -> (artifact id: '4b6305d7c1ac733c6a7abef5db906170') in 0.0059396 seconds
Number of updated asset objects reloaded before import = 0Number of asset objects unloaded after import = 0

========================================================================
Received Import Request.
  Time since last request: 0.000031 seconds.
  path: Packages/com.unity.2d.aseprite/Editor/Aseprite/Chunks/ExternalFilesChunk.cs
  artifactKey: Guid(e3e89ae42e854f5e916b8a11dd90a480) Importer(2089858483,b0f066a214c2f5e87bad3c948f4d605d)
Start importing Packages/com.unity.2d.aseprite/Editor/Aseprite/Chunks/ExternalFilesChunk.cs using Guid(e3e89ae42e854f5e916b8a11dd90a480) Importer(2089858483,b0f066a214c2f5e87bad3c948f4d605d) (ScriptedImporter) -> (artifact id: '1d5c54f0569d175b09c8ec8a87ecce44') in 0.0072073 seconds
Number of updated asset objects reloaded before import = 0Number of asset objects unloaded after import = 0

========================================================================
Received Import Request.
  Time since last request: 0.000025 seconds.
  path: Packages/com.unity.2d.aseprite/Editor/Aseprite/Chunks/CellExtra.cs
  artifactKey: Guid(b1af9c5cd2784371b5e5eed8f57efccd) Importer(2089858483,b0f066a214c2f5e87bad3c948f4d605d)
Start importing Packages/com.unity.2d.aseprite/Editor/Aseprite/Chunks/CellExtra.cs using Guid(b1af9c5cd2784371b5e5eed8f57efccd) Importer(2089858483,b0f066a214c2f5e87bad3c948f4d605d) (ScriptedImporter) -> (artifact id: '4195644920dedfef759c8f4033fc37b3') in 0.0063921 seconds
Number of updated asset objects reloaded before import = 0Number of asset objects unloaded after import = 0

========================================================================
Received Import Request.
  Time since last request: 0.000027 seconds.
  path: Packages/com.unity.timeline/Editor/CurveEditUtility.cs
  artifactKey: Guid(9e2b7a65f0a52974193ed497d145b0bc) Importer(2089858483,b0f066a214c2f5e87bad3c948f4d605d)
Start importing Packages/com.unity.timeline/Editor/CurveEditUtility.cs using Guid(9e2b7a65f0a52974193ed497d145b0bc) Importer(2089858483,b0f066a214c2f5e87bad3c948f4d605d) (ScriptedImporter) -> (artifact id: '3c9afe035f7a8629be82d7fff6ee29c5') in 0.0055805 seconds
Number of updated asset objects reloaded before import = 0Number of asset objects unloaded after import = 0

========================================================================
Received Import Request.
  Time since last request: 0.000021 seconds.
  path: Packages/com.unity.timeline/Editor/Actions/ActionManager.cs
  artifactKey: Guid(b185b14d428805c46aceb7c663825b2d) Importer(2089858483,b0f066a214c2f5e87bad3c948f4d605d)
Start importing Packages/com.unity.timeline/Editor/Actions/ActionManager.cs using Guid(b185b14d428805c46aceb7c663825b2d) Importer(2089858483,b0f066a214c2f5e87bad3c948f4d605d) (ScriptedImporter) -> (artifact id: '655ec1ef96849bdc068478c5478d019c') in 0.0054205 seconds
Number of updated asset objects reloaded before import = 0Number of asset objects unloaded after import = 0

========================================================================
Received Import Request.
  Time since last request: 0.000035 seconds.
  path: Packages/com.unity.2d.aseprite/Editor/Inspector/ExportAssetsPopup.cs
  artifactKey: Guid(326d53b2fd514a84b69ee80aa0ba5493) Importer(2089858483,b0f066a214c2f5e87bad3c948f4d605d)
Start importing Packages/com.unity.2d.aseprite/Editor/Inspector/ExportAssetsPopup.cs using Guid(326d53b2fd514a84b69ee80aa0ba5493) Importer(2089858483,b0f066a214c2f5e87bad3c948f4d605d) (ScriptedImporter) -> (artifact id: '5f1f072955a40ae9043c9ff729796060') in 0.0059567 seconds
Number of updated asset objects reloaded before import = 0Number of asset objects unloaded after import = 0

========================================================================
Received Import Request.
  Time since last request: 0.000028 seconds.
  path: Packages/com.unity.modules.imageconversion/package.json
  artifactKey: Guid(953fab16d15d5885b3600fcd6388b2ad) Importer(2089858483,b0f066a214c2f5e87bad3c948f4d605d)
Start importing Packages/com.unity.modules.imageconversion/package.json using Guid(953fab16d15d5885b3600fcd6388b2ad) Importer(2089858483,b0f066a214c2f5e87bad3c948f4d605d) (ScriptedImporter) -> (artifact id: '254d5c3c6c55551d54afd22dc4d68428') in 0.0057987 seconds
Number of updated asset objects reloaded before import = 0Number of asset objects unloaded after import = 1

========================================================================
Received Import Request.
  Time since last request: 0.000029 seconds.
  path: Packages/com.unity.2d.aseprite/Editor/ImporterStructures.cs
  artifactKey: Guid(7cd599d881e8417a81d93954c14102a5) Importer(2089858483,b0f066a214c2f5e87bad3c948f4d605d)
Start importing Packages/com.unity.2d.aseprite/Editor/ImporterStructures.cs using Guid(7cd599d881e8417a81d93954c14102a5) Importer(2089858483,b0f066a214c2f5e87bad3c948f4d605d) (ScriptedImporter) -> (artifact id: '24a306671081d55f6f5b25d6ebafe5d0') in 0.0057894 seconds
Number of updated asset objects reloaded before import = 0Number of asset objects unloaded after import = 0

========================================================================
Received Import Request.
  Time since last request: 0.000030 seconds.
  path: Packages/com.unity.timeline/Editor/Actions/IMenuName.cs
  artifactKey: Guid(512ac45650d443f3be59379c2ecbf068) Importer(2089858483,b0f066a214c2f5e87bad3c948f4d605d)
Start importing Packages/com.unity.timeline/Editor/Actions/IMenuName.cs using Guid(512ac45650d443f3be59379c2ecbf068) Importer(2089858483,b0f066a214c2f5e87bad3c948f4d605d) (ScriptedImporter) -> (artifact id: 'c5ec889de23bf035c4937cf3da5f3040') in 0.0049237 seconds
Number of updated asset objects reloaded before import = 0Number of asset objects unloaded after import = 0

========================================================================
Received Import Request.
  Time since last request: 0.000051 seconds.
  path: Packages/com.unity.timeline/Runtime/TimelinePlayable.cs
  artifactKey: Guid(80b10e1c58509a449a3c5aecc07d4455) Importer(2089858483,b0f066a214c2f5e87bad3c948f4d605d)
Start importing Packages/com.unity.timeline/Runtime/TimelinePlayable.cs using Guid(80b10e1c58509a449a3c5aecc07d4455) Importer(2089858483,b0f066a214c2f5e87bad3c948f4d605d) (ScriptedImporter) -> (artifact id: '4093a3a3c0024306c6996fa02daec078') in 0.0057302 seconds
Number of updated asset objects reloaded before import = 0Number of asset objects unloaded after import = 0

========================================================================
Received Import Request.
  Time since last request: 0.000020 seconds.
  path: Packages/com.unity.timeline/package.json
  artifactKey: Guid(13a9c1b4df2e489e8eb9cacca7429596) Importer(2089858483,b0f066a214c2f5e87bad3c948f4d605d)
Start importing Packages/com.unity.timeline/package.json using Guid(13a9c1b4df2e489e8eb9cacca7429596) Importer(2089858483,b0f066a214c2f5e87bad3c948f4d605d) (ScriptedImporter) -> (artifact id: '5251284d6c498d247819abfc6e62ce30') in 0.0064047 seconds
Number of updated asset objects reloaded before import = 0Number of asset objects unloaded after import = 1

========================================================================
Received Import Request.
  Time since last request: 0.000026 seconds.
  path: Packages/com.unity.timeline/Editor/Tooltip.cs
  artifactKey: Guid(55a8539917657b14baf6c6a051a7df22) Importer(2089858483,b0f066a214c2f5e87bad3c948f4d605d)
Start importing Packages/com.unity.timeline/Editor/Tooltip.cs using Guid(55a8539917657b14baf6c6a051a7df22) Importer(2089858483,b0f066a214c2f5e87bad3c948f4d605d) (ScriptedImporter) -> (artifact id: '072ed7dd9dbf5674d1e2fec61be44c1c') in 0.0068684 seconds
Number of updated asset objects reloaded before import = 0Number of asset objects unloaded after import = 0

========================================================================
Received Import Request.
  Time since last request: 0.000052 seconds.
  path: Packages/com.unity.visualscripting/Runtime/VisualScripting.Core/Dependencies/FullSerializer/Converters/Unity/AnimationCurve_DirectConverter.cs
  artifactKey: Guid(4f71cb511b7b0451c9b23f8b4399ea27) Importer(2089858483,b0f066a214c2f5e87bad3c948f4d605d)
Start importing Packages/com.unity.visualscripting/Runtime/VisualScripting.Core/Dependencies/FullSerializer/Converters/Unity/AnimationCurve_DirectConverter.cs using Guid(4f71cb511b7b0451c9b23f8b4399ea27) Importer(2089858483,b0f066a214c2f5e87bad3c948f4d605d) (ScriptedImporter) -> (artifact id: 'b91433c5019555594de8f20319aa3833') in 0.0060836 seconds
Number of updated asset objects reloaded before import = 0Number of asset objects unloaded after import = 0

========================================================================
Received Import Request.
  Time since last request: 0.000047 seconds.
  path: Packages/com.unity.timeline/Runtime/CurveEditUtility.cs
  artifactKey: Guid(e2fcd03f719148d192d0c26cfff47b3c) Importer(2089858483,b0f066a214c2f5e87bad3c948f4d605d)
Start importing Packages/com.unity.timeline/Runtime/CurveEditUtility.cs using Guid(e2fcd03f719148d192d0c26cfff47b3c) Importer(2089858483,b0f066a214c2f5e87bad3c948f4d605d) (ScriptedImporter) -> (artifact id: '2a3de5d0bec9a61cecdf650b31cd2431') in 0.0073209 seconds
Number of updated asset objects reloaded before import = 0Number of asset objects unloaded after import = 0

========================================================================
Received Import Request.
  Time since last request: 0.000039 seconds.
  path: Packages/com.unity.2d.aseprite/Editor/Aseprite/Chunks/PaletteChunk.cs
  artifactKey: Guid(960d8526261647a9a1264b685b847459) Importer(2089858483,b0f066a214c2f5e87bad3c948f4d605d)
Start importing Packages/com.unity.2d.aseprite/Editor/Aseprite/Chunks/PaletteChunk.cs using Guid(960d8526261647a9a1264b685b847459) Importer(2089858483,b0f066a214c2f5e87bad3c948f4d605d) (ScriptedImporter) -> (artifact id: 'a4aa0df416948220716283cb895c5d02') in 0.005256 seconds
Number of updated asset objects reloaded before import = 0Number of asset objects unloaded after import = 0

========================================================================
Received Import Request.
  Time since last request: 0.000036 seconds.
  path: Packages/com.unity.2d.aseprite/Editor/Aseprite/AsepriteUtilities.cs
  artifactKey: Guid(328489bba45f49ca94436607399412a6) Importer(2089858483,b0f066a214c2f5e87bad3c948f4d605d)
Start importing Packages/com.unity.2d.aseprite/Editor/Aseprite/AsepriteUtilities.cs using Guid(328489bba45f49ca94436607399412a6) Importer(2089858483,b0f066a214c2f5e87bad3c948f4d605d) (ScriptedImporter) -> (artifact id: 'ab2d171d8e79d9141bd9a416d25ed3c2') in 0.0050614 seconds
Number of updated asset objects reloaded before import = 0Number of asset objects unloaded after import = 0

========================================================================
Received Import Request.
  Time since last request: 0.000070 seconds.
  path: Packages/com.unity.timeline/DocCodeExamples/MarkerEditorExamples.cs
  artifactKey: Guid(ebaa79c245e369449a3565c4b9c3e703) Importer(2089858483,b0f066a214c2f5e87bad3c948f4d605d)
Start importing Packages/com.unity.timeline/DocCodeExamples/MarkerEditorExamples.cs using Guid(ebaa79c245e369449a3565c4b9c3e703) Importer(2089858483,b0f066a214c2f5e87bad3c948f4d605d) (ScriptedImporter) -> (artifact id: '3462b5205389d771d181ed3ba80c4f26') in 0.0045747 seconds
Number of updated asset objects reloaded before import = 0Number of asset objects unloaded after import = 0

========================================================================
Received Import Request.
  Time since last request: 0.000036 seconds.
  path: Packages/com.unity.2d.aseprite/Editor/AsepriteSpriteEditorDataProvider.cs
  artifactKey: Guid(c8d32ea64ebd42859bf7585e5d244db6) Importer(2089858483,b0f066a214c2f5e87bad3c948f4d605d)
Start importing Packages/com.unity.2d.aseprite/Editor/AsepriteSpriteEditorDataProvider.cs using Guid(c8d32ea64ebd42859bf7585e5d244db6) Importer(2089858483,b0f066a214c2f5e87bad3c948f4d605d) (ScriptedImporter) -> (artifact id: 'f4e98fa6818d5f7f548d4e47ae8883f7') in 0.0050473 seconds
Number of updated asset objects reloaded before import = 0Number of asset objects unloaded after import = 0

========================================================================
Received Import Request.
  Time since last request: 0.000016 seconds.
  path: Packages/com.unity.2d.aseprite/Editor/Assets/UI/AsepriteImporterStyleSheet.uss
  artifactKey: Guid(f97ea77f2e96442398feb5e356a58ce4) Importer(2089858483,b0f066a214c2f5e87bad3c948f4d605d)
Start importing Packages/com.unity.2d.aseprite/Editor/Assets/UI/AsepriteImporterStyleSheet.uss using Guid(f97ea77f2e96442398feb5e356a58ce4) Importer(2089858483,b0f066a214c2f5e87bad3c948f4d605d) (ScriptedImporter) -> (artifact id: 'd0281d6df55d767b81d164d088301168') in 0.014204 seconds
Number of updated asset objects reloaded before import = 0Number of asset objects unloaded after import = 1

========================================================================
Received Import Request.
  Time since last request: 0.000020 seconds.
  path: Packages/com.unity.2d.aseprite/Editor/Assets/UI/ExportAnimAssetsStyleSheet.uss
  artifactKey: Guid(a6a0f37ed96054aac9bf7e344be2982b) Importer(2089858483,b0f066a214c2f5e87bad3c948f4d605d)
Start importing Packages/com.unity.2d.aseprite/Editor/Assets/UI/ExportAnimAssetsStyleSheet.uss using Guid(a6a0f37ed96054aac9bf7e344be2982b) Importer(2089858483,b0f066a214c2f5e87bad3c948f4d605d) (ScriptedImporter) -> (artifact id: '46ce97d68f23e272d99f622517219d60') in 0.0075087 seconds
Number of updated asset objects reloaded before import = 0Number of asset objects unloaded after import = 1

========================================================================
Received Import Request.
  Time since last request: 0.000023 seconds.
  path: Packages/com.unity.2d.aseprite/Editor/AssetGeneration/PrefabGeneration.cs
  artifactKey: Guid(d6405e31298a4b1eaa6517249f02bd8f) Importer(2089858483,b0f066a214c2f5e87bad3c948f4d605d)
Start importing Packages/com.unity.2d.aseprite/Editor/AssetGeneration/PrefabGeneration.cs using Guid(d6405e31298a4b1eaa6517249f02bd8f) Importer(2089858483,b0f066a214c2f5e87bad3c948f4d605d) (ScriptedImporter) -> (artifact id: '301b51bc6262623114054aae5f97d65a') in 0.0065959 seconds
Number of updated asset objects reloaded before import = 0Number of asset objects unloaded after import = 0

========================================================================
Received Import Request.
  Time since last request: 0.000034 seconds.
  path: Packages/com.unity.timeline/Editor/TimelineHelpers.cs
  artifactKey: Guid(5a7f0d89a47f18c41b6ddf60dfae1bde) Importer(2089858483,b0f066a214c2f5e87bad3c948f4d605d)
Start importing Packages/com.unity.timeline/Editor/TimelineHelpers.cs using Guid(5a7f0d89a47f18c41b6ddf60dfae1bde) Importer(2089858483,b0f066a214c2f5e87bad3c948f4d605d) (ScriptedImporter) -> (artifact id: '93b26846074093570d633742c25b7c4a') in 0.0056715 seconds
Number of updated asset objects reloaded before import = 0Number of asset objects unloaded after import = 0

========================================================================
Received Import Request.
  Time since last request: 0.000021 seconds.
  path: Packages/com.unity.timeline/DocCodeExamples/ActionExamples.cs
  artifactKey: Guid(617e6579183b7cc488aae748fe3f88bd) Importer(2089858483,b0f066a214c2f5e87bad3c948f4d605d)
Start importing Packages/com.unity.timeline/DocCodeExamples/ActionExamples.cs using Guid(617e6579183b7cc488aae748fe3f88bd) Importer(2089858483,b0f066a214c2f5e87bad3c948f4d605d) (ScriptedImporter) -> (artifact id: '0d19ec636e67ba47c9d22a3e89ac2718') in 0.006399 seconds
Number of updated asset objects reloaded before import = 0Number of asset objects unloaded after import = 0

========================================================================
Received Import Request.
  Time since last request: 0.000024 seconds.
  path: Packages/com.unity.2d.aseprite/Editor/Common/InternalBridge/AnimatorControllerHelper.cs
  artifactKey: Guid(ca9f5813d8a94e5ebf3941ca57e04d85) Importer(2089858483,b0f066a214c2f5e87bad3c948f4d605d)
Start importing Packages/com.unity.2d.aseprite/Editor/Common/InternalBridge/AnimatorControllerHelper.cs using Guid(ca9f5813d8a94e5ebf3941ca57e04d85) Importer(2089858483,b0f066a214c2f5e87bad3c948f4d605d) (ScriptedImporter) -> (artifact id: '59ec8d8bb7ce123ab1b51bf69fd4d19e') in 0.0073982 seconds
Number of updated asset objects reloaded before import = 0Number of asset objects unloaded after import = 0

========================================================================
Received Import Request.
  Time since last request: 0.000024 seconds.
  path: Packages/com.unity.timeline/Editor/DirectorNamedColor.cs
  artifactKey: Guid(7116e04a377b195458798657c617e324) Importer(2089858483,b0f066a214c2f5e87bad3c948f4d605d)
Start importing Packages/com.unity.timeline/Editor/DirectorNamedColor.cs using Guid(7116e04a377b195458798657c617e324) Importer(2089858483,b0f066a214c2f5e87bad3c948f4d605d) (ScriptedImporter) -> (artifact id: '8a05fb1183061f35c76e732fd1608297') in 0.006513 seconds
Number of updated asset objects reloaded before import = 0Number of asset objects unloaded after import = 0

========================================================================
Received Import Request.
  Time since last request: 0.000040 seconds.
  path: Packages/com.unity.2d.aseprite/Editor/Aseprite/Chunks/CellChunk.cs
  artifactKey: Guid(6dbf9c13eb9f4c14806bf9a6ec61140f) Importer(2089858483,b0f066a214c2f5e87bad3c948f4d605d)
Start importing Packages/com.unity.2d.aseprite/Editor/Aseprite/Chunks/CellChunk.cs using Guid(6dbf9c13eb9f4c14806bf9a6ec61140f) Importer(2089858483,b0f066a214c2f5e87bad3c948f4d605d) (ScriptedImporter) -> (artifact id: 'b832159dc839abf6008de4e1a994cbe8') in 0.0106797 seconds
Number of updated asset objects reloaded before import = 0Number of asset objects unloaded after import = 0

========================================================================
Received Import Request.
  Time since last request: 0.000026 seconds.
  path: Packages/com.unity.timeline/Runtime/ClipCaps.cs
  artifactKey: Guid(667a99762bdf5484fbaa02573fd396e2) Importer(2089858483,b0f066a214c2f5e87bad3c948f4d605d)
Start importing Packages/com.unity.timeline/Runtime/ClipCaps.cs using Guid(667a99762bdf5484fbaa02573fd396e2) Importer(2089858483,b0f066a214c2f5e87bad3c948f4d605d) (ScriptedImporter) -> (artifact id: 'de6774dcd32aad1f3f6601bdfcc26324') in 0.0058086 seconds
Number of updated asset objects reloaded before import = 0Number of asset objects unloaded after import = 0

========================================================================
Received Import Request.
  Time since last request: 0.000022 seconds.
  path: Packages/com.unity.visualscripting/Runtime/VisualScripting.Core/Dependencies/FullSerializer/Converters/Unity/InputAction_DirectConverter.cs
  artifactKey: Guid(87d4a5472eeb90c42adb81dd8a4f18dd) Importer(2089858483,b0f066a214c2f5e87bad3c948f4d605d)
Start importing Packages/com.unity.visualscripting/Runtime/VisualScripting.Core/Dependencies/FullSerializer/Converters/Unity/InputAction_DirectConverter.cs using Guid(87d4a5472eeb90c42adb81dd8a4f18dd) Importer(2089858483,b0f066a214c2f5e87bad3c948f4d605d) (ScriptedImporter) -> (artifact id: '54c0f2b100146aa79bb24351495add7f') in 0.0057484 seconds
Number of updated asset objects reloaded before import = 0Number of asset objects unloaded after import = 0

========================================================================
Received Import Request.
  Time since last request: 0.000039 seconds.
  path: Packages/com.unity.visualscripting/Editor/VisualScripting.Flow/Framework/Variables/Obsolete/VariableUnitDescriptor.cs
  artifactKey: Guid(6eda8a1d0c5d040ac8120fd38acc4191) Importer(2089858483,b0f066a214c2f5e87bad3c948f4d605d)
Start importing Packages/com.unity.visualscripting/Editor/VisualScripting.Flow/Framework/Variables/Obsolete/VariableUnitDescriptor.cs using Guid(6eda8a1d0c5d040ac8120fd38acc4191) Importer(2089858483,b0f066a214c2f5e87bad3c948f4d605d) (ScriptedImporter) -> (artifact id: 'bad097d8f26724e006552e86e1eece56') in 0.0071316 seconds
Number of updated asset objects reloaded before import = 0Number of asset objects unloaded after import = 0

========================================================================
Received Import Request.
  Time since last request: 0.000037 seconds.
  path: Packages/com.unity.visualscripting/Runtime/VisualScripting.Flow/Framework/Events/GUI/OnDeselect.cs
  artifactKey: Guid(6e80cd73486524a5fa8f4ebc514915c8) Importer(2089858483,b0f066a214c2f5e87bad3c948f4d605d)
Start importing Packages/com.unity.visualscripting/Runtime/VisualScripting.Flow/Framework/Events/GUI/OnDeselect.cs using Guid(6e80cd73486524a5fa8f4ebc514915c8) Importer(2089858483,b0f066a214c2f5e87bad3c948f4d605d) (ScriptedImporter) -> (artifact id: 'e644666d4217dba1382375ec101dec3a') in 0.0057566 seconds
Number of updated asset objects reloaded before import = 0Number of asset objects unloaded after import = 0

========================================================================
Received Import Request.
  Time since last request: 0.000026 seconds.
  path: Packages/com.unity.timeline/Editor/inspectors/MarkerInspector.cs
  artifactKey: Guid(fb461734117c80c43ab595d699f801eb) Importer(2089858483,b0f066a214c2f5e87bad3c948f4d605d)
Start importing Packages/com.unity.timeline/Editor/inspectors/MarkerInspector.cs using Guid(fb461734117c80c43ab595d699f801eb) Importer(2089858483,b0f066a214c2f5e87bad3c948f4d605d) (ScriptedImporter) -> (artifact id: '2d084b70e558a7d9e805c2fb36ecab05') in 0.0061078 seconds
Number of updated asset objects reloaded before import = 0Number of asset objects unloaded after import = 0

========================================================================
Received Import Request.
  Time since last request: 0.000026 seconds.
  path: Packages/com.unity.timeline/Editor/Utilities/PropertyCollector.cs
  artifactKey: Guid(1f3a562675833b4448299e4f627b0cec) Importer(2089858483,b0f066a214c2f5e87bad3c948f4d605d)
Start importing Packages/com.unity.timeline/Editor/Utilities/PropertyCollector.cs using Guid(1f3a562675833b4448299e4f627b0cec) Importer(2089858483,b0f066a214c2f5e87bad3c948f4d605d) (ScriptedImporter) -> (artifact id: '766fbb6864d2a60a22ce645213840dd7') in 0.0054139 seconds
Number of updated asset objects reloaded before import = 0Number of asset objects unloaded after import = 0

========================================================================
Received Import Request.
  Time since last request: 0.000029 seconds.
  path: Packages/com.unity.timeline/Editor/Utilities/SequenceSelectorNameFormater.cs
  artifactKey: Guid(1861286ba69badd439188a65bebf3cda) Importer(2089858483,b0f066a214c2f5e87bad3c948f4d605d)
Start importing Packages/com.unity.timeline/Editor/Utilities/SequenceSelectorNameFormater.cs using Guid(1861286ba69badd439188a65bebf3cda) Importer(2089858483,b0f066a214c2f5e87bad3c948f4d605d) (ScriptedImporter) -> (artifact id: '22da0fb967e269c61b42fe2725f6bb65') in 0.0048268 seconds
Number of updated asset objects reloaded before import = 0Number of asset objects unloaded after import = 0

========================================================================
Received Import Request.
  Time since last request: 0.000034 seconds.
  path: Packages/com.unity.timeline/Editor/Signals/SignalUtility.cs
  artifactKey: Guid(b33687803b08daf418e5315de17658b8) Importer(2089858483,b0f066a214c2f5e87bad3c948f4d605d)
Start importing Packages/com.unity.timeline/Editor/Signals/SignalUtility.cs using Guid(b33687803b08daf418e5315de17658b8) Importer(2089858483,b0f066a214c2f5e87bad3c948f4d605d) (ScriptedImporter) -> (artifact id: '98de398d363b40ca98f15dba76bc951c') in 0.0049864 seconds
Number of updated asset objects reloaded before import = 0Number of asset objects unloaded after import = 0

========================================================================
Received Import Request.
  Time since last request: 0.000021 seconds.
  path: Packages/com.unity.timeline/Editor/treeview/AnimationTrackKeyDataSource.cs
  artifactKey: Guid(a0b56195e00682b4594dfaeef9d5fa78) Importer(2089858483,b0f066a214c2f5e87bad3c948f4d605d)
Start importing Packages/com.unity.timeline/Editor/treeview/AnimationTrackKeyDataSource.cs using Guid(a0b56195e00682b4594dfaeef9d5fa78) Importer(2089858483,b0f066a214c2f5e87bad3c948f4d605d) (ScriptedImporter) -> (artifact id: '48966eb4a1255802ad02c2a9296e494a') in 0.004765 seconds
Number of updated asset objects reloaded before import = 0Number of asset objects unloaded after import = 0

========================================================================
Received Import Request.
  Time since last request: 0.000034 seconds.
  path: Packages/com.unity.timeline/Editor/Utilities/CustomTrackDrawerAttribute.cs
  artifactKey: Guid(e1e957d39ca70834f9212a1289b6a0d5) Importer(2089858483,b0f066a214c2f5e87bad3c948f4d605d)
Start importing Packages/com.unity.timeline/Editor/Utilities/CustomTrackDrawerAttribute.cs using Guid(e1e957d39ca70834f9212a1289b6a0d5) Importer(2089858483,b0f066a214c2f5e87bad3c948f4d605d) (ScriptedImporter) -> (artifact id: '7f9877b55d81d8f97257236434d64e27') in 0.0048441 seconds
Number of updated asset objects reloaded before import = 0Number of asset objects unloaded after import = 0

========================================================================
Received Import Request.
  Time since last request: 0.000023 seconds.
  path: Packages/com.unity.timeline/Editor/Actions/TimelineAction.cs
  artifactKey: Guid(38eaad816666dfb428c3f123a09413c6) Importer(2089858483,b0f066a214c2f5e87bad3c948f4d605d)
Start importing Packages/com.unity.timeline/Editor/Actions/TimelineAction.cs using Guid(38eaad816666dfb428c3f123a09413c6) Importer(2089858483,b0f066a214c2f5e87bad3c948f4d605d) (ScriptedImporter) -> (artifact id: '401d84b6064d1105933665f4ed0e9c1e') in 0.0055661 seconds
Number of updated asset objects reloaded before import = 0Number of asset objects unloaded after import = 0

========================================================================
Received Import Request.
  Time since last request: 0.000032 seconds.
  path: Packages/com.unity.timeline/Editor/Items/ITimelineItem.cs
  artifactKey: Guid(2c87ec8c97244cd47945ec90a99abe35) Importer(2089858483,b0f066a214c2f5e87bad3c948f4d605d)
Start importing Packages/com.unity.timeline/Editor/Items/ITimelineItem.cs using Guid(2c87ec8c97244cd47945ec90a99abe35) Importer(2089858483,b0f066a214c2f5e87bad3c948f4d605d) (ScriptedImporter) -> (artifact id: '8f6ee1bf5c4f2a99647da1290a2fb050') in 0.0056496 seconds
Number of updated asset objects reloaded before import = 0Number of asset objects unloaded after import = 0

========================================================================
Received Import Request.
  Time since last request: 0.000054 seconds.
  path: Packages/com.unity.timeline/Editor/treeview/TimelineClipUnion.cs
  artifactKey: Guid(dc99dfeec967f2644b25dd6bace59b7e) Importer(2089858483,b0f066a214c2f5e87bad3c948f4d605d)
Start importing Packages/com.unity.timeline/Editor/treeview/TimelineClipUnion.cs using Guid(dc99dfeec967f2644b25dd6bace59b7e) Importer(2089858483,b0f066a214c2f5e87bad3c948f4d605d) (ScriptedImporter) -> (artifact id: '7c76ae1aba07dcc560c9309ad852c601') in 0.0086155 seconds
Number of updated asset objects reloaded before import = 0Number of asset objects unloaded after import = 0

========================================================================
Received Import Request.
  Time since last request: 0.000022 seconds.
  path: Packages/com.unity.timeline/Editor/Audio/AudioPlayableAssetInspector.cs
  artifactKey: Guid(23884ce4c1de32846adafea2d53a4cee) Importer(2089858483,b0f066a214c2f5e87bad3c948f4d605d)
Start importing Packages/com.unity.timeline/Editor/Audio/AudioPlayableAssetInspector.cs using Guid(23884ce4c1de32846adafea2d53a4cee) Importer(2089858483,b0f066a214c2f5e87bad3c948f4d605d) (ScriptedImporter) -> (artifact id: '90d2a04f82287ad6aff7f5591204f231') in 0.0045804 seconds
Number of updated asset objects reloaded before import = 0Number of asset objects unloaded after import = 0

========================================================================
Received Import Request.
  Time since last request: 0.000047 seconds.
  path: Packages/com.unity.timeline/Editor/Attributes/MenuEntryAttribute.cs
  artifactKey: Guid(e6870f707805737429a719f575621041) Importer(2089858483,b0f066a214c2f5e87bad3c948f4d605d)
Start importing Packages/com.unity.timeline/Editor/Attributes/MenuEntryAttribute.cs using Guid(e6870f707805737429a719f575621041) Importer(2089858483,b0f066a214c2f5e87bad3c948f4d605d) (ScriptedImporter) -> (artifact id: '238d94a395509c7b5dd165eb96399106') in 0.0060361 seconds
Number of updated asset objects reloaded before import = 0Number of asset objects unloaded after import = 0

========================================================================
Received Import Request.
  Time since last request: 0.000041 seconds.
  path: Packages/com.unity.timeline/Editor/Undo/UndoScope.cs
  artifactKey: Guid(ef85e74dfd3749279eff9e7fbfbaf3f8) Importer(2089858483,b0f066a214c2f5e87bad3c948f4d605d)
Start importing Packages/com.unity.timeline/Editor/Undo/UndoScope.cs using Guid(ef85e74dfd3749279eff9e7fbfbaf3f8) Importer(2089858483,b0f066a214c2f5e87bad3c948f4d605d) (ScriptedImporter) -> (artifact id: '4d2880a5567db7b0456ea26d628a8e6b') in 0.0042498 seconds
Number of updated asset objects reloaded before import = 0Number of asset objects unloaded after import = 0

========================================================================
Received Import Request.
  Time since last request: 0.000026 seconds.
  path: Packages/com.unity.timeline/Editor/Manipulators/TimeIndicator.cs
  artifactKey: Guid(1d446e57147ca9b4183edfbbfa9bf206) Importer(2089858483,b0f066a214c2f5e87bad3c948f4d605d)
Start importing Packages/com.unity.timeline/Editor/Manipulators/TimeIndicator.cs using Guid(1d446e57147ca9b4183edfbbfa9bf206) Importer(2089858483,b0f066a214c2f5e87bad3c948f4d605d) (ScriptedImporter) -> (artifact id: 'cb2061a086ad2eb032ded94c45a49c2c') in 0.0055117 seconds
Number of updated asset objects reloaded before import = 0Number of asset objects unloaded after import = 0

========================================================================
Received Import Request.
  Time since last request: 0.000030 seconds.
  path: Packages/com.unity.timeline/Editor/Manipulators/TimelineClipGroup.cs
  artifactKey: Guid(b8c3bda3a988b5f4c910a5c3f722d0be) Importer(2089858483,b0f066a214c2f5e87bad3c948f4d605d)
Start importing Packages/com.unity.timeline/Editor/Manipulators/TimelineClipGroup.cs using Guid(b8c3bda3a988b5f4c910a5c3f722d0be) Importer(2089858483,b0f066a214c2f5e87bad3c948f4d605d) (ScriptedImporter) -> (artifact id: 'c8e5cb5e34bd35e9fce77da8f4f0444c') in 0.0055183 seconds
Number of updated asset objects reloaded before import = 0Number of asset objects unloaded after import = 0

========================================================================
Received Import Request.
  Time since last request: 0.000060 seconds.
  path: Packages/com.unity.timeline/Editor/Animation/AnimationOffsetMenu.cs
  artifactKey: Guid(9ace5095cc37ed849b52109d2ee305d4) Importer(2089858483,b0f066a214c2f5e87bad3c948f4d605d)
Start importing Packages/com.unity.timeline/Editor/Animation/AnimationOffsetMenu.cs using Guid(9ace5095cc37ed849b52109d2ee305d4) Importer(2089858483,b0f066a214c2f5e87bad3c948f4d605d) (ScriptedImporter) -> (artifact id: 'aad90e3545b1e8b6d6955c9ad695c7df') in 0.0071058 seconds
Number of updated asset objects reloaded before import = 0Number of asset objects unloaded after import = 0

========================================================================
Received Import Request.
  Time since last request: 0.000037 seconds.
  path: Packages/com.unity.timeline/Editor/Audio/AudioPlayableAssetEditor.cs
  artifactKey: Guid(74374298effb78d47b85450f7f724cef) Importer(2089858483,b0f066a214c2f5e87bad3c948f4d605d)
Start importing Packages/com.unity.timeline/Editor/Audio/AudioPlayableAssetEditor.cs using Guid(74374298effb78d47b85450f7f724cef) Importer(2089858483,b0f066a214c2f5e87bad3c948f4d605d) (ScriptedImporter) -> (artifact id: 'a7532f5f23a682a47db6c7bf4e821250') in 0.0051273 seconds
Number of updated asset objects reloaded before import = 0Number of asset objects unloaded after import = 0

========================================================================
Received Import Request.
  Time since last request: 0.000022 seconds.
  path: Packages/com.unity.timeline/Editor/Recording/TimelineRecording_Monobehaviour.cs
  artifactKey: Guid(9805855c8e379ed4cad77f639aaddb73) Importer(2089858483,b0f066a214c2f5e87bad3c948f4d605d)
Start importing Packages/com.unity.timeline/Editor/Recording/TimelineRecording_Monobehaviour.cs using Guid(9805855c8e379ed4cad77f639aaddb73) Importer(2089858483,b0f066a214c2f5e87bad3c948f4d605d) (ScriptedImporter) -> (artifact id: 'bab9682bd51c4a74cd61f5a7e3e927a3') in 0.0040784 seconds
Number of updated asset objects reloaded before import = 0Number of asset objects unloaded after import = 0

========================================================================
Received Import Request.
  Time since last request: 0.000021 seconds.
  path: Packages/com.unity.timeline/Editor/treeview/ManipulationsClips.cs
  artifactKey: Guid(b222f61a1f7253e4d8e8cc82bfde9e42) Importer(2089858483,b0f066a214c2f5e87bad3c948f4d605d)
Start importing Packages/com.unity.timeline/Editor/treeview/ManipulationsClips.cs using Guid(b222f61a1f7253e4d8e8cc82bfde9e42) Importer(2089858483,b0f066a214c2f5e87bad3c948f4d605d) (ScriptedImporter) -> (artifact id: '41bec32cceab42a00edc5b08015bad76') in 0.0052884 seconds
Number of updated asset objects reloaded before import = 0Number of asset objects unloaded after import = 0

========================================================================
Received Import Request.
  Time since last request: 0.000034 seconds.
  path: Packages/com.unity.timeline/Editor/Items/ItemsPerTrack.cs
  artifactKey: Guid(647e1bbd3809b30459d946b4a1ddf22b) Importer(2089858483,b0f066a214c2f5e87bad3c948f4d605d)
Start importing Packages/com.unity.timeline/Editor/Items/ItemsPerTrack.cs using Guid(647e1bbd3809b30459d946b4a1ddf22b) Importer(2089858483,b0f066a214c2f5e87bad3c948f4d605d) (ScriptedImporter) -> (artifact id: 'b5fab44039f4866fa1f4ed770f9c67c4') in 0.0044991 seconds
Number of updated asset objects reloaded before import = 0Number of asset objects unloaded after import = 0

========================================================================
Received Import Request.
  Time since last request: 0.000032 seconds.
  path: Packages/com.unity.timeline/Editor/Actions/MarkerActions.cs
  artifactKey: Guid(5da77d4d078922b4c8466e9e35fb3f5e) Importer(2089858483,b0f066a214c2f5e87bad3c948f4d605d)
Start importing Packages/com.unity.timeline/Editor/Actions/MarkerActions.cs using Guid(5da77d4d078922b4c8466e9e35fb3f5e) Importer(2089858483,b0f066a214c2f5e87bad3c948f4d605d) (ScriptedImporter) -> (artifact id: '4f2a18031706338f9c44dddcc53d7791') in 0.0044083 seconds
Number of updated asset objects reloaded before import = 0Number of asset objects unloaded after import = 0

========================================================================
Received Import Request.
  Time since last request: 0.000019 seconds.
  path: Packages/com.unity.timeline/Editor/Samples/SampleDependencyImporter.cs
  artifactKey: Guid(6acc614d8b9423d4db1b43e745ecba5b) Importer(2089858483,b0f066a214c2f5e87bad3c948f4d605d)
Start importing Packages/com.unity.timeline/Editor/Samples/SampleDependencyImporter.cs using Guid(6acc614d8b9423d4db1b43e745ecba5b) Importer(2089858483,b0f066a214c2f5e87bad3c948f4d605d) (ScriptedImporter) -> (artifact id: '54cab6e5ccf4fdccda283d50a04f1b02') in 0.0044377 seconds
Number of updated asset objects reloaded before import = 0Number of asset objects unloaded after import = 0

========================================================================
Received Import Request.
  Time since last request: 0.000022 seconds.
  path: Packages/com.unity.timeline/Editor/StyleSheets/ClipInspector.uss
  artifactKey: Guid(eded20d65a4c8a7489e4df3772953e51) Importer(2089858483,b0f066a214c2f5e87bad3c948f4d605d)
Start importing Packages/com.unity.timeline/Editor/StyleSheets/ClipInspector.uss using Guid(eded20d65a4c8a7489e4df3772953e51) Importer(2089858483,b0f066a214c2f5e87bad3c948f4d605d) (ScriptedImporter) -> (artifact id: 'da02d8bd2833312b2752cfd2d032b287') in 0.0074498 seconds
Number of updated asset objects reloaded before import = 0Number of asset objects unloaded after import = 1

========================================================================
Received Import Request.
  Time since last request: 0.000031 seconds.
  path: Packages/com.unity.timeline/Editor/Signals/SignalReceiverInspector.cs
  artifactKey: Guid(70b265ed18dc14041bedc0263d4578ef) Importer(2089858483,b0f066a214c2f5e87bad3c948f4d605d)
Start importing Packages/com.unity.timeline/Editor/Signals/SignalReceiverInspector.cs using Guid(70b265ed18dc14041bedc0263d4578ef) Importer(2089858483,b0f066a214c2f5e87bad3c948f4d605d) (ScriptedImporter) -> (artifact id: '72e171eed1180fa3fbb5667ed1f7d9af') in 0.0040829 seconds
Number of updated asset objects reloaded before import = 0Number of asset objects unloaded after import = 0

========================================================================
Received Import Request.
  Time since last request: 0.000036 seconds.
  path: Packages/com.unity.timeline/Editor/Playables/ControlPlayableInspector.cs
  artifactKey: Guid(f65646ef159c91441bff704a5f7f419b) Importer(2089858483,b0f066a214c2f5e87bad3c948f4d605d)
Start importing Packages/com.unity.timeline/Editor/Playables/ControlPlayableInspector.cs using Guid(f65646ef159c91441bff704a5f7f419b) Importer(2089858483,b0f066a214c2f5e87bad3c948f4d605d) (ScriptedImporter) -> (artifact id: '844f1aee418c924f6c3d65b892d30af3') in 0.0054173 seconds
Number of updated asset objects reloaded before import = 0Number of asset objects unloaded after import = 0

========================================================================
Received Import Request.
  Time since last request: 0.000018 seconds.
  path: Packages/com.unity.timeline/Editor/Utilities/ObjectReferenceField.cs
  artifactKey: Guid(29bf1d4ec1012bc45967ce95b729b8b3) Importer(2089858483,b0f066a214c2f5e87bad3c948f4d605d)
Start importing Packages/com.unity.timeline/Editor/Utilities/ObjectReferenceField.cs using Guid(29bf1d4ec1012bc45967ce95b729b8b3) Importer(2089858483,b0f066a214c2f5e87bad3c948f4d605d) (ScriptedImporter) -> (artifact id: '99075a7af7eeb68b829e784c0bb85d0f') in 0.0052358 seconds
Number of updated asset objects reloaded before import = 0Number of asset objects unloaded after import = 0

========================================================================
Received Import Request.
  Time since last request: 0.000031 seconds.
  path: Packages/com.unity.timeline/Editor/inspectors/TimelinePreferences.cs
  artifactKey: Guid(227613ec5b3943443a284e30a6d6b91e) Importer(2089858483,b0f066a214c2f5e87bad3c948f4d605d)
Start importing Packages/com.unity.timeline/Editor/inspectors/TimelinePreferences.cs using Guid(227613ec5b3943443a284e30a6d6b91e) Importer(2089858483,b0f066a214c2f5e87bad3c948f4d605d) (ScriptedImporter) -> (artifact id: '3c620a66a5b7717ebfac60e43e5d6a40') in 0.0042498 seconds
Number of updated asset objects reloaded before import = 0Number of asset objects unloaded after import = 0

========================================================================
Received Import Request.
  Time since last request: 0.000018 seconds.
  path: Packages/com.unity.timeline/Editor/Utilities/Range.cs
  artifactKey: Guid(d31dfeaa131921f4eae00783cc48146f) Importer(2089858483,b0f066a214c2f5e87bad3c948f4d605d)
Start importing Packages/com.unity.timeline/Editor/Utilities/Range.cs using Guid(d31dfeaa131921f4eae00783cc48146f) Importer(2089858483,b0f066a214c2f5e87bad3c948f4d605d) (ScriptedImporter) -> (artifact id: 'c830e9f1779ada9b23e28f4c3801f4f9') in 0.004968 seconds
Number of updated asset objects reloaded before import = 0Number of asset objects unloaded after import = 0

========================================================================
Received Import Request.
  Time since last request: 0.000020 seconds.
  path: Packages/com.unity.timeline/Editor/Manipulators/TimeAreaAutoPanner.cs
  artifactKey: Guid(02e1fe0a338b35545a5fed1345848332) Importer(2089858483,b0f066a214c2f5e87bad3c948f4d605d)
Start importing Packages/com.unity.timeline/Editor/Manipulators/TimeAreaAutoPanner.cs using Guid(02e1fe0a338b35545a5fed1345848332) Importer(2089858483,b0f066a214c2f5e87bad3c948f4d605d) (ScriptedImporter) -> (artifact id: '7637f283b33778d268cd1e4fb0f6367d') in 0.0049633 seconds
Number of updated asset objects reloaded before import = 0Number of asset objects unloaded after import = 0

========================================================================
Received Import Request.
  Time since last request: 0.000033 seconds.
  path: Packages/com.unity.timeline/Editor/Recording/TimelineRecording_PlayableAsset.cs
  artifactKey: Guid(7341c0cd0aad4994e8fa461cb443aa7d) Importer(2089858483,b0f066a214c2f5e87bad3c948f4d605d)
Start importing Packages/com.unity.timeline/Editor/Recording/TimelineRecording_PlayableAsset.cs using Guid(7341c0cd0aad4994e8fa461cb443aa7d) Importer(2089858483,b0f066a214c2f5e87bad3c948f4d605d) (ScriptedImporter) -> (artifact id: 'a122c1ae7b8e0b1962fa6b0cc1cb6241') in 0.0047662 seconds
Number of updated asset objects reloaded before import = 0Number of asset objects unloaded after import = 0

========================================================================
Received Import Request.
  Time since last request: 0.000018 seconds.
  path: Packages/com.unity.timeline/Editor/State/SequenceState.cs
  artifactKey: Guid(09f4db536a377bc40a9ac110af702bfa) Importer(2089858483,b0f066a214c2f5e87bad3c948f4d605d)
Start importing Packages/com.unity.timeline/Editor/State/SequenceState.cs using Guid(09f4db536a377bc40a9ac110af702bfa) Importer(2089858483,b0f066a214c2f5e87bad3c948f4d605d) (ScriptedImporter) -> (artifact id: '6573cbb8ff9568a37660a9086d69ebd4') in 0.0048608 seconds
Number of updated asset objects reloaded before import = 0Number of asset objects unloaded after import = 0

========================================================================
Received Import Request.
  Time since last request: 0.000019 seconds.
  path: Packages/com.unity.timeline/Editor/Animation/CurveTreeViewNode.cs
  artifactKey: Guid(1ec45eaf72174ca189827d7896952167) Importer(2089858483,b0f066a214c2f5e87bad3c948f4d605d)
Start importing Packages/com.unity.timeline/Editor/Animation/CurveTreeViewNode.cs using Guid(1ec45eaf72174ca189827d7896952167) Importer(2089858483,b0f066a214c2f5e87bad3c948f4d605d) (ScriptedImporter) -> (artifact id: 'bae8008bbc3bd014fc23e6125368463d') in 0.004979 seconds
Number of updated asset objects reloaded before import = 0Number of asset objects unloaded after import = 0

========================================================================
Received Import Request.
  Time since last request: 0.000025 seconds.
  path: Packages/com.unity.timeline/Editor/Signals/SignalManager.cs
  artifactKey: Guid(255b0c6d400fd964dab3029c8abc53f4) Importer(2089858483,b0f066a214c2f5e87bad3c948f4d605d)
Start importing Packages/com.unity.timeline/Editor/Signals/SignalManager.cs using Guid(255b0c6d400fd964dab3029c8abc53f4) Importer(2089858483,b0f066a214c2f5e87bad3c948f4d605d) (ScriptedImporter) -> (artifact id: '40fdfb8869d01e592342bcd695f9fb03') in 0.0057663 seconds
Number of updated asset objects reloaded before import = 0Number of asset objects unloaded after import = 0

========================================================================
Received Import Request.
  Time since last request: 0.000039 seconds.
  path: Packages/com.unity.timeline/Editor/Animation/AnimationTrackActions.cs
  artifactKey: Guid(d4553f2006f48b6448553cb525d2876e) Importer(2089858483,b0f066a214c2f5e87bad3c948f4d605d)
Start importing Packages/com.unity.timeline/Editor/Animation/AnimationTrackActions.cs using Guid(d4553f2006f48b6448553cb525d2876e) Importer(2089858483,b0f066a214c2f5e87bad3c948f4d605d) (ScriptedImporter) -> (artifact id: 'b7facc57bab0592022bed2cb8fec4db5') in 0.0055988 seconds
Number of updated asset objects reloaded before import = 0Number of asset objects unloaded after import = 0

========================================================================
Received Import Request.
  Time since last request: 0.000035 seconds.
  path: Packages/com.unity.timeline/Editor/Signals/SignalEmitterEditor.cs
  artifactKey: Guid(51a7878f6c989394782db73339e90e46) Importer(2089858483,b0f066a214c2f5e87bad3c948f4d605d)
Start importing Packages/com.unity.timeline/Editor/Signals/SignalEmitterEditor.cs using Guid(51a7878f6c989394782db73339e90e46) Importer(2089858483,b0f066a214c2f5e87bad3c948f4d605d) (ScriptedImporter) -> (artifact id: '92feb15573f6b432e99b590652012d3b') in 0.0057266 seconds
Number of updated asset objects reloaded before import = 0Number of asset objects unloaded after import = 0

========================================================================
Received Import Request.
  Time since last request: 0.000085 seconds.
  path: Packages/com.unity.timeline/Editor/Signals/SignalReceiverHeader.cs
  artifactKey: Guid(423cd382a7804414d9bfdb2e7fb7bb62) Importer(2089858483,b0f066a214c2f5e87bad3c948f4d605d)
Start importing Packages/com.unity.timeline/Editor/Signals/SignalReceiverHeader.cs using Guid(423cd382a7804414d9bfdb2e7fb7bb62) Importer(2089858483,b0f066a214c2f5e87bad3c948f4d605d) (ScriptedImporter) -> (artifact id: '89abbd8c0578adb9d3f46f3e276d6430') in 0.005718 seconds
Number of updated asset objects reloaded before import = 0Number of asset objects unloaded after import = 0

========================================================================
Received Import Request.
  Time since last request: 0.000019 seconds.
  path: Packages/com.unity.visualscripting/Runtime/VisualScripting.Flow/Framework/Events/Lifecycle/OnEnable.cs
  artifactKey: Guid(20201b41647ec4033b5afa3b7d6d8619) Importer(2089858483,b0f066a214c2f5e87bad3c948f4d605d)
Start importing Packages/com.unity.visualscripting/Runtime/VisualScripting.Flow/Framework/Events/Lifecycle/OnEnable.cs using Guid(20201b41647ec4033b5afa3b7d6d8619) Importer(2089858483,b0f066a214c2f5e87bad3c948f4d605d) (ScriptedImporter) -> (artifact id: 'bb0b607b0fcfe615f329737f3cfe4fd7') in 0.0052837 seconds
Number of updated asset objects reloaded before import = 0Number of asset objects unloaded after import = 0

========================================================================
Received Import Request.
  Time since last request: 0.000025 seconds.
  path: Packages/com.unity.visualscripting/Runtime/VisualScripting.Core/EditorBinding/AllowsNullAttribute.cs
  artifactKey: Guid(13defabd061af4a5b823040e401f9c58) Importer(2089858483,b0f066a214c2f5e87bad3c948f4d605d)
Start importing Packages/com.unity.visualscripting/Runtime/VisualScripting.Core/EditorBinding/AllowsNullAttribute.cs using Guid(13defabd061af4a5b823040e401f9c58) Importer(2089858483,b0f066a214c2f5e87bad3c948f4d605d) (ScriptedImporter) -> (artifact id: '18d7f7a1af60daeadd5a7c67e9a1518a') in 0.0066274 seconds
Number of updated asset objects reloaded before import = 0Number of asset objects unloaded after import = 0

========================================================================
Received Import Request.
  Time since last request: 0.000032 seconds.
  path: Packages/com.unity.visualscripting/Runtime/VisualScripting.Core/Listeners/MonoBehaviour/UnityOnTransformChildrenChangedMListener.cs
  artifactKey: Guid(90b15a896e1b468b9e634bb9b49bcb9e) Importer(2089858483,b0f066a214c2f5e87bad3c948f4d605d)
Start importing Packages/com.unity.visualscripting/Runtime/VisualScripting.Core/Listeners/MonoBehaviour/UnityOnTransformChildrenChangedMListener.cs using Guid(90b15a896e1b468b9e634bb9b49bcb9e) Importer(2089858483,b0f066a214c2f5e87bad3c948f4d605d) (ScriptedImporter) -> (artifact id: '8b85415bc118b1b3ff000fdf52647bc3') in 0.0072594 seconds
Number of updated asset objects reloaded before import = 0Number of asset objects unloaded after import = 0

========================================================================
Received Import Request.
  Time since last request: 0.000029 seconds.
  path: Packages/com.unity.visualscripting/Runtime/VisualScripting.Core/EditorBinding/Inspector/InspectorLabelAttribute.cs
  artifactKey: Guid(032176a8438164e56a69202380b151d6) Importer(2089858483,b0f066a214c2f5e87bad3c948f4d605d)
Start importing Packages/com.unity.visualscripting/Runtime/VisualScripting.Core/EditorBinding/Inspector/InspectorLabelAttribute.cs using Guid(032176a8438164e56a69202380b151d6) Importer(2089858483,b0f066a214c2f5e87bad3c948f4d605d) (ScriptedImporter) -> (artifact id: '899c101246fede8658590933c0101d57') in 0.0047578 seconds
Number of updated asset objects reloaded before import = 0Number of asset objects unloaded after import = 0

========================================================================
Received Import Request.
  Time since last request: 0.000031 seconds.
  path: Packages/com.unity.test-framework/package.json
  artifactKey: Guid(d6a2e6e4803de7b43baacdc355fc144d) Importer(2089858483,b0f066a214c2f5e87bad3c948f4d605d)
Start importing Packages/com.unity.test-framework/package.json using Guid(d6a2e6e4803de7b43baacdc355fc144d) Importer(2089858483,b0f066a214c2f5e87bad3c948f4d605d) (ScriptedImporter) -> (artifact id: 'ddf805c0229c94b7d141d5906b447420') in 0.0056389 seconds
Number of updated asset objects reloaded before import = 0Number of asset objects unloaded after import = 1

========================================================================
Received Import Request.
  Time since last request: 0.000022 seconds.
  path: Packages/com.unity.test-framework/UnityEngine.TestRunner/Utils/TestData.cs
  artifactKey: Guid(72ae18093c05147e4a680b41d4cd9e6f) Importer(2089858483,b0f066a214c2f5e87bad3c948f4d605d)
Start importing Packages/com.unity.test-framework/UnityEngine.TestRunner/Utils/TestData.cs using Guid(72ae18093c05147e4a680b41d4cd9e6f) Importer(2089858483,b0f066a214c2f5e87bad3c948f4d605d) (ScriptedImporter) -> (artifact id: 'db3d8a0407d375dea3d81ac6614b0137') in 0.0063807 seconds
Number of updated asset objects reloaded before import = 0Number of asset objects unloaded after import = 0

========================================================================
Received Import Request.
  Time since last request: 0.000031 seconds.
  path: Packages/com.unity.timeline/Runtime/Activation/ActivationMixerPlayable.cs
  artifactKey: Guid(e165a99d845c10e4ea0f546e542e8684) Importer(2089858483,b0f066a214c2f5e87bad3c948f4d605d)
Start importing Packages/com.unity.timeline/Runtime/Activation/ActivationMixerPlayable.cs using Guid(e165a99d845c10e4ea0f546e542e8684) Importer(2089858483,b0f066a214c2f5e87bad3c948f4d605d) (ScriptedImporter) -> (artifact id: '5c17e1fa7712ebeb53837256cdece773') in 0.0047942 seconds
Number of updated asset objects reloaded before import = 0Number of asset objects unloaded after import = 0

========================================================================
Received Import Request.
  Time since last request: 0.000029 seconds.
  path: Packages/com.unity.visualscripting/Runtime/VisualScripting.Core/Listeners/MonoBehaviour/UnityOnBecameInvisibleMessageListener.cs
  artifactKey: Guid(1cf89df7a0654768859b26797d898f7d) Importer(2089858483,b0f066a214c2f5e87bad3c948f4d605d)
Start importing Packages/com.unity.visualscripting/Runtime/VisualScripting.Core/Listeners/MonoBehaviour/UnityOnBecameInvisibleMessageListener.cs using Guid(1cf89df7a0654768859b26797d898f7d) Importer(2089858483,b0f066a214c2f5e87bad3c948f4d605d) (ScriptedImporter) -> (artifact id: '0e96806b5a64e9aa005d39a34fffa896') in 0.006014 seconds
Number of updated asset objects reloaded before import = 0Number of asset objects unloaded after import = 0

========================================================================
Received Import Request.
  Time since last request: 0.000043 seconds.
  path: Packages/com.unity.inputsystem/InputSystem/Runtime/Controls/InputControlLayoutAttribute.cs
  artifactKey: Guid(b5256e0d1ebecc84d98a4001ab63d5b8) Importer(2089858483,b0f066a214c2f5e87bad3c948f4d605d)
Start importing Packages/com.unity.inputsystem/InputSystem/Runtime/Controls/InputControlLayoutAttribute.cs using Guid(b5256e0d1ebecc84d98a4001ab63d5b8) Importer(2089858483,b0f066a214c2f5e87bad3c948f4d605d) (ScriptedImporter) -> (artifact id: 'c87860eb9eb3e5066b0c166c3d8b5e46') in 0.0048152 seconds
Number of updated asset objects reloaded before import = 0Number of asset objects unloaded after import = 0

========================================================================
Received Import Request.
  Time since last request: 0.000036 seconds.
  path: Packages/com.unity.timeline/Editor/Manipulators/AddDelete/AddDeleteItemModeMix.cs
  artifactKey: Guid(41e14f40b915ca743a3dffd18ffc65ab) Importer(2089858483,b0f066a214c2f5e87bad3c948f4d605d)
Start importing Packages/com.unity.timeline/Editor/Manipulators/AddDelete/AddDeleteItemModeMix.cs using Guid(41e14f40b915ca743a3dffd18ffc65ab) Importer(2089858483,b0f066a214c2f5e87bad3c948f4d605d) (ScriptedImporter) -> (artifact id: 'db3cd7b959c482393c2c63e32e4df0d5') in 0.0048595 seconds
Number of updated asset objects reloaded before import = 0Number of asset objects unloaded after import = 0

========================================================================
Received Import Request.
  Time since last request: 0.000049 seconds.
  path: Packages/com.unity.timeline/Editor/Manipulators/AddDelete/AddDeleteItemModeRipple.cs
  artifactKey: Guid(88338eb35defad644a48718188e8f219) Importer(2089858483,b0f066a214c2f5e87bad3c948f4d605d)
Start importing Packages/com.unity.timeline/Editor/Manipulators/AddDelete/AddDeleteItemModeRipple.cs using Guid(88338eb35defad644a48718188e8f219) Importer(2089858483,b0f066a214c2f5e87bad3c948f4d605d) (ScriptedImporter) -> (artifact id: 'b7fe9c776176b9680ad7bee2e57d78a9') in 0.0060328 seconds
Number of updated asset objects reloaded before import = 0Number of asset objects unloaded after import = 0

========================================================================
Received Import Request.
  Time since last request: 0.000017 seconds.
  path: Packages/com.unity.timeline/Editor/StyleSheets/Extensions/light.uss
  artifactKey: Guid(e98085123be873947970c4f10099a39a) Importer(2089858483,b0f066a214c2f5e87bad3c948f4d605d)
Start importing Packages/com.unity.timeline/Editor/StyleSheets/Extensions/light.uss using Guid(e98085123be873947970c4f10099a39a) Importer(2089858483,b0f066a214c2f5e87bad3c948f4d605d) (ScriptedImporter) -> (artifact id: 'c69f10609dbbb862b319dd24b13f2e04') in 0.010301 seconds
Number of updated asset objects reloaded before import = 0Number of asset objects unloaded after import = 1

========================================================================
Received Import Request.
  Time since last request: 0.000028 seconds.
  path: Packages/com.unity.timeline/Editor/Window/TimelineWindow_PlaybackControls.cs
  artifactKey: Guid(eb2f3c5bf79e22046b2e3866dc3acb99) Importer(2089858483,b0f066a214c2f5e87bad3c948f4d605d)
Start importing Packages/com.unity.timeline/Editor/Window/TimelineWindow_PlaybackControls.cs using Guid(eb2f3c5bf79e22046b2e3866dc3acb99) Importer(2089858483,b0f066a214c2f5e87bad3c948f4d605d) (ScriptedImporter) -> (artifact id: 'bd5290c19c57c83e815b981093ba8db9') in 0.0072341 seconds
Number of updated asset objects reloaded before import = 0Number of asset objects unloaded after import = 0

========================================================================
Received Import Request.
  Time since last request: 0.000040 seconds.
  path: Packages/com.unity.timeline/Runtime/Playables/NotificationFlags.cs
  artifactKey: Guid(983c76d87fb6f4f4597a526a4b2b5fd7) Importer(2089858483,b0f066a214c2f5e87bad3c948f4d605d)
Start importing Packages/com.unity.timeline/Runtime/Playables/NotificationFlags.cs using Guid(983c76d87fb6f4f4597a526a4b2b5fd7) Importer(2089858483,b0f066a214c2f5e87bad3c948f4d605d) (ScriptedImporter) -> (artifact id: 'f8a0197703b3e0e45a54bffe7ab9b6a9') in 0.0076236 seconds
Number of updated asset objects reloaded before import = 0Number of asset objects unloaded after import = 0

========================================================================
Received Import Request.
  Time since last request: 0.000053 seconds.
  path: Packages/com.unity.timeline/Editor/Window/TimelineWindow_TimeCursor.cs
  artifactKey: Guid(e763a90581e2d8143bc9a0e384ce6f0f) Importer(2089858483,b0f066a214c2f5e87bad3c948f4d605d)
Start importing Packages/com.unity.timeline/Editor/Window/TimelineWindow_TimeCursor.cs using Guid(e763a90581e2d8143bc9a0e384ce6f0f) Importer(2089858483,b0f066a214c2f5e87bad3c948f4d605d) (ScriptedImporter) -> (artifact id: '52cceef341afc7b82a0a3d06b7406a23') in 0.0076975 seconds
Number of updated asset objects reloaded before import = 0Number of asset objects unloaded after import = 0

========================================================================
Received Import Request.
  Time since last request: 0.000032 seconds.
  path: Packages/com.unity.timeline/Editor/Window/PlaybackScroller.cs
  artifactKey: Guid(98545765d7a2b614b921715928035ee2) Importer(2089858483,b0f066a214c2f5e87bad3c948f4d605d)
Start importing Packages/com.unity.timeline/Editor/Window/PlaybackScroller.cs using Guid(98545765d7a2b614b921715928035ee2) Importer(2089858483,b0f066a214c2f5e87bad3c948f4d605d) (ScriptedImporter) -> (artifact id: '072e4e1c20b8c9c54c315a25ab1d340e') in 0.006978 seconds
Number of updated asset objects reloaded before import = 0Number of asset objects unloaded after import = 0

========================================================================
Received Import Request.
  Time since last request: 0.000026 seconds.
  path: Packages/com.unity.timeline/Runtime/Events/SignalTrack.cs
  artifactKey: Guid(b46e36075dd1c124a8422c228e75e1fb) Importer(2089858483,b0f066a214c2f5e87bad3c948f4d605d)
Start importing Packages/com.unity.timeline/Runtime/Events/SignalTrack.cs using Guid(b46e36075dd1c124a8422c228e75e1fb) Importer(2089858483,b0f066a214c2f5e87bad3c948f4d605d) (ScriptedImporter) -> (artifact id: 'd24cc17c7167314a075c587ca0b9e37a') in 0.0060495 seconds
Number of updated asset objects reloaded before import = 0Number of asset objects unloaded after import = 0

========================================================================
Received Import Request.
  Time since last request: 0.000022 seconds.
  path: Packages/com.unity.timeline/Editor/Manipulators/Move/MoveItemModeRipple.cs
  artifactKey: Guid(eebde5009793ce948bf5d4c4435b89b9) Importer(2089858483,b0f066a214c2f5e87bad3c948f4d605d)
Start importing Packages/com.unity.timeline/Editor/Manipulators/Move/MoveItemModeRipple.cs using Guid(eebde5009793ce948bf5d4c4435b89b9) Importer(2089858483,b0f066a214c2f5e87bad3c948f4d605d) (ScriptedImporter) -> (artifact id: 'e4f693feb2bd798c7bbdd7abf7979dfe') in 0.0060267 seconds
Number of updated asset objects reloaded before import = 0Number of asset objects unloaded after import = 0

========================================================================
Received Import Request.
  Time since last request: 0.000034 seconds.
  path: Packages/com.unity.timeline/Editor/Manipulators/Move/IMoveItemMode.cs
  artifactKey: Guid(3ff3d24ea34f9f74cb138e435f5f491e) Importer(2089858483,b0f066a214c2f5e87bad3c948f4d605d)
Start importing Packages/com.unity.timeline/Editor/Manipulators/Move/IMoveItemMode.cs using Guid(3ff3d24ea34f9f74cb138e435f5f491e) Importer(2089858483,b0f066a214c2f5e87bad3c948f4d605d) (ScriptedImporter) -> (artifact id: 'fd78c543b8e1aba154a42ef40359f3b9') in 0.005692 seconds
Number of updated asset objects reloaded before import = 0Number of asset objects unloaded after import = 0

========================================================================
Received Import Request.
  Time since last request: 0.000019 seconds.
  path: Packages/com.unity.timeline/Runtime/Activation/ActivationTrack.cs
  artifactKey: Guid(21bf7f712d84d26478ebe6a299f21738) Importer(2089858483,b0f066a214c2f5e87bad3c948f4d605d)
Start importing Packages/com.unity.timeline/Runtime/Activation/ActivationTrack.cs using Guid(21bf7f712d84d26478ebe6a299f21738) Importer(2089858483,b0f066a214c2f5e87bad3c948f4d605d) (ScriptedImporter) -> (artifact id: '9829dddbf963d07d9843246c6eaf8862') in 0.0043993 seconds
Number of updated asset objects reloaded before import = 0Number of asset objects unloaded after import = 0

========================================================================
Received Import Request.
  Time since last request: 0.000023 seconds.
  path: Packages/com.unity.timeline/Editor/Manipulators/Sequence/RectangleTool.cs
  artifactKey: Guid(24a7ce8b48db53747a4e8abbda77eac4) Importer(2089858483,b0f066a214c2f5e87bad3c948f4d605d)
Start importing Packages/com.unity.timeline/Editor/Manipulators/Sequence/RectangleTool.cs using Guid(24a7ce8b48db53747a4e8abbda77eac4) Importer(2089858483,b0f066a214c2f5e87bad3c948f4d605d) (ScriptedImporter) -> (artifact id: 'fbf7bd481e31ea8a39ee0f74c92c899d') in 0.0066852 seconds
Number of updated asset objects reloaded before import = 0Number of asset objects unloaded after import = 0

========================================================================
Received Import Request.
  Time since last request: 0.000025 seconds.
  path: Packages/com.unity.timeline/Runtime/Scripting/PlayableTrack.cs
  artifactKey: Guid(82cd92ffc29383742932b27ca414c80f) Importer(2089858483,b0f066a214c2f5e87bad3c948f4d605d)
Start importing Packages/com.unity.timeline/Runtime/Scripting/PlayableTrack.cs using Guid(82cd92ffc29383742932b27ca414c80f) Importer(2089858483,b0f066a214c2f5e87bad3c948f4d605d) (ScriptedImporter) -> (artifact id: '73e3d9ed2586c3df44efe1d95f8db18e') in 0.0048829 seconds
Number of updated asset objects reloaded before import = 0Number of asset objects unloaded after import = 0

========================================================================
Received Import Request.
  Time since last request: 0.000041 seconds.
  path: Packages/com.unity.timeline/Runtime/Utilities/FrameRate.cs
  artifactKey: Guid(0949a3b7ed32e8744a07b31328a66567) Importer(2089858483,b0f066a214c2f5e87bad3c948f4d605d)
Start importing Packages/com.unity.timeline/Runtime/Utilities/FrameRate.cs using Guid(0949a3b7ed32e8744a07b31328a66567) Importer(2089858483,b0f066a214c2f5e87bad3c948f4d605d) (ScriptedImporter) -> (artifact id: '791b0880c45889419ba7b7d046fa1743') in 0.0045248 seconds
Number of updated asset objects reloaded before import = 0Number of asset objects unloaded after import = 0

========================================================================
Received Import Request.
  Time since last request: 0.000023 seconds.
  path: Packages/com.unity.timeline/Editor/Window/TimelineEditorWindow.cs
  artifactKey: Guid(dfe0d35963084dcc899e4d32cca85455) Importer(2089858483,b0f066a214c2f5e87bad3c948f4d605d)
Start importing Packages/com.unity.timeline/Editor/Window/TimelineEditorWindow.cs using Guid(dfe0d35963084dcc899e4d32cca85455) Importer(2089858483,b0f066a214c2f5e87bad3c948f4d605d) (ScriptedImporter) -> (artifact id: '099f2ae316192d792fe35d18cd521b1c') in 0.0045583 seconds
Number of updated asset objects reloaded before import = 0Number of asset objects unloaded after import = 0

========================================================================
Received Import Request.
  Time since last request: 0.000019 seconds.
  path: Packages/com.unity.timeline/Runtime/Animation/AnimationPreviewUpdateCallback.cs
  artifactKey: Guid(755e3e942f7784d458bddba421c0bb72) Importer(2089858483,b0f066a214c2f5e87bad3c948f4d605d)
Start importing Packages/com.unity.timeline/Runtime/Animation/AnimationPreviewUpdateCallback.cs using Guid(755e3e942f7784d458bddba421c0bb72) Importer(2089858483,b0f066a214c2f5e87bad3c948f4d605d) (ScriptedImporter) -> (artifact id: '71e733f32ce10b55f6fc40d4db13c231') in 0.0042851 seconds
Number of updated asset objects reloaded before import = 0Number of asset objects unloaded after import = 0

========================================================================
Received Import Request.
  Time since last request: 0.000021 seconds.
  path: Packages/com.unity.timeline/Runtime/Events/MarkerList.cs
  artifactKey: Guid(4335a164bb763104c8805212c23d795f) Importer(2089858483,b0f066a214c2f5e87bad3c948f4d605d)
Start importing Packages/com.unity.timeline/Runtime/Events/MarkerList.cs using Guid(4335a164bb763104c8805212c23d795f) Importer(2089858483,b0f066a214c2f5e87bad3c948f4d605d) (ScriptedImporter) -> (artifact id: '5b4c43a9103e7d33efc0a35c80a75820') in 0.0045223 seconds
Number of updated asset objects reloaded before import = 0Number of asset objects unloaded after import = 0

========================================================================
Received Import Request.
  Time since last request: 0.000024 seconds.
  path: Packages/com.unity.timeline/Runtime/Evaluation/InfiniteRuntimeClip.cs
  artifactKey: Guid(9b5abcb38bac0c54794ad732a3fa0de3) Importer(2089858483,b0f066a214c2f5e87bad3c948f4d605d)
Start importing Packages/com.unity.timeline/Runtime/Evaluation/InfiniteRuntimeClip.cs using Guid(9b5abcb38bac0c54794ad732a3fa0de3) Importer(2089858483,b0f066a214c2f5e87bad3c948f4d605d) (ScriptedImporter) -> (artifact id: 'd5c55ae479567dbf0a1fddec361c1ef6') in 0.0042558 seconds
Number of updated asset objects reloaded before import = 0Number of asset objects unloaded after import = 0

========================================================================
Received Import Request.
  Time since last request: 0.000057 seconds.
  path: Packages/com.unity.timeline/Editor/treeview/ItemGui/ISelectable.cs
  artifactKey: Guid(4acbfc0398bab674f922f693e58f4afc) Importer(2089858483,b0f066a214c2f5e87bad3c948f4d605d)
Start importing Packages/com.unity.timeline/Editor/treeview/ItemGui/ISelectable.cs using Guid(4acbfc0398bab674f922f693e58f4afc) Importer(2089858483,b0f066a214c2f5e87bad3c948f4d605d) (ScriptedImporter) -> (artifact id: '2923a70428ace958caaf1b09c6f8142d') in 0.0046979 seconds
Number of updated asset objects reloaded before import = 0Number of asset objects unloaded after import = 0

========================================================================
Received Import Request.
  Time since last request: 0.000022 seconds.
  path: Packages/com.unity.timeline/Runtime/Evaluation/IntervalTree.cs
  artifactKey: Guid(8f74c99a65464bb4b86ccb314ee95a7f) Importer(2089858483,b0f066a214c2f5e87bad3c948f4d605d)
Start importing Packages/com.unity.timeline/Runtime/Evaluation/IntervalTree.cs using Guid(8f74c99a65464bb4b86ccb314ee95a7f) Importer(2089858483,b0f066a214c2f5e87bad3c948f4d605d) (ScriptedImporter) -> (artifact id: 'f4f86bcb32a7f7919ee706c8441c385c') in 0.0044945 seconds
Number of updated asset objects reloaded before import = 0Number of asset objects unloaded after import = 0

========================================================================
Received Import Request.
  Time since last request: 0.000023 seconds.
  path: Packages/com.unity.timeline/Editor/Window/TimelineWindow.cs
  artifactKey: Guid(f817a38900380be47942905e17e7d39b) Importer(2089858483,b0f066a214c2f5e87bad3c948f4d605d)
Start importing Packages/com.unity.timeline/Editor/Window/TimelineWindow.cs using Guid(f817a38900380be47942905e17e7d39b) Importer(2089858483,b0f066a214c2f5e87bad3c948f4d605d) (ScriptedImporter) -> (artifact id: '4d5dc636c3c2e907d08c321411c9ec95') in 0.0060495 seconds
Number of updated asset objects reloaded before import = 0Number of asset objects unloaded after import = 0

========================================================================
Received Import Request.
  Time since last request: 0.000032 seconds.
  path: Packages/com.unity.timeline/Runtime/Playables/ParticleControlPlayable.cs
  artifactKey: Guid(f603edd7163537f44927ad2808147a25) Importer(2089858483,b0f066a214c2f5e87bad3c948f4d605d)
Start importing Packages/com.unity.timeline/Runtime/Playables/ParticleControlPlayable.cs using Guid(f603edd7163537f44927ad2808147a25) Importer(2089858483,b0f066a214c2f5e87bad3c948f4d605d) (ScriptedImporter) -> (artifact id: 'b88203a86dbf5d61bec39a468cf2af68') in 0.006827 seconds
Number of updated asset objects reloaded before import = 0Number of asset objects unloaded after import = 0

========================================================================
Received Import Request.
  Time since last request: 0.000035 seconds.
  path: Packages/com.unity.timeline/Editor/Manipulators/Sequence/EaseClip.cs
  artifactKey: Guid(b7cabea05434bb9479aee1e121b0d103) Importer(2089858483,b0f066a214c2f5e87bad3c948f4d605d)
Start importing Packages/com.unity.timeline/Editor/Manipulators/Sequence/EaseClip.cs using Guid(b7cabea05434bb9479aee1e121b0d103) Importer(2089858483,b0f066a214c2f5e87bad3c948f4d605d) (ScriptedImporter) -> (artifact id: '78ed2c9de5e5524247176647dfe433d1') in 0.0049796 seconds
Number of updated asset objects reloaded before import = 0Number of asset objects unloaded after import = 0

========================================================================
Received Import Request.
  Time since last request: 0.000030 seconds.
  path: Packages/com.unity.timeline/Editor/treeview/Drawers/TrackDrawer.cs
  artifactKey: Guid(9a0f991b6c2f45b44b92e163f9969e8e) Importer(2089858483,b0f066a214c2f5e87bad3c948f4d605d)
Start importing Packages/com.unity.timeline/Editor/treeview/Drawers/TrackDrawer.cs using Guid(9a0f991b6c2f45b44b92e163f9969e8e) Importer(2089858483,b0f066a214c2f5e87bad3c948f4d605d) (ScriptedImporter) -> (artifact id: '2c36ff81ddecbbcab60fa20cebff34eb') in 0.0042398 seconds
Number of updated asset objects reloaded before import = 0Number of asset objects unloaded after import = 0

========================================================================
Received Import Request.
  Time since last request: 0.000019 seconds.
  path: Packages/com.unity.timeline/Editor/Window/TimelineWindow_PreviewPlayMode.cs
  artifactKey: Guid(5c9c9f62af2efb948a1974650039e2db) Importer(2089858483,b0f066a214c2f5e87bad3c948f4d605d)
Start importing Packages/com.unity.timeline/Editor/Window/TimelineWindow_PreviewPlayMode.cs using Guid(5c9c9f62af2efb948a1974650039e2db) Importer(2089858483,b0f066a214c2f5e87bad3c948f4d605d) (ScriptedImporter) -> (artifact id: '4a0dfe2b83f593a632f778260519afd4') in 0.0049709 seconds
Number of updated asset objects reloaded before import = 0Number of asset objects unloaded after import = 0

========================================================================
Received Import Request.
  Time since last request: 0.000021 seconds.
  path: Packages/com.unity.timeline/Runtime/Animation/AnimationTrack.cs
  artifactKey: Guid(d21dcc2386d650c4597f3633c75a1f98) Importer(2089858483,b0f066a214c2f5e87bad3c948f4d605d)
Start importing Packages/com.unity.timeline/Runtime/Animation/AnimationTrack.cs using Guid(d21dcc2386d650c4597f3633c75a1f98) Importer(2089858483,b0f066a214c2f5e87bad3c948f4d605d) (ScriptedImporter) -> (artifact id: '4a71c32f1665b525cc1cb3df39afaf7e') in 0.0058096 seconds
Number of updated asset objects reloaded before import = 0Number of asset objects unloaded after import = 0

========================================================================
Received Import Request.
  Time since last request: 0.000018 seconds.
  path: Packages/com.unity.timeline/Editor/Window/OverlayDrawer.cs
  artifactKey: Guid(4f4398a10f384dacb37698e5b1f8fede) Importer(2089858483,b0f066a214c2f5e87bad3c948f4d605d)
Start importing Packages/com.unity.timeline/Editor/Window/OverlayDrawer.cs using Guid(4f4398a10f384dacb37698e5b1f8fede) Importer(2089858483,b0f066a214c2f5e87bad3c948f4d605d) (ScriptedImporter) -> (artifact id: 'b09911180ed73222512363583bcaf32e') in 0.0042839 seconds
Number of updated asset objects reloaded before import = 0Number of asset objects unloaded after import = 0

========================================================================
Received Import Request.
  Time since last request: 0.000022 seconds.
  path: Packages/com.unity.timeline/Editor/Manipulators/Sequence/RectangleZoom.cs
  artifactKey: Guid(5aa8f57287fc17149bcd798be813180b) Importer(2089858483,b0f066a214c2f5e87bad3c948f4d605d)
Start importing Packages/com.unity.timeline/Editor/Manipulators/Sequence/RectangleZoom.cs using Guid(5aa8f57287fc17149bcd798be813180b) Importer(2089858483,b0f066a214c2f5e87bad3c948f4d605d) (ScriptedImporter) -> (artifact id: '023b3f9c175ea9d5f558444765c0021f') in 0.0045919 seconds
Number of updated asset objects reloaded before import = 0Number of asset objects unloaded after import = 0

========================================================================
Received Import Request.
  Time since last request: 0.000047 seconds.
  path: Packages/com.unity.timeline/Editor/Utilities/TimeFormat.cs
  artifactKey: Guid(25eff19ce9634557bc1b23c644c46692) Importer(2089858483,b0f066a214c2f5e87bad3c948f4d605d)
Start importing Packages/com.unity.timeline/Editor/Utilities/TimeFormat.cs using Guid(25eff19ce9634557bc1b23c644c46692) Importer(2089858483,b0f066a214c2f5e87bad3c948f4d605d) (ScriptedImporter) -> (artifact id: 'a0d28f907df080e6fd03b5049547bdd5') in 0.0048652 seconds
Number of updated asset objects reloaded before import = 0Number of asset objects unloaded after import = 0

========================================================================
Received Import Request.
  Time since last request: 0.000019 seconds.
  path: Packages/com.unity.timeline/Editor/treeview/ItemGui/TimelineItemGUI.cs
  artifactKey: Guid(6f515f8ecd3b6a546b90abaae2553f99) Importer(2089858483,b0f066a214c2f5e87bad3c948f4d605d)
Start importing Packages/com.unity.timeline/Editor/treeview/ItemGui/TimelineItemGUI.cs using Guid(6f515f8ecd3b6a546b90abaae2553f99) Importer(2089858483,b0f066a214c2f5e87bad3c948f4d605d) (ScriptedImporter) -> (artifact id: '76b4c7c2993cffb490bb5c64713d367f') in 0.0053274 seconds
Number of updated asset objects reloaded before import = 0Number of asset objects unloaded after import = 0

========================================================================
Received Import Request.
  Time since last request: 0.000020 seconds.
  path: Packages/com.unity.timeline/Runtime/Utilities/Extrapolation.cs
  artifactKey: Guid(32535dd294c621e4297fba34b15b1c52) Importer(2089858483,b0f066a214c2f5e87bad3c948f4d605d)
Start importing Packages/com.unity.timeline/Runtime/Utilities/Extrapolation.cs using Guid(32535dd294c621e4297fba34b15b1c52) Importer(2089858483,b0f066a214c2f5e87bad3c948f4d605d) (ScriptedImporter) -> (artifact id: 'b973536c8184e3f27b5b5362e8fc1466') in 0.0050551 seconds
Number of updated asset objects reloaded before import = 0Number of asset objects unloaded after import = 0

========================================================================
Received Import Request.
  Time since last request: 0.000017 seconds.
  path: Packages/com.unity.timeline/Runtime/Utilities/TimelineClipExtensions.cs
  artifactKey: Guid(7a02f7efcd3e4f3baa0079e620bddbd7) Importer(2089858483,b0f066a214c2f5e87bad3c948f4d605d)
Start importing Packages/com.unity.timeline/Runtime/Utilities/TimelineClipExtensions.cs using Guid(7a02f7efcd3e4f3baa0079e620bddbd7) Importer(2089858483,b0f066a214c2f5e87bad3c948f4d605d) (ScriptedImporter) -> (artifact id: 'f2c75a5fba613c7ead59af1708377fc3') in 0.0058833 seconds
Number of updated asset objects reloaded before import = 0Number of asset objects unloaded after import = 0

========================================================================
Received Import Request.
  Time since last request: 0.000020 seconds.
  path: Packages/com.unity.2d.aseprite/Tests/Editor/Unity.2D.Aseprite.EditorTests.asmdef
  artifactKey: Guid(11ff6b09ffef54ec1807e95c1a797106) Importer(2089858483,b0f066a214c2f5e87bad3c948f4d605d)
Start importing Packages/com.unity.2d.aseprite/Tests/Editor/Unity.2D.Aseprite.EditorTests.asmdef using Guid(11ff6b09ffef54ec1807e95c1a797106) Importer(2089858483,b0f066a214c2f5e87bad3c948f4d605d) (ScriptedImporter) -> (artifact id: 'ca5ce2bbba174560b76ec9ec8bdcdec4') in 0.0047428 seconds
Number of updated asset objects reloaded before import = 0Number of asset objects unloaded after import = 1

========================================================================
Received Import Request.
  Time since last request: 0.000029 seconds.
  path: Packages/com.unity.visualscripting/Runtime/VisualScripting.Core/Collections/AotDictionary.cs
  artifactKey: Guid(f097bbb63a5fa43369651ebaf0812b0f) Importer(2089858483,b0f066a214c2f5e87bad3c948f4d605d)
Start importing Packages/com.unity.visualscripting/Runtime/VisualScripting.Core/Collections/AotDictionary.cs using Guid(f097bbb63a5fa43369651ebaf0812b0f) Importer(2089858483,b0f066a214c2f5e87bad3c948f4d605d) (ScriptedImporter) -> (artifact id: '99f91a1a10857f0dfd6a20092ff9182e') in 0.0062586 seconds
Number of updated asset objects reloaded before import = 0Number of asset objects unloaded after import = 0

========================================================================
Received Import Request.
  Time since last request: 0.000022 seconds.
  path: Packages/com.unity.visualscripting/Runtime/VisualScripting.Flow/Framework/Math/Vector3/Vector3PerSecond.cs
  artifactKey: Guid(0949a6b19cebf4a8aad4cd2bb80207e0) Importer(2089858483,b0f066a214c2f5e87bad3c948f4d605d)
Start importing Packages/com.unity.visualscripting/Runtime/VisualScripting.Flow/Framework/Math/Vector3/Vector3PerSecond.cs using Guid(0949a6b19cebf4a8aad4cd2bb80207e0) Importer(2089858483,b0f066a214c2f5e87bad3c948f4d605d) (ScriptedImporter) -> (artifact id: '36a66f2afadbc63c6df3a3e9ac8acd26') in 0.0044741 seconds
Number of updated asset objects reloaded before import = 0Number of asset objects unloaded after import = 0

========================================================================
Received Import Request.
  Time since last request: 0.000023 seconds.
  path: Packages/com.unity.visualscripting/Runtime/VisualScripting.Flow/Ports/InvalidOutput.cs
  artifactKey: Guid(29dddc44cbcf54a8ea0ac623012344c1) Importer(2089858483,b0f066a214c2f5e87bad3c948f4d605d)
Start importing Packages/com.unity.visualscripting/Runtime/VisualScripting.Flow/Ports/InvalidOutput.cs using Guid(29dddc44cbcf54a8ea0ac623012344c1) Importer(2089858483,b0f066a214c2f5e87bad3c948f4d605d) (ScriptedImporter) -> (artifact id: '326678b618a66f9012f10994eb3231c1') in 0.007086 seconds
Number of updated asset objects reloaded before import = 0Number of asset objects unloaded after import = 0

========================================================================
Received Import Request.
  Time since last request: 0.000018 seconds.
  path: Packages/com.unity.timeline/Editor/Window/TimelineWindow_TimeArea.cs
  artifactKey: Guid(b846f69b139b3a341a5699a09fa52b2c) Importer(2089858483,b0f066a214c2f5e87bad3c948f4d605d)
Start importing Packages/com.unity.timeline/Editor/Window/TimelineWindow_TimeArea.cs using Guid(b846f69b139b3a341a5699a09fa52b2c) Importer(2089858483,b0f066a214c2f5e87bad3c948f4d605d) (ScriptedImporter) -> (artifact id: 'ed3f8b66531a9adfcdea22725080abc9') in 0.0056274 seconds
Number of updated asset objects reloaded before import = 0Number of asset objects unloaded after import = 0

========================================================================
Received Import Request.
  Time since last request: 0.000025 seconds.
  path: Packages/com.unity.timeline/Editor/Window/TimelineWindow_StateChange.cs
  artifactKey: Guid(b926af22079e00e4a8c073321194cea1) Importer(2089858483,b0f066a214c2f5e87bad3c948f4d605d)
Start importing Packages/com.unity.timeline/Editor/Window/TimelineWindow_StateChange.cs using Guid(b926af22079e00e4a8c073321194cea1) Importer(2089858483,b0f066a214c2f5e87bad3c948f4d605d) (ScriptedImporter) -> (artifact id: '9483ddf8fc6c3ab50984c1d9a0030f9f') in 0.005586 seconds
Number of updated asset objects reloaded before import = 0Number of asset objects unloaded after import = 0

========================================================================
Received Import Request.
  Time since last request: 0.000035 seconds.
  path: Packages/com.unity.visualscripting/Runtime/VisualScripting.Core/Listeners/MonoBehaviour/UnityOnMouseOverMessageListener.cs
  artifactKey: Guid(19124ba62bea429c8d1b6efb5e4650c7) Importer(2089858483,b0f066a214c2f5e87bad3c948f4d605d)
Start importing Packages/com.unity.visualscripting/Runtime/VisualScripting.Core/Listeners/MonoBehaviour/UnityOnMouseOverMessageListener.cs using Guid(19124ba62bea429c8d1b6efb5e4650c7) Importer(2089858483,b0f066a214c2f5e87bad3c948f4d605d) (ScriptedImporter) -> (artifact id: '208e69bd5f976b8459e3a86127d4c364') in 0.0057518 seconds
Number of updated asset objects reloaded before import = 0Number of asset objects unloaded after import = 0

========================================================================
Received Import Request.
  Time since last request: 0.000020 seconds.
  path: Packages/com.unity.test-framework/UnityEditor.TestRunner/UnityTestProtocol/IUtpLogger.cs
  artifactKey: Guid(9014630255533ed42915965b4065cde8) Importer(2089858483,b0f066a214c2f5e87bad3c948f4d605d)
Start importing Packages/com.unity.test-framework/UnityEditor.TestRunner/UnityTestProtocol/IUtpLogger.cs using Guid(9014630255533ed42915965b4065cde8) Importer(2089858483,b0f066a214c2f5e87bad3c948f4d605d) (ScriptedImporter) -> (artifact id: '2ae000c809221fdadebe789e089be766') in 0.0043387 seconds
Number of updated asset objects reloaded before import = 0Number of asset objects unloaded after import = 0

========================================================================
Received Import Request.
  Time since last request: 0.000017 seconds.
  path: Packages/com.unity.render-pipelines.core/Editor/Lighting/ProbeVolume/ProbeGIBaking.RenderingLayers.cs
  artifactKey: Guid(a7f94ecffaf8aeb4bb5b8145e8f53fd2) Importer(2089858483,b0f066a214c2f5e87bad3c948f4d605d)
Start importing Packages/com.unity.render-pipelines.core/Editor/Lighting/ProbeVolume/ProbeGIBaking.RenderingLayers.cs using Guid(a7f94ecffaf8aeb4bb5b8145e8f53fd2) Importer(2089858483,b0f066a214c2f5e87bad3c948f4d605d) (ScriptedImporter) -> (artifact id: 'd2a82634e564ba09c03a8f65505f2b66') in 0.0058789 seconds
Number of updated asset objects reloaded before import = 0Number of asset objects unloaded after import = 0

========================================================================
Received Import Request.
  Time since last request: 0.000024 seconds.
  path: Packages/com.unity.timeline/Runtime/Utilities/NotificationUtilities.cs
  artifactKey: Guid(b90311a8f07b00f4bbeb2fff3b128d25) Importer(2089858483,b0f066a214c2f5e87bad3c948f4d605d)
Start importing Packages/com.unity.timeline/Runtime/Utilities/NotificationUtilities.cs using Guid(b90311a8f07b00f4bbeb2fff3b128d25) Importer(2089858483,b0f066a214c2f5e87bad3c948f4d605d) (ScriptedImporter) -> (artifact id: '12e3caedc5075277792b652fbc7ed336') in 0.0051536 seconds
Number of updated asset objects reloaded before import = 0Number of asset objects unloaded after import = 0

========================================================================
Received Import Request.
  Time since last request: 0.000042 seconds.
  path: Packages/com.unity.test-framework/UnityEditor.TestRunner/GUI/UITestRunnerFilter.cs
  artifactKey: Guid(8069e1fc631e461ababf11f19a9c0df3) Importer(2089858483,b0f066a214c2f5e87bad3c948f4d605d)
Start importing Packages/com.unity.test-framework/UnityEditor.TestRunner/GUI/UITestRunnerFilter.cs using Guid(8069e1fc631e461ababf11f19a9c0df3) Importer(2089858483,b0f066a214c2f5e87bad3c948f4d605d) (ScriptedImporter) -> (artifact id: '8fb5f2070957ab30773b5b4915c49376') in 0.0051713 seconds
Number of updated asset objects reloaded before import = 0Number of asset objects unloaded after import = 0

========================================================================
Received Import Request.
  Time since last request: 0.000025 seconds.
  path: Packages/com.unity.test-framework/UnityEditor.TestRunner/TestRunner/EditModeRunner.cs
  artifactKey: Guid(c9219e99d466b7741a057132d1994f35) Importer(2089858483,b0f066a214c2f5e87bad3c948f4d605d)
Start importing Packages/com.unity.test-framework/UnityEditor.TestRunner/TestRunner/EditModeRunner.cs using Guid(c9219e99d466b7741a057132d1994f35) Importer(2089858483,b0f066a214c2f5e87bad3c948f4d605d) (ScriptedImporter) -> (artifact id: '95c4fc53e76722973cb6c51e909490bc') in 0.0052029 seconds
Number of updated asset objects reloaded before import = 0Number of asset objects unloaded after import = 0

========================================================================
Received Import Request.
  Time since last request: 0.000022 seconds.
  path: Packages/com.unity.2d.psdimporter/Editor/PSDPlugin/PsdFile/Compression/EndianReverser.cs
  artifactKey: Guid(1a1cbf26300dbdd4ebaf8e0a92b67db6) Importer(2089858483,b0f066a214c2f5e87bad3c948f4d605d)
Start importing Packages/com.unity.2d.psdimporter/Editor/PSDPlugin/PsdFile/Compression/EndianReverser.cs using Guid(1a1cbf26300dbdd4ebaf8e0a92b67db6) Importer(2089858483,b0f066a214c2f5e87bad3c948f4d605d) (ScriptedImporter) -> (artifact id: '519b749d1cecd41fb93fb9cbe72ea0b2') in 0.0045967 seconds
Number of updated asset objects reloaded before import = 0Number of asset objects unloaded after import = 0

========================================================================
Received Import Request.
  Time since last request: 0.000022 seconds.
  path: Packages/com.unity.visualscripting/Runtime/VisualScripting.Core/Listeners/MonoBehaviour/UnityOnTriggerExitMListener.cs
  artifactKey: Guid(9af27143956b4fc69a21afea18eb1a30) Importer(2089858483,b0f066a214c2f5e87bad3c948f4d605d)
Start importing Packages/com.unity.visualscripting/Runtime/VisualScripting.Core/Listeners/MonoBehaviour/UnityOnTriggerExitMListener.cs using Guid(9af27143956b4fc69a21afea18eb1a30) Importer(2089858483,b0f066a214c2f5e87bad3c948f4d605d) (ScriptedImporter) -> (artifact id: '727f3e0d5878be37b6876fc671502cf9') in 0.0062154 seconds
Number of updated asset objects reloaded before import = 0Number of asset objects unloaded after import = 0

========================================================================
Received Import Request.
  Time since last request: 0.000030 seconds.
  path: Packages/com.unity.render-pipelines.core/Runtime/Vrs/Shaders/VrsVisualization.shader
  artifactKey: Guid(620b55b8040a88d468e94abe55bed5ba) Importer(2089858483,b0f066a214c2f5e87bad3c948f4d605d)
Start importing Packages/com.unity.render-pipelines.core/Runtime/Vrs/Shaders/VrsVisualization.shader using Guid(620b55b8040a88d468e94abe55bed5ba) Importer(2089858483,b0f066a214c2f5e87bad3c948f4d605d) (ScriptedImporter) -> (artifact id: 'a619c77155b3f6930897cb8f54000919') in 0.009397 seconds
Number of updated asset objects reloaded before import = 0Number of asset objects unloaded after import = 0

========================================================================
Received Import Request.
  Time since last request: 0.000018 seconds.
  path: Packages/com.unity.visualscripting/Editor/VisualScripting.Core/Platforms/MethodInfoStubWriter.cs
  artifactKey: Guid(52d832b9059984778a5534b6adf683aa) Importer(2089858483,b0f066a214c2f5e87bad3c948f4d605d)
Start importing Packages/com.unity.visualscripting/Editor/VisualScripting.Core/Platforms/MethodInfoStubWriter.cs using Guid(52d832b9059984778a5534b6adf683aa) Importer(2089858483,b0f066a214c2f5e87bad3c948f4d605d) (ScriptedImporter) -> (artifact id: 'b37dc69ba7f44c20824aa5a26bb8e45c') in 0.0052009 seconds
Number of updated asset objects reloaded before import = 0Number of asset objects unloaded after import = 0

========================================================================
Received Import Request.
  Time since last request: 0.000028 seconds.
  path: Packages/com.unity.timeline/Runtime/Extensions/TrackExtensions.cs
  artifactKey: Guid(d3721d5c6afa8e545995dfaada328476) Importer(2089858483,b0f066a214c2f5e87bad3c948f4d605d)
Start importing Packages/com.unity.timeline/Runtime/Extensions/TrackExtensions.cs using Guid(d3721d5c6afa8e545995dfaada328476) Importer(2089858483,b0f066a214c2f5e87bad3c948f4d605d) (ScriptedImporter) -> (artifact id: '94ebdfa4a9057ea7e661e13465586b7e') in 0.0066191 seconds
Number of updated asset objects reloaded before import = 0Number of asset objects unloaded after import = 0

========================================================================
Received Import Request.
  Time since last request: 0.077647 seconds.
  path: Packages/com.unity.timeline/Editor/treeview/Snapping/SnapEngine.cs
  artifactKey: Guid(48967a2d5427ac2489cc0ea61da5f1a0) Importer(2089858483,b0f066a214c2f5e87bad3c948f4d605d)
Start importing Packages/com.unity.timeline/Editor/treeview/Snapping/SnapEngine.cs using Guid(48967a2d5427ac2489cc0ea61da5f1a0) Importer(2089858483,b0f066a214c2f5e87bad3c948f4d605d) (ScriptedImporter) -> (artifact id: '01f63098d79e709676e7f757f5e249c4') in 0.008933 seconds
Number of updated asset objects reloaded before import = 0Number of asset objects unloaded after import = 0

========================================================================
Received Import Request.
  Time since last request: 0.000018 seconds.
  path: Packages/com.unity.shadergraph/Editor/Drawing/INodeModificationListener.cs
  artifactKey: Guid(22f268830a014848b3a8bfdd5142a2d0) Importer(2089858483,b0f066a214c2f5e87bad3c948f4d605d)
Start importing Packages/com.unity.shadergraph/Editor/Drawing/INodeModificationListener.cs using Guid(22f268830a014848b3a8bfdd5142a2d0) Importer(2089858483,b0f066a214c2f5e87bad3c948f4d605d) (ScriptedImporter) -> (artifact id: '03dedba571a73164eedb088968beb4ac') in 0.0064093 seconds
Number of updated asset objects reloaded before import = 0Number of asset objects unloaded after import = 0

========================================================================
Received Import Request.
  Time since last request: 0.000021 seconds.
  path: Packages/com.unity.timeline/Editor/StyleSheets/Images/DarkSkin/TimelinePlayRange.png
  artifactKey: Guid(43eeff8a446b32242a4fb1a5c1bd7b8e) Importer(2089858483,b0f066a214c2f5e87bad3c948f4d605d)
Start importing Packages/com.unity.timeline/Editor/StyleSheets/Images/DarkSkin/TimelinePlayRange.png using Guid(43eeff8a446b32242a4fb1a5c1bd7b8e) Importer(2089858483,b0f066a214c2f5e87bad3c948f4d605d) (ScriptedImporter) -> (artifact id: '185e3d9d2ab15fc6ab7892cc994a9866') in 0.0143681 seconds
Number of updated asset objects reloaded before import = 0Number of asset objects unloaded after import = 1

========================================================================
Received Import Request.
  Time since last request: 0.000029 seconds.
  path: Packages/com.unity.timeline/Editor/StyleSheets/Images/Icons/TimelineDigIn.png
  artifactKey: Guid(b1d064d6d80829f4eb370f679384ea1f) Importer(2089858483,b0f066a214c2f5e87bad3c948f4d605d)
Start importing Packages/com.unity.timeline/Editor/StyleSheets/Images/Icons/TimelineDigIn.png using Guid(b1d064d6d80829f4eb370f679384ea1f) Importer(2089858483,b0f066a214c2f5e87bad3c948f4d605d) (ScriptedImporter) -> (artifact id: 'dd8f94f892360874aaf392d961a48357') in 0.0173525 seconds
Number of updated asset objects reloaded before import = 0Number of asset objects unloaded after import = 1

========================================================================
Received Import Request.
  Time since last request: 0.000021 seconds.
  path: Packages/com.unity.timeline/Editor/StyleSheets/Images/DarkSkin/TimelineInfiniteTrackNoShadow.png
  artifactKey: Guid(eae63adb172f1164db61a7f4bdfc3637) Importer(2089858483,b0f066a214c2f5e87bad3c948f4d605d)
Start importing Packages/com.unity.timeline/Editor/StyleSheets/Images/DarkSkin/TimelineInfiniteTrackNoShadow.png using Guid(eae63adb172f1164db61a7f4bdfc3637) Importer(2089858483,b0f066a214c2f5e87bad3c948f4d605d) (ScriptedImporter) -> (artifact id: '83fa297d727e4f934627716a26c6856a') in 0.0116014 seconds
Number of updated asset objects reloaded before import = 0Number of asset objects unloaded after import = 1

========================================================================
Received Import Request.
  Time since last request: 0.000027 seconds.
  path: Packages/com.unity.shadergraph/GraphTemplates/DefaultTemplateImage.png
  artifactKey: Guid(e079a17a0b2b93647a84cebdde8f3c21) Importer(2089858483,b0f066a214c2f5e87bad3c948f4d605d)
Start importing Packages/com.unity.shadergraph/GraphTemplates/DefaultTemplateImage.png using Guid(e079a17a0b2b93647a84cebdde8f3c21) Importer(2089858483,b0f066a214c2f5e87bad3c948f4d605d) (ScriptedImporter) -> (artifact id: '1fb5d26fddeae6b3c678955894d7d97f') in 0.0198406 seconds
Number of updated asset objects reloaded before import = 0Number of asset objects unloaded after import = 1

========================================================================
Received Import Request.
  Time since last request: 0.000036 seconds.
  path: Packages/com.unity.timeline/Editor/treeview/TrackGui/InlineCurveEditor.cs
  artifactKey: Guid(1e96b886242ab404db69df796f7cd9b0) Importer(2089858483,b0f066a214c2f5e87bad3c948f4d605d)
Start importing Packages/com.unity.timeline/Editor/treeview/TrackGui/InlineCurveEditor.cs using Guid(1e96b886242ab404db69df796f7cd9b0) Importer(2089858483,b0f066a214c2f5e87bad3c948f4d605d) (ScriptedImporter) -> (artifact id: '13cd8d38ba2a5fe300578be997cf5e6c') in 0.0061344 seconds
Number of updated asset objects reloaded before import = 0Number of asset objects unloaded after import = 0

========================================================================
Received Import Request.
  Time since last request: 0.000052 seconds.
  path: Packages/com.unity.shadergraph/ShaderGraphLibrary/Functions.hlsl
  artifactKey: Guid(76c5c0b7561134f0ca526e50f239a4a2) Importer(2089858483,b0f066a214c2f5e87bad3c948f4d605d)
Start importing Packages/com.unity.shadergraph/ShaderGraphLibrary/Functions.hlsl using Guid(76c5c0b7561134f0ca526e50f239a4a2) Importer(2089858483,b0f066a214c2f5e87bad3c948f4d605d) (ScriptedImporter) -> (artifact id: '6827a8395bd4e93cfa8432370cb3d140') in 0.0061318 seconds
Number of updated asset objects reloaded before import = 0Number of asset objects unloaded after import = 1

========================================================================
Received Import Request.
  Time since last request: 0.000028 seconds.
  path: Packages/com.unity.timeline/Editor/Window/Modes/TimelineActiveMode.cs
  artifactKey: Guid(67ee43b2f6148de40861b289b0e00591) Importer(2089858483,b0f066a214c2f5e87bad3c948f4d605d)
Start importing Packages/com.unity.timeline/Editor/Window/Modes/TimelineActiveMode.cs using Guid(67ee43b2f6148de40861b289b0e00591) Importer(2089858483,b0f066a214c2f5e87bad3c948f4d605d) (ScriptedImporter) -> (artifact id: '0a09102f6436255b9bff99d9c9721e12') in 0.0072092 seconds
Number of updated asset objects reloaded before import = 0Number of asset objects unloaded after import = 0

========================================================================
Received Import Request.
  Time since last request: 0.000032 seconds.
  path: Packages/com.unity.shadergraph/ShaderGraphLibrary/ShaderVariablesMatrixDefsLegacyUnity.hlsl
  artifactKey: Guid(0d85288be460c884bba7ec9ef5c6684d) Importer(2089858483,b0f066a214c2f5e87bad3c948f4d605d)
Start importing Packages/com.unity.shadergraph/ShaderGraphLibrary/ShaderVariablesMatrixDefsLegacyUnity.hlsl using Guid(0d85288be460c884bba7ec9ef5c6684d) Importer(2089858483,b0f066a214c2f5e87bad3c948f4d605d) (ScriptedImporter) -> (artifact id: 'd3887efa8b5b5535a77ad76df494328c') in 0.0067673 seconds
Number of updated asset objects reloaded before import = 0Number of asset objects unloaded after import = 1

========================================================================
Received Import Request.
  Time since last request: 0.000029 seconds.
  path: Packages/com.unity.timeline/Editor/StyleSheets/Images/Icons/d_TimelineEditModeRippleOFF.png
  artifactKey: Guid(411e6f19c19fa0546af83aeb59c2ed4b) Importer(2089858483,b0f066a214c2f5e87bad3c948f4d605d)
Start importing Packages/com.unity.timeline/Editor/StyleSheets/Images/Icons/d_TimelineEditModeRippleOFF.png using Guid(411e6f19c19fa0546af83aeb59c2ed4b) Importer(2089858483,b0f066a214c2f5e87bad3c948f4d605d) (ScriptedImporter) -> (artifact id: '8ad2f70ba7debf5d3cf207a6fd9f8f2b') in 0.0160959 seconds
Number of updated asset objects reloaded before import = 0Number of asset objects unloaded after import = 1

========================================================================
Received Import Request.
  Time since last request: 0.000037 seconds.
  path: Packages/com.unity.timeline/Editor/StyleSheets/Images/LightSkin/TimelineContinue.png
  artifactKey: Guid(61c21f74972ba8246b3ea400a9231841) Importer(2089858483,b0f066a214c2f5e87bad3c948f4d605d)
Start importing Packages/com.unity.timeline/Editor/StyleSheets/Images/LightSkin/TimelineContinue.png using Guid(61c21f74972ba8246b3ea400a9231841) Importer(2089858483,b0f066a214c2f5e87bad3c948f4d605d) (ScriptedImporter) -> (artifact id: 'db43e9d1fa47ccbc3f8da85e11f31815') in 0.0118365 seconds
Number of updated asset objects reloaded before import = 0Number of asset objects unloaded after import = 1

========================================================================
Received Import Request.
  Time since last request: 0.000023 seconds.
  path: Packages/com.unity.shadergraph/Editor/Generation/Controls.cs
  artifactKey: Guid(4f3470767c2eef44f845b47f9ae5538d) Importer(2089858483,b0f066a214c2f5e87bad3c948f4d605d)
Start importing Packages/com.unity.shadergraph/Editor/Generation/Controls.cs using Guid(4f3470767c2eef44f845b47f9ae5538d) Importer(2089858483,b0f066a214c2f5e87bad3c948f4d605d) (ScriptedImporter) -> (artifact id: '60a4b9cd6de5f0dcff380adc25b43d4b') in 0.0068694 seconds
Number of updated asset objects reloaded before import = 0Number of asset objects unloaded after import = 0

========================================================================
Received Import Request.
  Time since last request: 0.000026 seconds.
  path: Packages/com.unity.timeline/Editor/Utilities/Scopes/HorizontalScope.cs
  artifactKey: Guid(75e3737506434a75b1f7901d8883ad47) Importer(2089858483,b0f066a214c2f5e87bad3c948f4d605d)
Start importing Packages/com.unity.timeline/Editor/Utilities/Scopes/HorizontalScope.cs using Guid(75e3737506434a75b1f7901d8883ad47) Importer(2089858483,b0f066a214c2f5e87bad3c948f4d605d) (ScriptedImporter) -> (artifact id: 'b4fdb4b312b974bdf2e063bf62c555aa') in 0.0054645 seconds
Number of updated asset objects reloaded before import = 0Number of asset objects unloaded after import = 0

========================================================================
Received Import Request.
  Time since last request: 0.000034 seconds.
  path: Packages/com.unity.timeline/Editor/StyleSheets/Images/Shared/TimelineSeqEnd.png
  artifactKey: Guid(5dfe66e61e0d270468ae75349ff3a3eb) Importer(2089858483,b0f066a214c2f5e87bad3c948f4d605d)
Start importing Packages/com.unity.timeline/Editor/StyleSheets/Images/Shared/TimelineSeqEnd.png using Guid(5dfe66e61e0d270468ae75349ff3a3eb) Importer(2089858483,b0f066a214c2f5e87bad3c948f4d605d) (ScriptedImporter) -> (artifact id: 'e7f077f1a679a29a415cbb5100404475') in 0.0098498 seconds
Number of updated asset objects reloaded before import = 0Number of asset objects unloaded after import = 1

========================================================================
Received Import Request.
  Time since last request: 0.000067 seconds.
  path: Packages/com.unity.shadergraph/README.md
  artifactKey: Guid(08534868baca5cc4092711da8c94e981) Importer(2089858483,b0f066a214c2f5e87bad3c948f4d605d)
Start importing Packages/com.unity.shadergraph/README.md using Guid(08534868baca5cc4092711da8c94e981) Importer(2089858483,b0f066a214c2f5e87bad3c948f4d605d) (ScriptedImporter) -> (artifact id: '81472b435c92d879b2091f6f212379dc') in 0.005644 seconds
Number of updated asset objects reloaded before import = 0Number of asset objects unloaded after import = 1

========================================================================
Received Import Request.
  Time since last request: 0.000027 seconds.
  path: Packages/com.unity.timeline/Editor/StyleSheets/Images/DarkSkin/TimelineContinue.png
  artifactKey: Guid(f747f9cdf03f2ff418fe728a77e8cbef) Importer(2089858483,b0f066a214c2f5e87bad3c948f4d605d)
Start importing Packages/com.unity.timeline/Editor/StyleSheets/Images/DarkSkin/TimelineContinue.png using Guid(f747f9cdf03f2ff418fe728a77e8cbef) Importer(2089858483,b0f066a214c2f5e87bad3c948f4d605d) (ScriptedImporter) -> (artifact id: '805119cc1079b5dceb161e7320f84f70') in 0.0115872 seconds
Number of updated asset objects reloaded before import = 0Number of asset objects unloaded after import = 1

========================================================================
Received Import Request.
  Time since last request: 0.000025 seconds.
  path: Packages/com.unity.timeline/Editor/StyleSheets/Images/Icons/d_TrackLockButtonDisabled@2x.png
  artifactKey: Guid(6f0b77e050cdb12478ed9514b3a0e40e) Importer(2089858483,b0f066a214c2f5e87bad3c948f4d605d)
Start importing Packages/com.unity.timeline/Editor/StyleSheets/Images/Icons/d_TrackLockButtonDisabled@2x.png using Guid(6f0b77e050cdb12478ed9514b3a0e40e) Importer(2089858483,b0f066a214c2f5e87bad3c948f4d605d) (ScriptedImporter) -> (artifact id: '5ebf0b771812686d8c3b905d106f385a') in 0.0141637 seconds
Number of updated asset objects reloaded before import = 0Number of asset objects unloaded after import = 1

========================================================================
Received Import Request.
  Time since last request: 0.000022 seconds.
  path: Packages/com.unity.timeline/Runtime/Events/Signals/SignalReceiver.cs
  artifactKey: Guid(e52de21a22b6dd44c9cc19f810c65059) Importer(2089858483,b0f066a214c2f5e87bad3c948f4d605d)
Start importing Packages/com.unity.timeline/Runtime/Events/Signals/SignalReceiver.cs using Guid(e52de21a22b6dd44c9cc19f810c65059) Importer(2089858483,b0f066a214c2f5e87bad3c948f4d605d) (ScriptedImporter) -> (artifact id: '34bde425ffaf951389eebff4647008fc') in 0.0043679 seconds
Number of updated asset objects reloaded before import = 0Number of asset objects unloaded after import = 0

========================================================================
Received Import Request.
  Time since last request: 0.000037 seconds.
  path: Packages/com.unity.timeline/Editor/StyleSheets/Images/Icons/TrackMuteButtonDisabled.png
  artifactKey: Guid(5216b1b48296ef345ad2d2ec43105bf0) Importer(2089858483,b0f066a214c2f5e87bad3c948f4d605d)
Start importing Packages/com.unity.timeline/Editor/StyleSheets/Images/Icons/TrackMuteButtonDisabled.png using Guid(5216b1b48296ef345ad2d2ec43105bf0) Importer(2089858483,b0f066a214c2f5e87bad3c948f4d605d) (ScriptedImporter) -> (artifact id: 'd0b3569a2b1b3980461d1eec52783066') in 0.0104158 seconds
Number of updated asset objects reloaded before import = 0Number of asset objects unloaded after import = 1

========================================================================
Received Import Request.
  Time since last request: 0.000022 seconds.
  path: Packages/com.unity.timeline/Editor/StyleSheets/Images/LightSkin/TimelineMarkerItemCollapsed.png
  artifactKey: Guid(7d4691eba7565c34ab785c00fbc27ff8) Importer(2089858483,b0f066a214c2f5e87bad3c948f4d605d)
Start importing Packages/com.unity.timeline/Editor/StyleSheets/Images/LightSkin/TimelineMarkerItemCollapsed.png using Guid(7d4691eba7565c34ab785c00fbc27ff8) Importer(2089858483,b0f066a214c2f5e87bad3c948f4d605d) (ScriptedImporter) -> (artifact id: '5d1c8da41244b1f008c05a8bc61ef538') in 0.0103262 seconds
Number of updated asset objects reloaded before import = 0Number of asset objects unloaded after import = 1

========================================================================
Received Import Request.
  Time since last request: 0.000041 seconds.
  path: Packages/com.unity.timeline/Editor/StyleSheets/Images/Icons/d_TrackAvatarButtonDisabled.png
  artifactKey: Guid(91746a504b59769439bb2749c314d231) Importer(2089858483,b0f066a214c2f5e87bad3c948f4d605d)
Start importing Packages/com.unity.timeline/Editor/StyleSheets/Images/Icons/d_TrackAvatarButtonDisabled.png using Guid(91746a504b59769439bb2749c314d231) Importer(2089858483,b0f066a214c2f5e87bad3c948f4d605d) (ScriptedImporter) -> (artifact id: '269f5742209caf3ad5469f605aa2387d') in 0.0138935 seconds
Number of updated asset objects reloaded before import = 0Number of asset objects unloaded after import = 1

========================================================================
Received Import Request.
  Time since last request: 0.000024 seconds.
  path: Packages/com.unity.timeline/Editor/StyleSheets/Images/DarkSkin/TimelineEndPlayback.png
  artifactKey: Guid(c285802d9d414814fad592b90b223f15) Importer(2089858483,b0f066a214c2f5e87bad3c948f4d605d)
Start importing Packages/com.unity.timeline/Editor/StyleSheets/Images/DarkSkin/TimelineEndPlayback.png using Guid(c285802d9d414814fad592b90b223f15) Importer(2089858483,b0f066a214c2f5e87bad3c948f4d605d) (ScriptedImporter) -> (artifact id: '9d7a047c1b0f51e2c1e4201efe2b46ef') in 0.0111356 seconds
Number of updated asset objects reloaded before import = 0Number of asset objects unloaded after import = 1

========================================================================
Received Import Request.
  Time since last request: 0.000049 seconds.
  path: Packages/com.unity.shadergraph/ShaderGraphLibrary/ShaderVariables.hlsl
  artifactKey: Guid(2bc64066748469e48861ed835a8b806d) Importer(2089858483,b0f066a214c2f5e87bad3c948f4d605d)
Start importing Packages/com.unity.shadergraph/ShaderGraphLibrary/ShaderVariables.hlsl using Guid(2bc64066748469e48861ed835a8b806d) Importer(2089858483,b0f066a214c2f5e87bad3c948f4d605d) (ScriptedImporter) -> (artifact id: 'de3f61ba9c99278e7401537703eb5cfc') in 0.0071842 seconds
Number of updated asset objects reloaded before import = 0Number of asset objects unloaded after import = 1

========================================================================
Received Import Request.
  Time since last request: 0.000023 seconds.
  path: Packages/com.unity.shadergraph/Editor/Extensions/IConditionalExtensions.cs
  artifactKey: Guid(1a22b696fd5d94fa4bd8972d644e4b97) Importer(2089858483,b0f066a214c2f5e87bad3c948f4d605d)
Start importing Packages/com.unity.shadergraph/Editor/Extensions/IConditionalExtensions.cs using Guid(1a22b696fd5d94fa4bd8972d644e4b97) Importer(2089858483,b0f066a214c2f5e87bad3c948f4d605d) (ScriptedImporter) -> (artifact id: '88ef2ad20d844b5e526e03d099949267') in 0.0068616 seconds
Number of updated asset objects reloaded before import = 0Number of asset objects unloaded after import = 0

========================================================================
Received Import Request.
  Time since last request: 0.000021 seconds.
  path: Packages/com.unity.timeline/Runtime/Events/Signals/SignalAsset.cs
  artifactKey: Guid(d6fa2d92fc1b3f34da284357edf89c3b) Importer(2089858483,b0f066a214c2f5e87bad3c948f4d605d)
Start importing Packages/com.unity.timeline/Runtime/Events/Signals/SignalAsset.cs using Guid(d6fa2d92fc1b3f34da284357edf89c3b) Importer(2089858483,b0f066a214c2f5e87bad3c948f4d605d) (ScriptedImporter) -> (artifact id: 'afda92318c0b86e19df907804e4eef58') in 0.0069361 seconds
Number of updated asset objects reloaded before import = 0Number of asset objects unloaded after import = 0

========================================================================
Received Import Request.
  Time since last request: 0.000030 seconds.
  path: Packages/com.unity.timeline/Editor/StyleSheets/Images/Icons/d_TimelineEditModeMixON.png
  artifactKey: Guid(7c681ffb5a436684fa3e98a9b66775c0) Importer(2089858483,b0f066a214c2f5e87bad3c948f4d605d)
Start importing Packages/com.unity.timeline/Editor/StyleSheets/Images/Icons/d_TimelineEditModeMixON.png using Guid(7c681ffb5a436684fa3e98a9b66775c0) Importer(2089858483,b0f066a214c2f5e87bad3c948f4d605d) (ScriptedImporter) -> (artifact id: '5cf6387b16876966f67736b0a2384ace') in 0.0137072 seconds
Number of updated asset objects reloaded before import = 0Number of asset objects unloaded after import = 1

========================================================================
Received Import Request.
  Time since last request: 0.000041 seconds.
  path: Packages/com.unity.timeline/Editor/StyleSheets/Images/Icons/d_TrackMarkerButtonDisabled@2x.png
  artifactKey: Guid(77d926c9a4ddcc940b8c000b45cbfb35) Importer(2089858483,b0f066a214c2f5e87bad3c948f4d605d)
Start importing Packages/com.unity.timeline/Editor/StyleSheets/Images/Icons/d_TrackMarkerButtonDisabled@2x.png using Guid(77d926c9a4ddcc940b8c000b45cbfb35) Importer(2089858483,b0f066a214c2f5e87bad3c948f4d605d) (ScriptedImporter) -> (artifact id: 'ea866123d35df2d43ca210c0f24b0dec') in 0.0095591 seconds
Number of updated asset objects reloaded before import = 0Number of asset objects unloaded after import = 1

========================================================================
Received Import Request.
  Time since last request: 0.000029 seconds.
  path: Packages/com.unity.timeline/Editor/StyleSheets/Images/Shared/TimelineDisplay.png
  artifactKey: Guid(03ae22b9de3989144a9bebf8972b4fad) Importer(2089858483,b0f066a214c2f5e87bad3c948f4d605d)
Start importing Packages/com.unity.timeline/Editor/StyleSheets/Images/Shared/TimelineDisplay.png using Guid(03ae22b9de3989144a9bebf8972b4fad) Importer(2089858483,b0f066a214c2f5e87bad3c948f4d605d) (ScriptedImporter) -> (artifact id: 'b5e0102948dbff8e2aef2970cdaaacce') in 0.0126367 seconds
Number of updated asset objects reloaded before import = 0Number of asset objects unloaded after import = 1

========================================================================
Received Import Request.
  Time since last request: 0.000019 seconds.
  path: Packages/com.unity.timeline/Editor/StyleSheets/Images/Icons/d_TrackRecordButtonDisabled@2x.png
  artifactKey: Guid(db15c78579dee4a4db85f392634c8ecc) Importer(2089858483,b0f066a214c2f5e87bad3c948f4d605d)
Start importing Packages/com.unity.timeline/Editor/StyleSheets/Images/Icons/d_TrackRecordButtonDisabled@2x.png using Guid(db15c78579dee4a4db85f392634c8ecc) Importer(2089858483,b0f066a214c2f5e87bad3c948f4d605d) (ScriptedImporter) -> (artifact id: '8207bb6c5452de488f9b4fea72f60f57') in 0.0142094 seconds
Number of updated asset objects reloaded before import = 0Number of asset objects unloaded after import = 1

========================================================================
Received Import Request.
  Time since last request: 0.000032 seconds.
  path: Packages/com.unity.timeline/Editor/StyleSheets/Images/Icons/d_TrackAvatarButtonEnabled@2x.png
  artifactKey: Guid(fd12dbe3b63ae464f824b4a74c0e1766) Importer(2089858483,b0f066a214c2f5e87bad3c948f4d605d)
Start importing Packages/com.unity.timeline/Editor/StyleSheets/Images/Icons/d_TrackAvatarButtonEnabled@2x.png using Guid(fd12dbe3b63ae464f824b4a74c0e1766) Importer(2089858483,b0f066a214c2f5e87bad3c948f4d605d) (ScriptedImporter) -> (artifact id: 'f085463ebe556da0566058e7868b3861') in 0.010814 seconds
Number of updated asset objects reloaded before import = 0Number of asset objects unloaded after import = 1

========================================================================
Received Import Request.
  Time since last request: 0.000041 seconds.
  path: Packages/com.unity.shadergraph/ShaderGraphLibrary/DummyShaderGraphLibrary.cs
  artifactKey: Guid(e1cfbf2a3c53e704ba1a9450da64c95c) Importer(2089858483,b0f066a214c2f5e87bad3c948f4d605d)
Start importing Packages/com.unity.shadergraph/ShaderGraphLibrary/DummyShaderGraphLibrary.cs using Guid(e1cfbf2a3c53e704ba1a9450da64c95c) Importer(2089858483,b0f066a214c2f5e87bad3c948f4d605d) (ScriptedImporter) -> (artifact id: '381c7e08ff4faf1321b9ddb6001a0d40') in 0.0067782 seconds
Number of updated asset objects reloaded before import = 0Number of asset objects unloaded after import = 0

========================================================================
Received Import Request.
  Time since last request: 0.000026 seconds.
  path: Packages/com.unity.timeline/Editor/StyleSheets/Images/Icons/TrackCurvesButtonDisabled.png
  artifactKey: Guid(f0f8ff8921b22a74a8c79d955ace248d) Importer(2089858483,b0f066a214c2f5e87bad3c948f4d605d)
Start importing Packages/com.unity.timeline/Editor/StyleSheets/Images/Icons/TrackCurvesButtonDisabled.png using Guid(f0f8ff8921b22a74a8c79d955ace248d) Importer(2089858483,b0f066a214c2f5e87bad3c948f4d605d) (ScriptedImporter) -> (artifact id: 'ba7b8d1a5a39280cd4e50b18553925cd') in 0.0175866 seconds
Number of updated asset objects reloaded before import = 0Number of asset objects unloaded after import = 1

========================================================================
Received Import Request.
  Time since last request: 0.000034 seconds.
  path: Packages/com.unity.timeline/Editor/StyleSheets/Images/Icons/d_TimelineDigIn.png
  artifactKey: Guid(22c3c381bd3cd4a40a8541103023e1ef) Importer(2089858483,b0f066a214c2f5e87bad3c948f4d605d)
Start importing Packages/com.unity.timeline/Editor/StyleSheets/Images/Icons/d_TimelineDigIn.png using Guid(22c3c381bd3cd4a40a8541103023e1ef) Importer(2089858483,b0f066a214c2f5e87bad3c948f4d605d) (ScriptedImporter) -> (artifact id: 'e796ca095639fbfa5ab9b66f53828e1f') in 0.0137877 seconds
Number of updated asset objects reloaded before import = 0Number of asset objects unloaded after import = 1

========================================================================
Received Import Request.
  Time since last request: 0.000038 seconds.
  path: Packages/com.unity.timeline/Editor/StyleSheets/Images/LightSkin/TimelineIconClipOut.png
  artifactKey: Guid(a7a968b204ed77c4ba90be3ef3ee8551) Importer(2089858483,b0f066a214c2f5e87bad3c948f4d605d)
Start importing Packages/com.unity.timeline/Editor/StyleSheets/Images/LightSkin/TimelineIconClipOut.png using Guid(a7a968b204ed77c4ba90be3ef3ee8551) Importer(2089858483,b0f066a214c2f5e87bad3c948f4d605d) (ScriptedImporter) -> (artifact id: '59d5b94c6e3c084ee8073a927fefa5fe') in 0.0119305 seconds
Number of updated asset objects reloaded before import = 0Number of asset objects unloaded after import = 1

========================================================================
Received Import Request.
  Time since last request: 0.000033 seconds.
  path: Packages/com.unity.timeline/Editor/StyleSheets/Images/Icons/d_TrackAvatarButtonEnabled.png
  artifactKey: Guid(c207dcd389fb689489f5266468cd4609) Importer(2089858483,b0f066a214c2f5e87bad3c948f4d605d)
Start importing Packages/com.unity.timeline/Editor/StyleSheets/Images/Icons/d_TrackAvatarButtonEnabled.png using Guid(c207dcd389fb689489f5266468cd4609) Importer(2089858483,b0f066a214c2f5e87bad3c948f4d605d) (ScriptedImporter) -> (artifact id: '93f6d1b8bb5cf4deafa2460216001ac0') in 0.0127325 seconds
Number of updated asset objects reloaded before import = 0Number of asset objects unloaded after import = 1

========================================================================
Received Import Request.
  Time since last request: 0.000025 seconds.
  path: Packages/com.unity.shadergraph/Editor/Interface/IRequiresData.cs
  artifactKey: Guid(0d47693329d2b0048b119eea3e618040) Importer(2089858483,b0f066a214c2f5e87bad3c948f4d605d)
Start importing Packages/com.unity.shadergraph/Editor/Interface/IRequiresData.cs using Guid(0d47693329d2b0048b119eea3e618040) Importer(2089858483,b0f066a214c2f5e87bad3c948f4d605d) (ScriptedImporter) -> (artifact id: 'e178459eb1167ba962a9e22a591900a6') in 0.0047744 seconds
Number of updated asset objects reloaded before import = 0Number of asset objects unloaded after import = 0

========================================================================
Received Import Request.
  Time since last request: 0.000029 seconds.
  path: Packages/com.unity.shadergraph/Editor/Data/Graphs/SamplerStateShaderProperty.cs
  artifactKey: Guid(b48a2e97e3e24303833a0062f90f4f13) Importer(2089858483,b0f066a214c2f5e87bad3c948f4d605d)
Start importing Packages/com.unity.shadergraph/Editor/Data/Graphs/SamplerStateShaderProperty.cs using Guid(b48a2e97e3e24303833a0062f90f4f13) Importer(2089858483,b0f066a214c2f5e87bad3c948f4d605d) (ScriptedImporter) -> (artifact id: '49901da93eb0b6ac1575e5a32c7981e2') in 0.0057599 seconds
Number of updated asset objects reloaded before import = 0Number of asset objects unloaded after import = 0

========================================================================
Received Import Request.
  Time since last request: 0.000021 seconds.
  path: Packages/com.unity.shadergraph/Editor/Data/Graphs/GradientMaterialSlot.cs
  artifactKey: Guid(7e0de094fe34c4c099697bd8e8e6ee07) Importer(2089858483,b0f066a214c2f5e87bad3c948f4d605d)
Start importing Packages/com.unity.shadergraph/Editor/Data/Graphs/GradientMaterialSlot.cs using Guid(7e0de094fe34c4c099697bd8e8e6ee07) Importer(2089858483,b0f066a214c2f5e87bad3c948f4d605d) (ScriptedImporter) -> (artifact id: 'f124a8a72977cdbf737b38b598ccfad1') in 0.004185 seconds
Number of updated asset objects reloaded before import = 0Number of asset objects unloaded after import = 0

========================================================================
Received Import Request.
  Time since last request: 0.000032 seconds.
  path: Packages/com.unity.shadergraph/Editor/Data/Graphs/IMaterialSlotSupportsLiteralMode.cs
  artifactKey: Guid(247c9f9b008941aca20d2026464da6f1) Importer(2089858483,b0f066a214c2f5e87bad3c948f4d605d)
Start importing Packages/com.unity.shadergraph/Editor/Data/Graphs/IMaterialSlotSupportsLiteralMode.cs using Guid(247c9f9b008941aca20d2026464da6f1) Importer(2089858483,b0f066a214c2f5e87bad3c948f4d605d) (ScriptedImporter) -> (artifact id: '8b2b7153f799304f4faaa6d436feb6b2') in 0.00632 seconds
Number of updated asset objects reloaded before import = 0Number of asset objects unloaded after import = 0

========================================================================
Received Import Request.
  Time since last request: 0.000019 seconds.
  path: Packages/com.unity.shadergraph/GraphTemplates/Subgraphs/Sample Flipbook Blending.shadersubgraph
  artifactKey: Guid(3ba4047e0734f2944a3d9b7b015af0ca) Importer(2089858483,b0f066a214c2f5e87bad3c948f4d605d)
Start importing Packages/com.unity.shadergraph/GraphTemplates/Subgraphs/Sample Flipbook Blending.shadersubgraph using Guid(3ba4047e0734f2944a3d9b7b015af0ca) Importer(2089858483,b0f066a214c2f5e87bad3c948f4d605d) (ScriptedImporter) -> (artifact id: '058eb8fa0a551d258aad9ae7a33bb41c') in 0.0161097 seconds
Number of updated asset objects reloaded before import = 0Number of asset objects unloaded after import = 1

========================================================================
Received Import Request.
  Time since last request: 0.000023 seconds.
  path: Packages/com.unity.shadergraph/Editor/Data/Graphs/GradientShaderProperty.cs
  artifactKey: Guid(544078fab8a6b410f907cc3ae58d977f) Importer(2089858483,b0f066a214c2f5e87bad3c948f4d605d)
Start importing Packages/com.unity.shadergraph/Editor/Data/Graphs/GradientShaderProperty.cs using Guid(544078fab8a6b410f907cc3ae58d977f) Importer(2089858483,b0f066a214c2f5e87bad3c948f4d605d) (ScriptedImporter) -> (artifact id: 'd719166383472689c94980281a2f1ad8') in 0.00607 seconds
Number of updated asset objects reloaded before import = 0Number of asset objects unloaded after import = 0

========================================================================
Received Import Request.
  Time since last request: 0.000022 seconds.
  path: Packages/com.unity.shadergraph/Editor/Serialization/JsonRef.cs
  artifactKey: Guid(5b60e52a873c41dcbe02e5482b93d162) Importer(2089858483,b0f066a214c2f5e87bad3c948f4d605d)
Start importing Packages/com.unity.shadergraph/Editor/Serialization/JsonRef.cs using Guid(5b60e52a873c41dcbe02e5482b93d162) Importer(2089858483,b0f066a214c2f5e87bad3c948f4d605d) (ScriptedImporter) -> (artifact id: '50f5827fa6976b06e5870fff2266bffd') in 0.0057641 seconds
Number of updated asset objects reloaded before import = 0Number of asset objects unloaded after import = 0

========================================================================
Received Import Request.
  Time since last request: 0.000037 seconds.
  path: Packages/com.unity.shadergraph/Editor/Importers/ShaderGraphTemplateHelper.cs
  artifactKey: Guid(f8a051cd8f1045d1bbb37860ed4ef796) Importer(2089858483,b0f066a214c2f5e87bad3c948f4d605d)
Start importing Packages/com.unity.shadergraph/Editor/Importers/ShaderGraphTemplateHelper.cs using Guid(f8a051cd8f1045d1bbb37860ed4ef796) Importer(2089858483,b0f066a214c2f5e87bad3c948f4d605d) (ScriptedImporter) -> (artifact id: 'bf2a84034750f4461abad839e2dbdf9a') in 0.0049934 seconds
Number of updated asset objects reloaded before import = 0Number of asset objects unloaded after import = 0

========================================================================
Received Import Request.
  Time since last request: 0.000019 seconds.
  path: Packages/com.unity.shadergraph/Editor/Data/Graphs/GraphSetup.cs
  artifactKey: Guid(6b4148bd86961c24c8ccbdb3462dfd80) Importer(2089858483,b0f066a214c2f5e87bad3c948f4d605d)
Start importing Packages/com.unity.shadergraph/Editor/Data/Graphs/GraphSetup.cs using Guid(6b4148bd86961c24c8ccbdb3462dfd80) Importer(2089858483,b0f066a214c2f5e87bad3c948f4d605d) (ScriptedImporter) -> (artifact id: '1918e339e0236ed36b320c7b427d1343') in 0.0046247 seconds
Number of updated asset objects reloaded before import = 0Number of asset objects unloaded after import = 0

========================================================================
Received Import Request.
  Time since last request: 0.000018 seconds.
  path: Packages/com.unity.shadergraph/Editor/Data/Legacy/GroupData0.cs
  artifactKey: Guid(a387fe25ac1a6a64890f90c2312589f5) Importer(2089858483,b0f066a214c2f5e87bad3c948f4d605d)
Start importing Packages/com.unity.shadergraph/Editor/Data/Legacy/GroupData0.cs using Guid(a387fe25ac1a6a64890f90c2312589f5) Importer(2089858483,b0f066a214c2f5e87bad3c948f4d605d) (ScriptedImporter) -> (artifact id: 'b90090d286c5c4cc7b94c1b5d363488f') in 0.0045692 seconds
Number of updated asset objects reloaded before import = 0Number of asset objects unloaded after import = 0

========================================================================
Received Import Request.
  Time since last request: 0.000018 seconds.
  path: Packages/com.unity.shadergraph/Editor/Data/Graphs/SerializableTexture.cs
  artifactKey: Guid(a4a4ff926ce74b059400bb049aefcba2) Importer(2089858483,b0f066a214c2f5e87bad3c948f4d605d)
Start importing Packages/com.unity.shadergraph/Editor/Data/Graphs/SerializableTexture.cs using Guid(a4a4ff926ce74b059400bb049aefcba2) Importer(2089858483,b0f066a214c2f5e87bad3c948f4d605d) (ScriptedImporter) -> (artifact id: 'a72c1a94647c0e4ea4ff240e2070cf4e') in 0.0067102 seconds
Number of updated asset objects reloaded before import = 0Number of asset objects unloaded after import = 0

========================================================================
Received Import Request.
  Time since last request: 0.000025 seconds.
  path: Packages/com.unity.shadergraph/Editor/Data/Graphs/SerializableTextureArray.cs
  artifactKey: Guid(d9807a630579843d5a2e956e776b0d3d) Importer(2089858483,b0f066a214c2f5e87bad3c948f4d605d)
Start importing Packages/com.unity.shadergraph/Editor/Data/Graphs/SerializableTextureArray.cs using Guid(d9807a630579843d5a2e956e776b0d3d) Importer(2089858483,b0f066a214c2f5e87bad3c948f4d605d) (ScriptedImporter) -> (artifact id: '87bd0cc8fdd44290f8484e66c3c8532f') in 0.004469 seconds
Number of updated asset objects reloaded before import = 0Number of asset objects unloaded after import = 0

========================================================================
Received Import Request.
  Time since last request: 0.000046 seconds.
  path: Packages/com.unity.shadergraph/Editor/Data/Interfaces/IMayRequireNormal.cs
  artifactKey: Guid(51bb8f11fbcf43f9bcec6418f1991397) Importer(2089858483,b0f066a214c2f5e87bad3c948f4d605d)
Start importing Packages/com.unity.shadergraph/Editor/Data/Interfaces/IMayRequireNormal.cs using Guid(51bb8f11fbcf43f9bcec6418f1991397) Importer(2089858483,b0f066a214c2f5e87bad3c948f4d605d) (ScriptedImporter) -> (artifact id: 'bff6dff0676a1c75e88df3a9cd0fadb6') in 0.0045248 seconds
Number of updated asset objects reloaded before import = 0Number of asset objects unloaded after import = 0

========================================================================
Received Import Request.
  Time since last request: 0.000026 seconds.
  path: Packages/com.unity.shadergraph/GraphTemplates/Subgraphs/UV Halftone.shadersubgraph
  artifactKey: Guid(a925de7ea1f0ed04a8b35c2c10fcc1c1) Importer(2089858483,b0f066a214c2f5e87bad3c948f4d605d)
Start importing Packages/com.unity.shadergraph/GraphTemplates/Subgraphs/UV Halftone.shadersubgraph using Guid(a925de7ea1f0ed04a8b35c2c10fcc1c1) Importer(2089858483,b0f066a214c2f5e87bad3c948f4d605d) (ScriptedImporter) -> (artifact id: 'ed43c8637d2bb5d8734699087fe37180') in 0.0083929 seconds
Number of updated asset objects reloaded before import = 0Number of asset objects unloaded after import = 1

========================================================================
Received Import Request.
  Time since last request: 0.000024 seconds.
  path: Packages/com.unity.shadergraph/GraphTemplates/Subgraphs/SoftParticles.shadersubgraph
  artifactKey: Guid(d0f40856fc355224fab6453746e0507a) Importer(2089858483,b0f066a214c2f5e87bad3c948f4d605d)
Start importing Packages/com.unity.shadergraph/GraphTemplates/Subgraphs/SoftParticles.shadersubgraph using Guid(d0f40856fc355224fab6453746e0507a) Importer(2089858483,b0f066a214c2f5e87bad3c948f4d605d) (ScriptedImporter) -> (artifact id: 'e69f9efc2dfe8ae9bb64b06d168c46e7') in 0.0080454 seconds
Number of updated asset objects reloaded before import = 0Number of asset objects unloaded after import = 1

========================================================================
Received Import Request.
  Time since last request: 0.000018 seconds.
  path: Packages/com.unity.shadergraph/Editor/Data/Graphs/Texture3DMaterialSlot.cs
  artifactKey: Guid(d14087d6634274aee91ead8607c2e32d) Importer(2089858483,b0f066a214c2f5e87bad3c948f4d605d)
Start importing Packages/com.unity.shadergraph/Editor/Data/Graphs/Texture3DMaterialSlot.cs using Guid(d14087d6634274aee91ead8607c2e32d) Importer(2089858483,b0f066a214c2f5e87bad3c948f4d605d) (ScriptedImporter) -> (artifact id: '89bb48a2e7486bf92f7c92b61160aba9') in 0.0081931 seconds
Number of updated asset objects reloaded before import = 0Number of asset objects unloaded after import = 0

========================================================================
Received Import Request.
  Time since last request: 0.000031 seconds.
  path: Packages/com.unity.shadergraph/Editor/Serialization/RefValueEnumerable.cs
  artifactKey: Guid(6affc0753ed9408fa908d4a2285010ef) Importer(2089858483,b0f066a214c2f5e87bad3c948f4d605d)
Start importing Packages/com.unity.shadergraph/Editor/Serialization/RefValueEnumerable.cs using Guid(6affc0753ed9408fa908d4a2285010ef) Importer(2089858483,b0f066a214c2f5e87bad3c948f4d605d) (ScriptedImporter) -> (artifact id: '9d32a716219d7c3612d65d6a9709b881') in 0.0047234 seconds
Number of updated asset objects reloaded before import = 0Number of asset objects unloaded after import = 0

========================================================================
Received Import Request.
  Time since last request: 0.000030 seconds.
  path: Packages/com.unity.shadergraph/Editor/Data/Graphs/ColorRGBMaterialSlot.cs
  artifactKey: Guid(a29c1f6321a430d439c5623e2a44f397) Importer(2089858483,b0f066a214c2f5e87bad3c948f4d605d)
Start importing Packages/com.unity.shadergraph/Editor/Data/Graphs/ColorRGBMaterialSlot.cs using Guid(a29c1f6321a430d439c5623e2a44f397) Importer(2089858483,b0f066a214c2f5e87bad3c948f4d605d) (ScriptedImporter) -> (artifact id: '05345950adef32d4b6b724b1125af571') in 0.0043507 seconds
Number of updated asset objects reloaded before import = 0Number of asset objects unloaded after import = 0

========================================================================
Received Import Request.
  Time since last request: 0.000024 seconds.
  path: Packages/com.unity.shadergraph/Editor/Importers/ShaderGraphImporterEditor.cs
  artifactKey: Guid(575791f1eb8b54602829004c8bcbe802) Importer(2089858483,b0f066a214c2f5e87bad3c948f4d605d)
Start importing Packages/com.unity.shadergraph/Editor/Importers/ShaderGraphImporterEditor.cs using Guid(575791f1eb8b54602829004c8bcbe802) Importer(2089858483,b0f066a214c2f5e87bad3c948f4d605d) (ScriptedImporter) -> (artifact id: 'e83791ba7a652ac32635d7b85804616d') in 0.0044821 seconds
Number of updated asset objects reloaded before import = 0Number of asset objects unloaded after import = 0

========================================================================
Received Import Request.
  Time since last request: 0.000033 seconds.
  path: Packages/com.unity.shadergraph/Editor/Data/Legacy/ILegacyTarget.cs
  artifactKey: Guid(0af67b17919f687478340e3af5ea9a52) Importer(2089858483,b0f066a214c2f5e87bad3c948f4d605d)
Start importing Packages/com.unity.shadergraph/Editor/Data/Legacy/ILegacyTarget.cs using Guid(0af67b17919f687478340e3af5ea9a52) Importer(2089858483,b0f066a214c2f5e87bad3c948f4d605d) (ScriptedImporter) -> (artifact id: '4b0ba9f7ce83e3a429f519e2477b22e3') in 0.0047276 seconds
Number of updated asset objects reloaded before import = 0Number of asset objects unloaded after import = 0

========================================================================
Received Import Request.
  Time since last request: 0.000019 seconds.
  path: Packages/com.unity.shadergraph/Editor/Data/Interfaces/IMayRequireTime.cs
  artifactKey: Guid(275b56f32a48a0f4ab244ca9aa3884c9) Importer(2089858483,b0f066a214c2f5e87bad3c948f4d605d)
Start importing Packages/com.unity.shadergraph/Editor/Data/Interfaces/IMayRequireTime.cs using Guid(275b56f32a48a0f4ab244ca9aa3884c9) Importer(2089858483,b0f066a214c2f5e87bad3c948f4d605d) (ScriptedImporter) -> (artifact id: '0d9c13122ff9968a5f954569cb651c32') in 0.00437 seconds
Number of updated asset objects reloaded before import = 0Number of asset objects unloaded after import = 0

========================================================================
Received Import Request.
  Time since last request: 0.000029 seconds.
  path: Packages/com.unity.shadergraph/GraphTemplates/Cross Pipeline/TerrainSimpleTemplateThumbnail.png
  artifactKey: Guid(f7b60a412d492fa4a96583e253626880) Importer(2089858483,b0f066a214c2f5e87bad3c948f4d605d)
Start importing Packages/com.unity.shadergraph/GraphTemplates/Cross Pipeline/TerrainSimpleTemplateThumbnail.png using Guid(f7b60a412d492fa4a96583e253626880) Importer(2089858483,b0f066a214c2f5e87bad3c948f4d605d) (ScriptedImporter) -> (artifact id: '11cbe05df9ff6c9ea94095a661357638') in 0.0107671 seconds
Number of updated asset objects reloaded before import = 0Number of asset objects unloaded after import = 1

========================================================================
Received Import Request.
  Time since last request: 0.000042 seconds.
  path: Packages/com.unity.shadergraph/Editor/Util/IndexSet.cs
  artifactKey: Guid(41c67c52dd54464fa78d8ab286eb501b) Importer(2089858483,b0f066a214c2f5e87bad3c948f4d605d)
Start importing Packages/com.unity.shadergraph/Editor/Util/IndexSet.cs using Guid(41c67c52dd54464fa78d8ab286eb501b) Importer(2089858483,b0f066a214c2f5e87bad3c948f4d605d) (ScriptedImporter) -> (artifact id: '1c1e83aa5b2b60f3e17e912c4ea9a180') in 0.0057417 seconds
Number of updated asset objects reloaded before import = 0Number of asset objects unloaded after import = 0

========================================================================
Received Import Request.
  Time since last request: 0.000021 seconds.
  path: Packages/com.unity.shadergraph/GraphTemplates/Subgraphs/FlowMap Sample Texture.shadersubgraph
  artifactKey: Guid(dd4e180f1d31c4c4e9d4909d27e6761c) Importer(2089858483,b0f066a214c2f5e87bad3c948f4d605d)
Start importing Packages/com.unity.shadergraph/GraphTemplates/Subgraphs/FlowMap Sample Texture.shadersubgraph using Guid(dd4e180f1d31c4c4e9d4909d27e6761c) Importer(2089858483,b0f066a214c2f5e87bad3c948f4d605d) (ScriptedImporter) -> (artifact id: '4430582baaefc02b00e1680e7504cc93') in 0.0114591 seconds
Number of updated asset objects reloaded before import = 0Number of asset objects unloaded after import = 1

========================================================================
Received Import Request.
  Time since last request: 0.000037 seconds.
  path: Packages/com.unity.shadergraph/Editor/Utilities/GenerationAPIAttribute.cs
  artifactKey: Guid(af97d141ba1d68c4b948599c3056f7fa) Importer(2089858483,b0f066a214c2f5e87bad3c948f4d605d)
Start importing Packages/com.unity.shadergraph/Editor/Utilities/GenerationAPIAttribute.cs using Guid(af97d141ba1d68c4b948599c3056f7fa) Importer(2089858483,b0f066a214c2f5e87bad3c948f4d605d) (ScriptedImporter) -> (artifact id: '288661a2f2385902ccef7215c9ca322b') in 0.0051918 seconds
Number of updated asset objects reloaded before import = 0Number of asset objects unloaded after import = 0

========================================================================
Received Import Request.
  Time since last request: 0.000021 seconds.
  path: Packages/com.unity.shadergraph/Editor/Data/Graphs/Vector1ShaderProperty.cs
  artifactKey: Guid(572cce24ed76430db4c21dfe82d01252) Importer(2089858483,b0f066a214c2f5e87bad3c948f4d605d)
Start importing Packages/com.unity.shadergraph/Editor/Data/Graphs/Vector1ShaderProperty.cs using Guid(572cce24ed76430db4c21dfe82d01252) Importer(2089858483,b0f066a214c2f5e87bad3c948f4d605d) (ScriptedImporter) -> (artifact id: '964ca33ddc456efc23752b2e6ffaa53e') in 0.0048179 seconds
Number of updated asset objects reloaded before import = 0Number of asset objects unloaded after import = 0

========================================================================
Received Import Request.
  Time since last request: 0.000037 seconds.
  path: Packages/com.unity.shadergraph/Editor/Importers/ShaderGraphAssetPostProcessor.cs
  artifactKey: Guid(c6721e5578adf964fa914cf0d66e0bdb) Importer(2089858483,b0f066a214c2f5e87bad3c948f4d605d)
Start importing Packages/com.unity.shadergraph/Editor/Importers/ShaderGraphAssetPostProcessor.cs using Guid(c6721e5578adf964fa914cf0d66e0bdb) Importer(2089858483,b0f066a214c2f5e87bad3c948f4d605d) (ScriptedImporter) -> (artifact id: '907d84eb3bc22ce1379d80962d7e8728') in 0.0041497 seconds
Number of updated asset objects reloaded before import = 0Number of asset objects unloaded after import = 0

========================================================================
Received Import Request.
  Time since last request: 0.000022 seconds.
  path: Packages/com.unity.shadergraph/Editor/Data/Graphs/CubemapShaderProperty.cs
  artifactKey: Guid(ca5ddce766d5ae24f8be282b4f7a21bd) Importer(2089858483,b0f066a214c2f5e87bad3c948f4d605d)
Start importing Packages/com.unity.shadergraph/Editor/Data/Graphs/CubemapShaderProperty.cs using Guid(ca5ddce766d5ae24f8be282b4f7a21bd) Importer(2089858483,b0f066a214c2f5e87bad3c948f4d605d) (ScriptedImporter) -> (artifact id: 'eb1191f6752a40a502cb180f46d73fe0') in 0.0047973 seconds
Number of updated asset objects reloaded before import = 0Number of asset objects unloaded after import = 0

========================================================================
Received Import Request.
  Time since last request: 0.000026 seconds.
  path: Packages/com.unity.shadergraph/Editor/Data/Graphs/Texture2DArrayInputMaterialSlot.cs
  artifactKey: Guid(56d6d3c32403e4aa1af1fc8b307c0133) Importer(2089858483,b0f066a214c2f5e87bad3c948f4d605d)
Start importing Packages/com.unity.shadergraph/Editor/Data/Graphs/Texture2DArrayInputMaterialSlot.cs using Guid(56d6d3c32403e4aa1af1fc8b307c0133) Importer(2089858483,b0f066a214c2f5e87bad3c948f4d605d) (ScriptedImporter) -> (artifact id: 'ac8ca52b5903c4cacb29341cdc532d64') in 0.0052321 seconds
Number of updated asset objects reloaded before import = 0Number of asset objects unloaded after import = 0

========================================================================
Received Import Request.
  Time since last request: 0.000029 seconds.
  path: Packages/com.unity.shadergraph/ShaderGraphLibrary/Nature/SpeedTree8ColorAlpha.shadersubgraph
  artifactKey: Guid(1b4ecad27a9bc714e8d3af3ffb8a368c) Importer(2089858483,b0f066a214c2f5e87bad3c948f4d605d)
Start importing Packages/com.unity.shadergraph/ShaderGraphLibrary/Nature/SpeedTree8ColorAlpha.shadersubgraph using Guid(1b4ecad27a9bc714e8d3af3ffb8a368c) Importer(2089858483,b0f066a214c2f5e87bad3c948f4d605d) (ScriptedImporter) -> (artifact id: '8f70c2c0e1f4c03ff9d5403c8e9aa41c') in 0.0082915 seconds
Number of updated asset objects reloaded before import = 0Number of asset objects unloaded after import = 0

========================================================================
Received Import Request.
  Time since last request: 0.000027 seconds.
  path: Packages/com.unity.shadergraph/Editor/Data/Graphs/UVMaterialSlot.cs
  artifactKey: Guid(33b78bbe7d29809499c4e314b196f3cf) Importer(2089858483,b0f066a214c2f5e87bad3c948f4d605d)
Start importing Packages/com.unity.shadergraph/Editor/Data/Graphs/UVMaterialSlot.cs using Guid(33b78bbe7d29809499c4e314b196f3cf) Importer(2089858483,b0f066a214c2f5e87bad3c948f4d605d) (ScriptedImporter) -> (artifact id: 'c2d2f19c04bc004724a8012ccd2de7fc') in 0.0042509 seconds
Number of updated asset objects reloaded before import = 0Number of asset objects unloaded after import = 0

========================================================================
Received Import Request.
  Time since last request: 0.000088 seconds.
  path: Packages/com.unity.shadergraph/Editor/Data/Graphs/Texture3DInputMaterialSlot.cs
  artifactKey: Guid(fa82e95b6172d4aafaed3656eb9d0a03) Importer(2089858483,b0f066a214c2f5e87bad3c948f4d605d)
Start importing Packages/com.unity.shadergraph/Editor/Data/Graphs/Texture3DInputMaterialSlot.cs using Guid(fa82e95b6172d4aafaed3656eb9d0a03) Importer(2089858483,b0f066a214c2f5e87bad3c948f4d605d) (ScriptedImporter) -> (artifact id: 'e6fe1367a8ab454c84ff30d3878dbcad') in 0.0039573 seconds
Number of updated asset objects reloaded before import = 0Number of asset objects unloaded after import = 0

========================================================================
Received Import Request.
  Time since last request: 0.000017 seconds.
  path: Packages/com.unity.shadergraph/Editor/Data/Graphs/DefaultVector2MaterialSlot.cs
  artifactKey: Guid(a2a07faeb385402e85122a34d1680458) Importer(2089858483,b0f066a214c2f5e87bad3c948f4d605d)
Start importing Packages/com.unity.shadergraph/Editor/Data/Graphs/DefaultVector2MaterialSlot.cs using Guid(a2a07faeb385402e85122a34d1680458) Importer(2089858483,b0f066a214c2f5e87bad3c948f4d605d) (ScriptedImporter) -> (artifact id: 'f1a3c6738c5a1651418bb5ae94a7b7c7') in 0.0042699 seconds
Number of updated asset objects reloaded before import = 0Number of asset objects unloaded after import = 0

========================================================================
Received Import Request.
  Time since last request: 0.000026 seconds.
  path: Packages/com.unity.shadergraph/Editor/Data/Interfaces/IMaySupportVFX.cs
  artifactKey: Guid(f908e994cc0047c99385d710cbbb0853) Importer(2089858483,b0f066a214c2f5e87bad3c948f4d605d)
Start importing Packages/com.unity.shadergraph/Editor/Data/Interfaces/IMaySupportVFX.cs using Guid(f908e994cc0047c99385d710cbbb0853) Importer(2089858483,b0f066a214c2f5e87bad3c948f4d605d) (ScriptedImporter) -> (artifact id: 'd5e9fba12764d7ebb5aa92c76e82a4e0') in 0.0040698 seconds
Number of updated asset objects reloaded before import = 0Number of asset objects unloaded after import = 0

========================================================================
Received Import Request.
  Time since last request: 0.000023 seconds.
  path: Packages/com.unity.shadergraph/Editor/Data/Graphs/Texture2DMaterialSlot.cs
  artifactKey: Guid(af7e1a692e5050c4ca44bb5a0e4ae4ca) Importer(2089858483,b0f066a214c2f5e87bad3c948f4d605d)
Start importing Packages/com.unity.shadergraph/Editor/Data/Graphs/Texture2DMaterialSlot.cs using Guid(af7e1a692e5050c4ca44bb5a0e4ae4ca) Importer(2089858483,b0f066a214c2f5e87bad3c948f4d605d) (ScriptedImporter) -> (artifact id: '964b78ffd0f8da68dcfb66848b96c44e') in 0.0044074 seconds
Number of updated asset objects reloaded before import = 0Number of asset objects unloaded after import = 0

========================================================================
Received Import Request.
  Time since last request: 0.000027 seconds.
  path: Packages/com.unity.shadergraph/Editor/Data/Graphs/GroupData.cs
  artifactKey: Guid(dd9ae74f463480e49a2f6f1ed7f7fb2e) Importer(2089858483,b0f066a214c2f5e87bad3c948f4d605d)
Start importing Packages/com.unity.shadergraph/Editor/Data/Graphs/GroupData.cs using Guid(dd9ae74f463480e49a2f6f1ed7f7fb2e) Importer(2089858483,b0f066a214c2f5e87bad3c948f4d605d) (ScriptedImporter) -> (artifact id: 'bc97f9e2ea075bb2623d8dbad02fee36') in 0.0053933 seconds
Number of updated asset objects reloaded before import = 0Number of asset objects unloaded after import = 0

========================================================================
Received Import Request.
  Time since last request: 0.000059 seconds.
  path: Packages/com.unity.shadergraph/Editor/Data/Graphs/Vector2MaterialSlot.cs
  artifactKey: Guid(1a465b9562de8ef4eb8d8169e41b7e90) Importer(2089858483,b0f066a214c2f5e87bad3c948f4d605d)
Start importing Packages/com.unity.shadergraph/Editor/Data/Graphs/Vector2MaterialSlot.cs using Guid(1a465b9562de8ef4eb8d8169e41b7e90) Importer(2089858483,b0f066a214c2f5e87bad3c948f4d605d) (ScriptedImporter) -> (artifact id: '2c9f4320b5053d5fa4876f03bc8ce414') in 0.007414 seconds
Number of updated asset objects reloaded before import = 0Number of asset objects unloaded after import = 0

========================================================================
Received Import Request.
  Time since last request: 0.000039 seconds.
  path: Packages/com.unity.shadergraph/Editor/Data/Graphs/Texture2DArrayMaterialSlot.cs
  artifactKey: Guid(b87c46f06c359416e8bf44a90c7737d8) Importer(2089858483,b0f066a214c2f5e87bad3c948f4d605d)
Start importing Packages/com.unity.shadergraph/Editor/Data/Graphs/Texture2DArrayMaterialSlot.cs using Guid(b87c46f06c359416e8bf44a90c7737d8) Importer(2089858483,b0f066a214c2f5e87bad3c948f4d605d) (ScriptedImporter) -> (artifact id: '5a7be6da14db0047b166cc554c13263a') in 0.005463 seconds
Number of updated asset objects reloaded before import = 0Number of asset objects unloaded after import = 0

========================================================================
Received Import Request.
  Time since last request: 0.000020 seconds.
  path: Packages/com.unity.shadergraph/Editor/Resources/Selectable.uss
  artifactKey: Guid(58c573829af3c7c44aaf7d3125df048a) Importer(2089858483,b0f066a214c2f5e87bad3c948f4d605d)
Start importing Packages/com.unity.shadergraph/Editor/Resources/Selectable.uss using Guid(58c573829af3c7c44aaf7d3125df048a) Importer(2089858483,b0f066a214c2f5e87bad3c948f4d605d) (ScriptedImporter) -> (artifact id: '31bee322aaa6c9b972e3d88c6c5752fa') in 0.0076957 seconds
Number of updated asset objects reloaded before import = 0Number of asset objects unloaded after import = 1

========================================================================
Received Import Request.
  Time since last request: 0.000022 seconds.
  path: Packages/com.unity.shadergraph/Editor/Data/Graphs/ShaderGraphRequirements.cs
  artifactKey: Guid(b80c0c5cd7f940d7bc0f37b22c454d40) Importer(2089858483,b0f066a214c2f5e87bad3c948f4d605d)
Start importing Packages/com.unity.shadergraph/Editor/Data/Graphs/ShaderGraphRequirements.cs using Guid(b80c0c5cd7f940d7bc0f37b22c454d40) Importer(2089858483,b0f066a214c2f5e87bad3c948f4d605d) (ScriptedImporter) -> (artifact id: '1074c8212a225bfa1eff9a8d64fc1c62') in 0.0045966 seconds
Number of updated asset objects reloaded before import = 0Number of asset objects unloaded after import = 0

========================================================================
Received Import Request.
  Time since last request: 0.000029 seconds.
  path: Packages/com.unity.shadergraph/Editor/Data/Interfaces/IMayRequireMeshUV.cs
  artifactKey: Guid(c23e123c3ff140c997d68b663b484f29) Importer(2089858483,b0f066a214c2f5e87bad3c948f4d605d)
Start importing Packages/com.unity.shadergraph/Editor/Data/Interfaces/IMayRequireMeshUV.cs using Guid(c23e123c3ff140c997d68b663b484f29) Importer(2089858483,b0f066a214c2f5e87bad3c948f4d605d) (ScriptedImporter) -> (artifact id: 'f1a973abf7bc808584444d6833d09587') in 0.0062452 seconds
Number of updated asset objects reloaded before import = 0Number of asset objects unloaded after import = 0

========================================================================
Received Import Request.
  Time since last request: 0.000025 seconds.
  path: Packages/com.unity.shadergraph/Editor/Data/Implementation/IHasDependencies.cs
  artifactKey: Guid(e66d88e09e6cd6648944e3ee0e997f62) Importer(2089858483,b0f066a214c2f5e87bad3c948f4d605d)
Start importing Packages/com.unity.shadergraph/Editor/Data/Implementation/IHasDependencies.cs using Guid(e66d88e09e6cd6648944e3ee0e997f62) Importer(2089858483,b0f066a214c2f5e87bad3c948f4d605d) (ScriptedImporter) -> (artifact id: '5ef9054f3684eacd8471d35d61ae61cc') in 0.0052898 seconds
Number of updated asset objects reloaded before import = 0Number of asset objects unloaded after import = 0

========================================================================
Received Import Request.
  Time since last request: 0.000022 seconds.
  path: Packages/com.unity.shadergraph/Editor/Data/Attributes/InspectableAttribute.cs
  artifactKey: Guid(135160e3cb114b679f9d5363c349b289) Importer(2089858483,b0f066a214c2f5e87bad3c948f4d605d)
Start importing Packages/com.unity.shadergraph/Editor/Data/Attributes/InspectableAttribute.cs using Guid(135160e3cb114b679f9d5363c349b289) Importer(2089858483,b0f066a214c2f5e87bad3c948f4d605d) (ScriptedImporter) -> (artifact id: '3fff0b98e5830a3887480d80e0d9d80b') in 0.0042986 seconds
Number of updated asset objects reloaded before import = 0Number of asset objects unloaded after import = 0

========================================================================
Received Import Request.
  Time since last request: 0.000043 seconds.
  path: Packages/com.unity.shadergraph/GraphTemplates/BuiltIn/BuiltInUnlitBasicTemplateThumbnail.png
  artifactKey: Guid(e6831b07772f59844b5c282e8a4aa736) Importer(2089858483,b0f066a214c2f5e87bad3c948f4d605d)
Start importing Packages/com.unity.shadergraph/GraphTemplates/BuiltIn/BuiltInUnlitBasicTemplateThumbnail.png using Guid(e6831b07772f59844b5c282e8a4aa736) Importer(2089858483,b0f066a214c2f5e87bad3c948f4d605d) (ScriptedImporter) -> (artifact id: '28914f8de1ac8b104aa810f13c47ef8f') in 0.0131369 seconds
Number of updated asset objects reloaded before import = 0Number of asset objects unloaded after import = 1

========================================================================
Received Import Request.
  Time since last request: 0.000033 seconds.
  path: Packages/com.unity.shadergraph/Editor/Data/Graphs/ViewDirectionMaterialSlot.cs
  artifactKey: Guid(fd41e705ec44f6a428a22f08da1b19b3) Importer(2089858483,b0f066a214c2f5e87bad3c948f4d605d)
Start importing Packages/com.unity.shadergraph/Editor/Data/Graphs/ViewDirectionMaterialSlot.cs using Guid(fd41e705ec44f6a428a22f08da1b19b3) Importer(2089858483,b0f066a214c2f5e87bad3c948f4d605d) (ScriptedImporter) -> (artifact id: '454e3de2302628d0f42426cdf1e47e67') in 0.0075982 seconds
Number of updated asset objects reloaded before import = 0Number of asset objects unloaded after import = 0

========================================================================
Received Import Request.
  Time since last request: 0.000021 seconds.
  path: Packages/com.unity.shadergraph/GraphTemplates/Cross Pipeline/Terrain Simple.shadergraph
  artifactKey: Guid(def488a52add6574d9f295a507032cb8) Importer(2089858483,b0f066a214c2f5e87bad3c948f4d605d)
Start importing Packages/com.unity.shadergraph/GraphTemplates/Cross Pipeline/Terrain Simple.shadergraph using Guid(def488a52add6574d9f295a507032cb8) Importer(2089858483,b0f066a214c2f5e87bad3c948f4d605d) (ScriptedImporter) -> (artifact id: 'bf9c60b28aa15e24037b596254c35268') in 0.031123 seconds
Number of updated asset objects reloaded before import = 0Number of asset objects unloaded after import = 6

========================================================================
Received Import Request.
  Time since last request: 0.000030 seconds.
  path: Packages/com.unity.timeline/Editor/StyleSheets/Images/Icons/d_TrackCurvesButtonDisabled.png
  artifactKey: Guid(d55a54a15106e3f418a43134888f2211) Importer(2089858483,b0f066a214c2f5e87bad3c948f4d605d)
Start importing Packages/com.unity.timeline/Editor/StyleSheets/Images/Icons/d_TrackCurvesButtonDisabled.png using Guid(d55a54a15106e3f418a43134888f2211) Importer(2089858483,b0f066a214c2f5e87bad3c948f4d605d) (ScriptedImporter) -> (artifact id: '4c7177b6403682b4b2991c3ecbd763c7') in 0.0088196 seconds
Number of updated asset objects reloaded before import = 0Number of asset objects unloaded after import = 1

========================================================================
Received Import Request.
  Time since last request: 0.000024 seconds.
  path: Packages/com.unity.modules.ai/package.ModuleCompilationTrigger
  artifactKey: Guid(e2d09a26ce46dc617b54e49a534ace20) Importer(2089858483,b0f066a214c2f5e87bad3c948f4d605d)
Start importing Packages/com.unity.modules.ai/package.ModuleCompilationTrigger using Guid(e2d09a26ce46dc617b54e49a534ace20) Importer(2089858483,b0f066a214c2f5e87bad3c948f4d605d) (ScriptedImporter) -> (artifact id: 'f13a5d9996a9c9bbe6393cfe36929c0a') in 0.0044559 seconds
Number of updated asset objects reloaded before import = 0Number of asset objects unloaded after import = 1

========================================================================
Received Import Request.
  Time since last request: 0.000042 seconds.
  path: Packages/com.unity.shadergraph/GraphTemplates/Custom Render Texture.shadergraph
  artifactKey: Guid(7ef2cf71ad164fe479662ae612dff99e) Importer(2089858483,b0f066a214c2f5e87bad3c948f4d605d)
Start importing Packages/com.unity.shadergraph/GraphTemplates/Custom Render Texture.shadergraph using Guid(7ef2cf71ad164fe479662ae612dff99e) Importer(2089858483,b0f066a214c2f5e87bad3c948f4d605d) (ScriptedImporter) -> (artifact id: '730339d1e79a8bf2d9420d10920cb59c') in 0.0090164 seconds
Number of updated asset objects reloaded before import = 0Number of asset objects unloaded after import = 4

========================================================================
Received Import Request.
  Time since last request: 0.000041 seconds.
  path: Packages/com.unity.timeline/Editor/StyleSheets/Images/Shared/TimelineBottomShadow.png
  artifactKey: Guid(db66ea47c76423f4a881937d34495801) Importer(2089858483,b0f066a214c2f5e87bad3c948f4d605d)
Start importing Packages/com.unity.timeline/Editor/StyleSheets/Images/Shared/TimelineBottomShadow.png using Guid(db66ea47c76423f4a881937d34495801) Importer(2089858483,b0f066a214c2f5e87bad3c948f4d605d) (ScriptedImporter) -> (artifact id: 'be0abc82ded4d67a7b02fbd662fc88bd') in 0.0087062 seconds
Number of updated asset objects reloaded before import = 0Number of asset objects unloaded after import = 1

========================================================================
Received Import Request.
  Time since last request: 0.000032 seconds.
  path: Packages/com.unity.shadergraph/Editor/Utilities/AssemblyInfo.cs
  artifactKey: Guid(6df296665d3d1403ea55bcc9c40cfabf) Importer(2089858483,b0f066a214c2f5e87bad3c948f4d605d)
Start importing Packages/com.unity.shadergraph/Editor/Utilities/AssemblyInfo.cs using Guid(6df296665d3d1403ea55bcc9c40cfabf) Importer(2089858483,b0f066a214c2f5e87bad3c948f4d605d) (ScriptedImporter) -> (artifact id: '979c4fb7116916122c650c8e60908cfe') in 0.006307 seconds
Number of updated asset objects reloaded before import = 0Number of asset objects unloaded after import = 0

========================================================================
Received Import Request.
  Time since last request: 0.000031 seconds.
  path: Packages/com.unity.shadergraph/GraphTemplates/BuiltIn/BuiltInLitBasicTemplateThumbnail.png
  artifactKey: Guid(325e807a2af3f5f4691c7d9da76963f6) Importer(2089858483,b0f066a214c2f5e87bad3c948f4d605d)
Start importing Packages/com.unity.shadergraph/GraphTemplates/BuiltIn/BuiltInLitBasicTemplateThumbnail.png using Guid(325e807a2af3f5f4691c7d9da76963f6) Importer(2089858483,b0f066a214c2f5e87bad3c948f4d605d) (ScriptedImporter) -> (artifact id: '9875468b5493657424724e0c48b14ff6') in 0.0161369 seconds
Number of updated asset objects reloaded before import = 0Number of asset objects unloaded after import = 1

========================================================================
Received Import Request.
  Time since last request: 0.000039 seconds.
  path: Packages/com.unity.shadergraph/Editor/Generation/Processors/GeneratorDerivativeUtils.cs
  artifactKey: Guid(5cd0a6e3acef6584a9bed67c51ff1d64) Importer(2089858483,b0f066a214c2f5e87bad3c948f4d605d)
Start importing Packages/com.unity.shadergraph/Editor/Generation/Processors/GeneratorDerivativeUtils.cs using Guid(5cd0a6e3acef6584a9bed67c51ff1d64) Importer(2089858483,b0f066a214c2f5e87bad3c948f4d605d) (ScriptedImporter) -> (artifact id: '5e054ebbd4b813b9c0bf9fe58ad85dc0') in 0.0069576 seconds
Number of updated asset objects reloaded before import = 0Number of asset objects unloaded after import = 0

========================================================================
Received Import Request.
  Time since last request: 0.000027 seconds.
  path: Packages/com.unity.shadergraph/Editor/Drawing/ViewModels/ShaderInputViewModel.cs
  artifactKey: Guid(4de8f5d9ab4e43a4bfd041576666307d) Importer(2089858483,b0f066a214c2f5e87bad3c948f4d605d)
Start importing Packages/com.unity.shadergraph/Editor/Drawing/ViewModels/ShaderInputViewModel.cs using Guid(4de8f5d9ab4e43a4bfd041576666307d) Importer(2089858483,b0f066a214c2f5e87bad3c948f4d605d) (ScriptedImporter) -> (artifact id: 'f0cf2057414d67221d24a22175180ae5') in 0.0059854 seconds
Number of updated asset objects reloaded before import = 0Number of asset objects unloaded after import = 0

========================================================================
Received Import Request.
  Time since last request: 0.000033 seconds.
  path: Packages/com.unity.shadergraph/Editor/Generation/Descriptors/SubShaderDescriptor.cs
  artifactKey: Guid(aff9190e7c4f0f2418d0b551cdfac094) Importer(2089858483,b0f066a214c2f5e87bad3c948f4d605d)
Start importing Packages/com.unity.shadergraph/Editor/Generation/Descriptors/SubShaderDescriptor.cs using Guid(aff9190e7c4f0f2418d0b551cdfac094) Importer(2089858483,b0f066a214c2f5e87bad3c948f4d605d) (ScriptedImporter) -> (artifact id: 'ba235a376b8e7f13a345192aa41e517a') in 0.0054286 seconds
Number of updated asset objects reloaded before import = 0Number of asset objects unloaded after import = 0

========================================================================
Received Import Request.
  Time since last request: 0.000024 seconds.
  path: Packages/com.unity.shadergraph/Editor/Drawing/Inspector/ShaderGraphHeatmapValuesEditor.cs
  artifactKey: Guid(e5886001cd1b4a10a07093babfd6f7a6) Importer(2089858483,b0f066a214c2f5e87bad3c948f4d605d)
Start importing Packages/com.unity.shadergraph/Editor/Drawing/Inspector/ShaderGraphHeatmapValuesEditor.cs using Guid(e5886001cd1b4a10a07093babfd6f7a6) Importer(2089858483,b0f066a214c2f5e87bad3c948f4d605d) (ScriptedImporter) -> (artifact id: '5b2507e79fc38c77c00510f0148c5a97') in 0.0060086 seconds
Number of updated asset objects reloaded before import = 0Number of asset objects unloaded after import = 0

========================================================================
Received Import Request.
  Time since last request: 0.000055 seconds.
  path: Packages/com.unity.shadergraph/Editor/Data/Nodes/RedirectNode.cs
  artifactKey: Guid(44fb623cd25490f49a293b77ede94343) Importer(2089858483,b0f066a214c2f5e87bad3c948f4d605d)
Start importing Packages/com.unity.shadergraph/Editor/Data/Nodes/RedirectNode.cs using Guid(44fb623cd25490f49a293b77ede94343) Importer(2089858483,b0f066a214c2f5e87bad3c948f4d605d) (ScriptedImporter) -> (artifact id: '06780e9e5f38d150230732b6485eeaee') in 0.0075578 seconds
Number of updated asset objects reloaded before import = 0Number of asset objects unloaded after import = 0

========================================================================
Received Import Request.
  Time since last request: 0.000025 seconds.
  path: Packages/com.unity.shadergraph/Editor/Generation/Enumerations/InstancingOptions.cs
  artifactKey: Guid(8b80934453d594a42bb23876834a3d34) Importer(2089858483,b0f066a214c2f5e87bad3c948f4d605d)
Start importing Packages/com.unity.shadergraph/Editor/Generation/Enumerations/InstancingOptions.cs using Guid(8b80934453d594a42bb23876834a3d34) Importer(2089858483,b0f066a214c2f5e87bad3c948f4d605d) (ScriptedImporter) -> (artifact id: '7a01b5f2406598fc20d4f5eaf7c7e806') in 0.0060561 seconds
Number of updated asset objects reloaded before import = 0Number of asset objects unloaded after import = 0

========================================================================
Received Import Request.
  Time since last request: 0.000047 seconds.
  path: Packages/com.unity.shadergraph/Editor/Drawing/Interfaces/ISGControlledElement.cs
  artifactKey: Guid(fd84c20068e34fd1988393f51b9ef723) Importer(2089858483,b0f066a214c2f5e87bad3c948f4d605d)
Start importing Packages/com.unity.shadergraph/Editor/Drawing/Interfaces/ISGControlledElement.cs using Guid(fd84c20068e34fd1988393f51b9ef723) Importer(2089858483,b0f066a214c2f5e87bad3c948f4d605d) (ScriptedImporter) -> (artifact id: 'a6026ab1a22a347bf543a5f24709526f') in 0.0077154 seconds
Number of updated asset objects reloaded before import = 0Number of asset objects unloaded after import = 0

========================================================================
Received Import Request.
  Time since last request: 0.000053 seconds.
  path: Packages/com.unity.shadergraph/Editor/Generation/Data/DropdownEntry.cs
  artifactKey: Guid(df5618ff481ae324cb444e2dda9674e4) Importer(2089858483,b0f066a214c2f5e87bad3c948f4d605d)
Start importing Packages/com.unity.shadergraph/Editor/Generation/Data/DropdownEntry.cs using Guid(df5618ff481ae324cb444e2dda9674e4) Importer(2089858483,b0f066a214c2f5e87bad3c948f4d605d) (ScriptedImporter) -> (artifact id: '3d367922a1878e8ebf43bb4ff77b3a20') in 0.0068919 seconds
Number of updated asset objects reloaded before import = 0Number of asset objects unloaded after import = 0

========================================================================
Received Import Request.
  Time since last request: 0.000061 seconds.
  path: Packages/com.unity.shadergraph/Editor/Generation/Collections/DependencyCollection.cs
  artifactKey: Guid(df0a9e9f6e86147bfb6586e2784afce1) Importer(2089858483,b0f066a214c2f5e87bad3c948f4d605d)
Start importing Packages/com.unity.shadergraph/Editor/Generation/Collections/DependencyCollection.cs using Guid(df0a9e9f6e86147bfb6586e2784afce1) Importer(2089858483,b0f066a214c2f5e87bad3c948f4d605d) (ScriptedImporter) -> (artifact id: '60f8adfd270d9c1c2e35da1070c324e0') in 0.0093744 seconds
Number of updated asset objects reloaded before import = 0Number of asset objects unloaded after import = 0

========================================================================
Received Import Request.
  Time since last request: 0.000038 seconds.
  path: Packages/com.unity.shadergraph/Editor/Generation/Enumerations/Blend.cs
  artifactKey: Guid(33b35111bec577a4f87a215814291d59) Importer(2089858483,b0f066a214c2f5e87bad3c948f4d605d)
Start importing Packages/com.unity.shadergraph/Editor/Generation/Enumerations/Blend.cs using Guid(33b35111bec577a4f87a215814291d59) Importer(2089858483,b0f066a214c2f5e87bad3c948f4d605d) (ScriptedImporter) -> (artifact id: 'a61d92afb5131c5d67f6940ad7058c73') in 0.0069748 seconds
Number of updated asset objects reloaded before import = 0Number of asset objects unloaded after import = 0

========================================================================
Received Import Request.
  Time since last request: 0.000024 seconds.
  path: Packages/com.unity.shadergraph/Editor/Data/Nodes/TitleAttribute.cs
  artifactKey: Guid(5c804f35a96ccb9408f04f818773a159) Importer(2089858483,b0f066a214c2f5e87bad3c948f4d605d)
Start importing Packages/com.unity.shadergraph/Editor/Data/Nodes/TitleAttribute.cs using Guid(5c804f35a96ccb9408f04f818773a159) Importer(2089858483,b0f066a214c2f5e87bad3c948f4d605d) (ScriptedImporter) -> (artifact id: '590b09bad5311234bff058a543a56ad8') in 0.0071645 seconds
Number of updated asset objects reloaded before import = 0Number of asset objects unloaded after import = 0

========================================================================
Received Import Request.
  Time since last request: 0.000025 seconds.
  path: Packages/com.unity.shadergraph/Editor/Drawing/Controls/ChannelMixerControl.cs
  artifactKey: Guid(74a26e3294ebad94fa5d78ee95751556) Importer(2089858483,b0f066a214c2f5e87bad3c948f4d605d)
Start importing Packages/com.unity.shadergraph/Editor/Drawing/Controls/ChannelMixerControl.cs using Guid(74a26e3294ebad94fa5d78ee95751556) Importer(2089858483,b0f066a214c2f5e87bad3c948f4d605d) (ScriptedImporter) -> (artifact id: '3bdd11aeed8e61d6e11b2d30cb10e366') in 0.007584 seconds
Number of updated asset objects reloaded before import = 0Number of asset objects unloaded after import = 0

========================================================================
Received Import Request.
  Time since last request: 0.000030 seconds.
  path: Packages/com.unity.shadergraph/Editor/Drawing/Controls/Texture3DControl.cs
  artifactKey: Guid(841bd408b769d48caa3011ed9219df24) Importer(2089858483,b0f066a214c2f5e87bad3c948f4d605d)
Start importing Packages/com.unity.shadergraph/Editor/Drawing/Controls/Texture3DControl.cs using Guid(841bd408b769d48caa3011ed9219df24) Importer(2089858483,b0f066a214c2f5e87bad3c948f4d605d) (ScriptedImporter) -> (artifact id: '7cdd302209ef8f92df7025dc542320a9') in 0.0065074 seconds
Number of updated asset objects reloaded before import = 0Number of asset objects unloaded after import = 0

========================================================================
Received Import Request.
  Time since last request: 0.000018 seconds.
  path: Packages/com.unity.shadergraph/Editor/Drawing/Controls/EnumControl.cs
  artifactKey: Guid(3a1e13c5e67541d7ad7ae18ea5a834e4) Importer(2089858483,b0f066a214c2f5e87bad3c948f4d605d)
Start importing Packages/com.unity.shadergraph/Editor/Drawing/Controls/EnumControl.cs using Guid(3a1e13c5e67541d7ad7ae18ea5a834e4) Importer(2089858483,b0f066a214c2f5e87bad3c948f4d605d) (ScriptedImporter) -> (artifact id: '51b2a44c767cab1f8d82b8c64ff6de92') in 0.0060451 seconds
Number of updated asset objects reloaded before import = 0Number of asset objects unloaded after import = 0

========================================================================
Received Import Request.
  Time since last request: 0.000019 seconds.
  path: Packages/com.unity.shadergraph/Editor/Drawing/Views/ResizableElement.cs
  artifactKey: Guid(d07b8f263fc7450f849343b74f1807ab) Importer(2089858483,b0f066a214c2f5e87bad3c948f4d605d)
Start importing Packages/com.unity.shadergraph/Editor/Drawing/Views/ResizableElement.cs using Guid(d07b8f263fc7450f849343b74f1807ab) Importer(2089858483,b0f066a214c2f5e87bad3c948f4d605d) (ScriptedImporter) -> (artifact id: '73d584c00e68360a1ca11d1ca3173e9f') in 0.0066608 seconds
Number of updated asset objects reloaded before import = 0Number of asset objects unloaded after import = 0

========================================================================
Received Import Request.
  Time since last request: 0.000068 seconds.
  path: Packages/com.unity.shadergraph/Editor/Drawing/Controls/ColorControl.cs
  artifactKey: Guid(34e77444559b414f9fe81f9775229abf) Importer(2089858483,b0f066a214c2f5e87bad3c948f4d605d)
Start importing Packages/com.unity.shadergraph/Editor/Drawing/Controls/ColorControl.cs using Guid(34e77444559b414f9fe81f9775229abf) Importer(2089858483,b0f066a214c2f5e87bad3c948f4d605d) (ScriptedImporter) -> (artifact id: '6ebda3eda7ef3adae9084b84f9e59ff0') in 0.0047262 seconds
Number of updated asset objects reloaded before import = 0Number of asset objects unloaded after import = 0

========================================================================
Received Import Request.
  Time since last request: 0.000028 seconds.
  path: Packages/com.unity.shadergraph/Editor/Drawing/ViewModels/InspectorViewModel.cs
  artifactKey: Guid(1e7fbadba5784a16a78ceb473f4975b1) Importer(2089858483,b0f066a214c2f5e87bad3c948f4d605d)
Start importing Packages/com.unity.shadergraph/Editor/Drawing/ViewModels/InspectorViewModel.cs using Guid(1e7fbadba5784a16a78ceb473f4975b1) Importer(2089858483,b0f066a214c2f5e87bad3c948f4d605d) (ScriptedImporter) -> (artifact id: '220eefa7f816671a1bb8d13d7e4d9428') in 0.0069655 seconds
Number of updated asset objects reloaded before import = 0Number of asset objects unloaded after import = 0

========================================================================
Received Import Request.
  Time since last request: 0.000022 seconds.
  path: Packages/com.unity.shadergraph/Editor/Generation/Enumerations/Cull.cs
  artifactKey: Guid(1d9ef2c068925ac42b1a5793f3706b87) Importer(2089858483,b0f066a214c2f5e87bad3c948f4d605d)
Start importing Packages/com.unity.shadergraph/Editor/Generation/Enumerations/Cull.cs using Guid(1d9ef2c068925ac42b1a5793f3706b87) Importer(2089858483,b0f066a214c2f5e87bad3c948f4d605d) (ScriptedImporter) -> (artifact id: 'd9e7d106ba78b15735d28347c92afeee') in 0.0049981 seconds
Number of updated asset objects reloaded before import = 0Number of asset objects unloaded after import = 0

========================================================================
Received Import Request.
  Time since last request: 0.000037 seconds.
  path: Packages/com.unity.shadergraph/Editor/Drawing/Controllers/BlackboardCategoryController.cs
  artifactKey: Guid(415e66e3c4ba4ffd834a7d90349db989) Importer(2089858483,b0f066a214c2f5e87bad3c948f4d605d)
Start importing Packages/com.unity.shadergraph/Editor/Drawing/Controllers/BlackboardCategoryController.cs using Guid(415e66e3c4ba4ffd834a7d90349db989) Importer(2089858483,b0f066a214c2f5e87bad3c948f4d605d) (ScriptedImporter) -> (artifact id: 'c58af60b13d0fac85a1bbdf0c61db504') in 0.0068035 seconds
Number of updated asset objects reloaded before import = 0Number of asset objects unloaded after import = 0

========================================================================
Received Import Request.
  Time since last request: 0.000042 seconds.
  path: Packages/com.unity.shadergraph/Editor/Generation/Enumerations/BlendOp.cs
  artifactKey: Guid(f37bd1bb1cb123a409370c2cc1eefef4) Importer(2089858483,b0f066a214c2f5e87bad3c948f4d605d)
Start importing Packages/com.unity.shadergraph/Editor/Generation/Enumerations/BlendOp.cs using Guid(f37bd1bb1cb123a409370c2cc1eefef4) Importer(2089858483,b0f066a214c2f5e87bad3c948f4d605d) (ScriptedImporter) -> (artifact id: '0dd31c5f89b29663b86ac99e9c1b15ba') in 0.0056601 seconds
Number of updated asset objects reloaded before import = 0Number of asset objects unloaded after import = 0

========================================================================
Received Import Request.
  Time since last request: 0.000035 seconds.
  path: Packages/com.unity.shadergraph/Editor/Drawing/Manipulators/Draggable.cs
  artifactKey: Guid(ad4cd8fec883e80418e5427585b426db) Importer(2089858483,b0f066a214c2f5e87bad3c948f4d605d)
Start importing Packages/com.unity.shadergraph/Editor/Drawing/Manipulators/Draggable.cs using Guid(ad4cd8fec883e80418e5427585b426db) Importer(2089858483,b0f066a214c2f5e87bad3c948f4d605d) (ScriptedImporter) -> (artifact id: '3140a3bbb1314e3026dca4d69127f867') in 0.0043325 seconds
Number of updated asset objects reloaded before import = 0Number of asset objects unloaded after import = 0

========================================================================
Received Import Request.
  Time since last request: 0.000025 seconds.
  path: Packages/com.unity.shadergraph/Editor/Data/Util/SpaceTransformUtil.cs
  artifactKey: Guid(cd2b12a40ed6b7d40bb34740b5b6728a) Importer(2089858483,b0f066a214c2f5e87bad3c948f4d605d)
Start importing Packages/com.unity.shadergraph/Editor/Data/Util/SpaceTransformUtil.cs using Guid(cd2b12a40ed6b7d40bb34740b5b6728a) Importer(2089858483,b0f066a214c2f5e87bad3c948f4d605d) (ScriptedImporter) -> (artifact id: 'b77ea2cdbf30f2daf7df175ed779a1fc') in 0.0044812 seconds
Number of updated asset objects reloaded before import = 0Number of asset objects unloaded after import = 0

========================================================================
Received Import Request.
  Time since last request: 0.000020 seconds.
  path: Packages/com.unity.shadergraph/Editor/Data/Nodes/FormerNameAttribute.cs
  artifactKey: Guid(ae5b0289aecc42c2b6f5b5b08b80bdd9) Importer(2089858483,b0f066a214c2f5e87bad3c948f4d605d)
Start importing Packages/com.unity.shadergraph/Editor/Data/Nodes/FormerNameAttribute.cs using Guid(ae5b0289aecc42c2b6f5b5b08b80bdd9) Importer(2089858483,b0f066a214c2f5e87bad3c948f4d605d) (ScriptedImporter) -> (artifact id: 'a5677f6ac7bd6cf4abf5a17bb2b87c75') in 0.0045991 seconds
Number of updated asset objects reloaded before import = 0Number of asset objects unloaded after import = 0

========================================================================
Received Import Request.
  Time since last request: 0.000028 seconds.
  path: Packages/com.unity.shadergraph/Editor/Data/Nodes/CodeFunctionNode.cs
  artifactKey: Guid(3ed144f424a684a25971321011ebb096) Importer(2089858483,b0f066a214c2f5e87bad3c948f4d605d)
Start importing Packages/com.unity.shadergraph/Editor/Data/Nodes/CodeFunctionNode.cs using Guid(3ed144f424a684a25971321011ebb096) Importer(2089858483,b0f066a214c2f5e87bad3c948f4d605d) (ScriptedImporter) -> (artifact id: '30ad74feda43d204ae6aeafb90d60975') in 0.0060058 seconds
Number of updated asset objects reloaded before import = 0Number of asset objects unloaded after import = 0

========================================================================
Received Import Request.
  Time since last request: 0.000037 seconds.
  path: Packages/com.unity.shadergraph/Editor/Generation/Descriptors/KernelDescriptor.cs
  artifactKey: Guid(591446816a0b4e5b86e822af5b931bc5) Importer(2089858483,b0f066a214c2f5e87bad3c948f4d605d)
Start importing Packages/com.unity.shadergraph/Editor/Generation/Descriptors/KernelDescriptor.cs using Guid(591446816a0b4e5b86e822af5b931bc5) Importer(2089858483,b0f066a214c2f5e87bad3c948f4d605d) (ScriptedImporter) -> (artifact id: '31517f74793d1b09e4d34c98086680b2') in 0.0196977 seconds
Number of updated asset objects reloaded before import = 0Number of asset objects unloaded after import = 0

========================================================================
Received Import Request.
  Time since last request: 0.000041 seconds.
  path: Packages/com.unity.shadergraph/Editor/Generation/Descriptors/BlockFieldDescriptor.cs
  artifactKey: Guid(82f47029c21684be390696599c52fb76) Importer(2089858483,b0f066a214c2f5e87bad3c948f4d605d)
Start importing Packages/com.unity.shadergraph/Editor/Generation/Descriptors/BlockFieldDescriptor.cs using Guid(82f47029c21684be390696599c52fb76) Importer(2089858483,b0f066a214c2f5e87bad3c948f4d605d) (ScriptedImporter) -> (artifact id: '63223c6a7bd7c37bd3caafc7cd55ef2d') in 0.0088556 seconds
Number of updated asset objects reloaded before import = 0Number of asset objects unloaded after import = 0

========================================================================
Received Import Request.
  Time since last request: 0.000025 seconds.
  path: Packages/com.unity.shadergraph/Editor/Data/Nodes/GeometryNode.cs
  artifactKey: Guid(2e30171d4f8dfdc44beee8926ed3a83e) Importer(2089858483,b0f066a214c2f5e87bad3c948f4d605d)
Start importing Packages/com.unity.shadergraph/Editor/Data/Nodes/GeometryNode.cs using Guid(2e30171d4f8dfdc44beee8926ed3a83e) Importer(2089858483,b0f066a214c2f5e87bad3c948f4d605d) (ScriptedImporter) -> (artifact id: '6c20c021124c13b2f9addd3efe4d2034') in 0.0059829 seconds
Number of updated asset objects reloaded before import = 0Number of asset objects unloaded after import = 0

========================================================================
Received Import Request.
  Time since last request: 0.000040 seconds.
  path: Packages/com.unity.shadergraph/Editor/Generation/Enumerations/ZTest.cs
  artifactKey: Guid(8e20269cb921cc744982d17577ad6fc4) Importer(2089858483,b0f066a214c2f5e87bad3c948f4d605d)
Start importing Packages/com.unity.shadergraph/Editor/Generation/Enumerations/ZTest.cs using Guid(8e20269cb921cc744982d17577ad6fc4) Importer(2089858483,b0f066a214c2f5e87bad3c948f4d605d) (ScriptedImporter) -> (artifact id: 'a3a1e5dcb5b6d48a85ca7a0043907ab3') in 0.0057238 seconds
Number of updated asset objects reloaded before import = 0Number of asset objects unloaded after import = 0

========================================================================
Received Import Request.
  Time since last request: 0.000024 seconds.
  path: Packages/com.unity.shadergraph/Editor/Drawing/Views/GraphEditorView.cs
  artifactKey: Guid(39a37c8d2156b41e182286e521fe51f4) Importer(2089858483,b0f066a214c2f5e87bad3c948f4d605d)
Start importing Packages/com.unity.shadergraph/Editor/Drawing/Views/GraphEditorView.cs using Guid(39a37c8d2156b41e182286e521fe51f4) Importer(2089858483,b0f066a214c2f5e87bad3c948f4d605d) (ScriptedImporter) -> (artifact id: 'bcdfb62742ccb63c39400463bb5843b3') in 0.0058867 seconds
Number of updated asset objects reloaded before import = 0Number of asset objects unloaded after import = 0

========================================================================
Received Import Request.
  Time since last request: 0.000048 seconds.
  path: Packages/com.unity.shadergraph/Editor/Generation/Collections/DefineCollection.cs
  artifactKey: Guid(22d07a5bc43d34f468679d4f73e89485) Importer(2089858483,b0f066a214c2f5e87bad3c948f4d605d)
Start importing Packages/com.unity.shadergraph/Editor/Generation/Collections/DefineCollection.cs using Guid(22d07a5bc43d34f468679d4f73e89485) Importer(2089858483,b0f066a214c2f5e87bad3c948f4d605d) (ScriptedImporter) -> (artifact id: '6551c33db5c26edccce80ed1c8cc3a00') in 0.0120437 seconds
Number of updated asset objects reloaded before import = 0Number of asset objects unloaded after import = 0

========================================================================
Received Import Request.
  Time since last request: 0.000026 seconds.
  path: Packages/com.unity.shadergraph/Editor/Data/Util/PooledList.cs
  artifactKey: Guid(9f3065ccf1f64e219d8039d355a788a1) Importer(2089858483,b0f066a214c2f5e87bad3c948f4d605d)
Start importing Packages/com.unity.shadergraph/Editor/Data/Util/PooledList.cs using Guid(9f3065ccf1f64e219d8039d355a788a1) Importer(2089858483,b0f066a214c2f5e87bad3c948f4d605d) (ScriptedImporter) -> (artifact id: 'cb46c1ce0f07198f5dc2abdedcb9bff5') in 0.0058245 seconds
Number of updated asset objects reloaded before import = 0Number of asset objects unloaded after import = 0

========================================================================
Received Import Request.
  Time since last request: 0.000034 seconds.
  path: Packages/com.unity.shadergraph/Editor/Generation/TargetResources/BlockFields.cs
  artifactKey: Guid(8f2459b0837a8411dbfa2b61fdaca36e) Importer(2089858483,b0f066a214c2f5e87bad3c948f4d605d)
Start importing Packages/com.unity.shadergraph/Editor/Generation/TargetResources/BlockFields.cs using Guid(8f2459b0837a8411dbfa2b61fdaca36e) Importer(2089858483,b0f066a214c2f5e87bad3c948f4d605d) (ScriptedImporter) -> (artifact id: '7adc2887ae645efc62859c0d5acf4b9b') in 0.004117 seconds
Number of updated asset objects reloaded before import = 0Number of asset objects unloaded after import = 0

========================================================================
Received Import Request.
  Time since last request: 0.000038 seconds.
  path: Packages/com.unity.shadergraph/Editor/Drawing/Manipulators/MasterPreviewManipulator.cs
  artifactKey: Guid(f3738117378a2c645ae46e837d3cffe8) Importer(2089858483,b0f066a214c2f5e87bad3c948f4d605d)
Start importing Packages/com.unity.shadergraph/Editor/Drawing/Manipulators/MasterPreviewManipulator.cs using Guid(f3738117378a2c645ae46e837d3cffe8) Importer(2089858483,b0f066a214c2f5e87bad3c948f4d605d) (ScriptedImporter) -> (artifact id: '2d0173fdb702f28d8006ec24361b7ab2') in 0.0070872 seconds
Number of updated asset objects reloaded before import = 0Number of asset objects unloaded after import = 0

========================================================================
Received Import Request.
  Time since last request: 0.000062 seconds.
  path: Packages/com.unity.shadergraph/Editor/Drawing/Controls/ChannelEnumControl.cs
  artifactKey: Guid(74fdde12d8253bd4c874acc555be0585) Importer(2089858483,b0f066a214c2f5e87bad3c948f4d605d)
Start importing Packages/com.unity.shadergraph/Editor/Drawing/Controls/ChannelEnumControl.cs using Guid(74fdde12d8253bd4c874acc555be0585) Importer(2089858483,b0f066a214c2f5e87bad3c948f4d605d) (ScriptedImporter) -> (artifact id: '2520fea5547781277b019b35d0305532') in 0.0046748 seconds
Number of updated asset objects reloaded before import = 0Number of asset objects unloaded after import = 0

========================================================================
Received Import Request.
  Time since last request: 0.000078 seconds.
  path: Packages/com.unity.shadergraph/Editor/Drawing/Inspector/PropertyDrawers/ColorPropertyDrawer.cs
  artifactKey: Guid(4773ec31c0c943a8b8fe7eca5bbe8c16) Importer(2089858483,b0f066a214c2f5e87bad3c948f4d605d)
Start importing Packages/com.unity.shadergraph/Editor/Drawing/Inspector/PropertyDrawers/ColorPropertyDrawer.cs using Guid(4773ec31c0c943a8b8fe7eca5bbe8c16) Importer(2089858483,b0f066a214c2f5e87bad3c948f4d605d) (ScriptedImporter) -> (artifact id: '9b1524c0123e5814e97dce9cab6d62dc') in 0.0052675 seconds
Number of updated asset objects reloaded before import = 0Number of asset objects unloaded after import = 0

========================================================================
Received Import Request.
  Time since last request: 0.000036 seconds.
  path: Packages/com.unity.shadergraph/Editor/Data/Nodes/UV/TriplanarNode.cs
  artifactKey: Guid(2210eee393fa07449a1b51817fdcb679) Importer(2089858483,b0f066a214c2f5e87bad3c948f4d605d)
Start importing Packages/com.unity.shadergraph/Editor/Data/Nodes/UV/TriplanarNode.cs using Guid(2210eee393fa07449a1b51817fdcb679) Importer(2089858483,b0f066a214c2f5e87bad3c948f4d605d) (ScriptedImporter) -> (artifact id: '66914f9f8518d0f23457a7b4e489ed3c') in 0.0049227 seconds
Number of updated asset objects reloaded before import = 0Number of asset objects unloaded after import = 0

========================================================================
Received Import Request.
  Time since last request: 0.000036 seconds.
  path: Packages/com.unity.shadergraph/Editor/Data/Nodes/Utility/SubGraphNode.cs
  artifactKey: Guid(4967c0a2468b2c5438ff10f9f8e84f26) Importer(2089858483,b0f066a214c2f5e87bad3c948f4d605d)
Start importing Packages/com.unity.shadergraph/Editor/Data/Nodes/Utility/SubGraphNode.cs using Guid(4967c0a2468b2c5438ff10f9f8e84f26) Importer(2089858483,b0f066a214c2f5e87bad3c948f4d605d) (ScriptedImporter) -> (artifact id: '1a499ba648e15e5e5de07305def4eb29') in 0.0080299 seconds
Number of updated asset objects reloaded before import = 0Number of asset objects unloaded after import = 0

========================================================================
Received Import Request.
  Time since last request: 0.000057 seconds.
  path: Packages/com.unity.shadergraph/Editor/Data/Nodes/Utility/RedirectNodeData.cs
  artifactKey: Guid(b70493ee47ef82b46be4fe3568b0bb2d) Importer(2089858483,b0f066a214c2f5e87bad3c948f4d605d)
Start importing Packages/com.unity.shadergraph/Editor/Data/Nodes/Utility/RedirectNodeData.cs using Guid(b70493ee47ef82b46be4fe3568b0bb2d) Importer(2089858483,b0f066a214c2f5e87bad3c948f4d605d) (ScriptedImporter) -> (artifact id: '610e347db40abd43e4c5ed8cffc2adda') in 0.0081326 seconds
Number of updated asset objects reloaded before import = 0Number of asset objects unloaded after import = 0

========================================================================
Received Import Request.
  Time since last request: 0.000051 seconds.
  path: Packages/com.unity.shadergraph/Editor/Resources/Icons/blackboard.png
  artifactKey: Guid(954de74b6fa234cfbb474898019e0acf) Importer(2089858483,b0f066a214c2f5e87bad3c948f4d605d)
Start importing Packages/com.unity.shadergraph/Editor/Resources/Icons/blackboard.png using Guid(954de74b6fa234cfbb474898019e0acf) Importer(2089858483,b0f066a214c2f5e87bad3c948f4d605d) (ScriptedImporter) -> (artifact id: 'a0dc9bbf38c2320127fc67f6306cff6c') in 0.0110489 seconds
Number of updated asset objects reloaded before import = 0Number of asset objects unloaded after import = 1

========================================================================
Received Import Request.
  Time since last request: 0.000036 seconds.
  path: Packages/com.unity.shadergraph/GraphTemplates/Subgraphs/Terrain/Height Based Splat Modify.shadersubgraph
  artifactKey: Guid(3b5d8d8dca1de7240983df8e315a8a01) Importer(2089858483,b0f066a214c2f5e87bad3c948f4d605d)
Start importing Packages/com.unity.shadergraph/GraphTemplates/Subgraphs/Terrain/Height Based Splat Modify.shadersubgraph using Guid(3b5d8d8dca1de7240983df8e315a8a01) Importer(2089858483,b0f066a214c2f5e87bad3c948f4d605d) (ScriptedImporter) -> (artifact id: 'aa30c511d4b120986342658703b39672') in 0.0118503 seconds
Number of updated asset objects reloaded before import = 0Number of asset objects unloaded after import = 1

========================================================================
Received Import Request.
  Time since last request: 0.000019 seconds.
  path: Packages/com.unity.shadergraph/Editor/Data/Nodes/Channel/SplitNode.cs
  artifactKey: Guid(892fc353b154d0347854e3bebf1b49e7) Importer(2089858483,b0f066a214c2f5e87bad3c948f4d605d)
Start importing Packages/com.unity.shadergraph/Editor/Data/Nodes/Channel/SplitNode.cs using Guid(892fc353b154d0347854e3bebf1b49e7) Importer(2089858483,b0f066a214c2f5e87bad3c948f4d605d) (ScriptedImporter) -> (artifact id: '5aefa924bf4022338c2aa2c1305dc6d3') in 0.0055721 seconds
Number of updated asset objects reloaded before import = 0Number of asset objects unloaded after import = 0

========================================================================
Received Import Request.
  Time since last request: 0.000023 seconds.
  path: Packages/com.unity.shadergraph/Editor/Resources/Icons/sg_subgraph_icon_gray_dark.png
  artifactKey: Guid(18c6490536702e840b89a326d93a92a1) Importer(2089858483,b0f066a214c2f5e87bad3c948f4d605d)
Start importing Packages/com.unity.shadergraph/Editor/Resources/Icons/sg_subgraph_icon_gray_dark.png using Guid(18c6490536702e840b89a326d93a92a1) Importer(2089858483,b0f066a214c2f5e87bad3c948f4d605d) (ScriptedImporter) -> (artifact id: '96af5966811de8b2241d94ebc8125918') in 0.0117548 seconds
Number of updated asset objects reloaded before import = 0Number of asset objects unloaded after import = 1

========================================================================
Received Import Request.
  Time since last request: 0.000040 seconds.
  path: Packages/com.unity.shadergraph/Editor/Resources/UXML/GraphInspector.uxml
  artifactKey: Guid(dcf0e02f89cf7c848a22002b79ce27d3) Importer(2089858483,b0f066a214c2f5e87bad3c948f4d605d)
Start importing Packages/com.unity.shadergraph/Editor/Resources/UXML/GraphInspector.uxml using Guid(dcf0e02f89cf7c848a22002b79ce27d3) Importer(2089858483,b0f066a214c2f5e87bad3c948f4d605d) (ScriptedImporter) -> (artifact id: '01c05eab4ab4a6d45c316172efd32e65') in 0.0773695 seconds
Number of updated asset objects reloaded before import = 0Number of asset objects unloaded after import = 2

========================================================================
Received Import Request.
  Time since last request: 0.000045 seconds.
  path: Packages/com.unity.shadergraph/Editor/Data/Nodes/Utility/DropdownNode.cs
  artifactKey: Guid(ec74026c92381d24bbc45e040822e702) Importer(2089858483,b0f066a214c2f5e87bad3c948f4d605d)
Start importing Packages/com.unity.shadergraph/Editor/Data/Nodes/Utility/DropdownNode.cs using Guid(ec74026c92381d24bbc45e040822e702) Importer(2089858483,b0f066a214c2f5e87bad3c948f4d605d) (ScriptedImporter) -> (artifact id: '0c9f2a58a37565fb199d7624a56f4b95') in 0.0067405 seconds
Number of updated asset objects reloaded before import = 0Number of asset objects unloaded after import = 0

========================================================================
Received Import Request.
  Time since last request: 0.000023 seconds.
  path: Packages/com.unity.shadergraph/Editor/Data/Nodes/MeshDeformation/LinearBlendSkinningNode.cs
  artifactKey: Guid(f0e25259c308af440a82e1a5e66acf40) Importer(2089858483,b0f066a214c2f5e87bad3c948f4d605d)
Start importing Packages/com.unity.shadergraph/Editor/Data/Nodes/MeshDeformation/LinearBlendSkinningNode.cs using Guid(f0e25259c308af440a82e1a5e66acf40) Importer(2089858483,b0f066a214c2f5e87bad3c948f4d605d) (ScriptedImporter) -> (artifact id: '4b584c203c6fbbb2bdada7bec139d64c') in 0.0059759 seconds
Number of updated asset objects reloaded before import = 0Number of asset objects unloaded after import = 0

========================================================================
Received Import Request.
  Time since last request: 0.000033 seconds.
  path: Packages/com.unity.shadergraph/Editor/Resources/Icons/blackboard_dark.png
  artifactKey: Guid(2162b791346804a7792168e6fc526ced) Importer(2089858483,b0f066a214c2f5e87bad3c948f4d605d)
Start importing Packages/com.unity.shadergraph/Editor/Resources/Icons/blackboard_dark.png using Guid(2162b791346804a7792168e6fc526ced) Importer(2089858483,b0f066a214c2f5e87bad3c948f4d605d) (ScriptedImporter) -> (artifact id: '3f26bec6e2ac10115e840c385c90ca80') in 0.0092274 seconds
Number of updated asset objects reloaded before import = 0Number of asset objects unloaded after import = 1

========================================================================
Received Import Request.
  Time since last request: 0.000023 seconds.
  path: Packages/com.unity.shadergraph/Editor/Resources/UXML/NodeSettings.uxml
  artifactKey: Guid(b70651993c98eda43810c32b7416a21b) Importer(2089858483,b0f066a214c2f5e87bad3c948f4d605d)
Start importing Packages/com.unity.shadergraph/Editor/Resources/UXML/NodeSettings.uxml using Guid(b70651993c98eda43810c32b7416a21b) Importer(2089858483,b0f066a214c2f5e87bad3c948f4d605d) (ScriptedImporter) -> (artifact id: '52d187a536b650c3e00c3a9ef9e285b4') in 0.0107395 seconds
Number of updated asset objects reloaded before import = 0Number of asset objects unloaded after import = 2

========================================================================
Received Import Request.
  Time since last request: 0.000038 seconds.
  path: Packages/com.unity.shadergraph/Editor/Resources/UXML/PixelCacheProfiler.uxml
  artifactKey: Guid(0fda1aff5a5744478f70542e95fd3d42) Importer(2089858483,b0f066a214c2f5e87bad3c948f4d605d)
Start importing Packages/com.unity.shadergraph/Editor/Resources/UXML/PixelCacheProfiler.uxml using Guid(0fda1aff5a5744478f70542e95fd3d42) Importer(2089858483,b0f066a214c2f5e87bad3c948f4d605d) (ScriptedImporter) -> (artifact id: '83ef981edf6282e4aae6df7237822a33') in 0.0121995 seconds
Number of updated asset objects reloaded before import = 0Number of asset objects unloaded after import = 2

========================================================================
Received Import Request.
  Time since last request: 0.000020 seconds.
  path: Packages/com.unity.shadergraph/Tests/Editor/UnitTests/FixedSlotTests.cs
  artifactKey: Guid(3fe1a12f346cde14f8ec5d42b2e4b70f) Importer(2089858483,b0f066a214c2f5e87bad3c948f4d605d)
Start importing Packages/com.unity.shadergraph/Tests/Editor/UnitTests/FixedSlotTests.cs using Guid(3fe1a12f346cde14f8ec5d42b2e4b70f) Importer(2089858483,b0f066a214c2f5e87bad3c948f4d605d) (ScriptedImporter) -> (artifact id: '4bcb1c2e7bb2f9d4acb76dbe800d0ec6') in 0.005069 seconds
Number of updated asset objects reloaded before import = 0Number of asset objects unloaded after import = 0

========================================================================
Received Import Request.
  Time since last request: 0.000076 seconds.
  path: Packages/com.unity.shadergraph/Tests/Editor/UnitTests/TargetTests.cs
  artifactKey: Guid(9cdf9b27fb081f64083b826f20e8b6fb) Importer(2089858483,b0f066a214c2f5e87bad3c948f4d605d)
Start importing Packages/com.unity.shadergraph/Tests/Editor/UnitTests/TargetTests.cs using Guid(9cdf9b27fb081f64083b826f20e8b6fb) Importer(2089858483,b0f066a214c2f5e87bad3c948f4d605d) (ScriptedImporter) -> (artifact id: 'eeaca9453c83bd846d447100849b2b5e') in 0.0059865 seconds
Number of updated asset objects reloaded before import = 0Number of asset objects unloaded after import = 0

========================================================================
Received Import Request.
  Time since last request: 0.000020 seconds.
  path: Packages/com.unity.shadergraph/GraphTemplates/Subgraphs/Terrain/Blend Layers Add.shadersubgraph
  artifactKey: Guid(b893f303ffd21324988969130704e4bc) Importer(2089858483,b0f066a214c2f5e87bad3c948f4d605d)
Start importing Packages/com.unity.shadergraph/GraphTemplates/Subgraphs/Terrain/Blend Layers Add.shadersubgraph using Guid(b893f303ffd21324988969130704e4bc) Importer(2089858483,b0f066a214c2f5e87bad3c948f4d605d) (ScriptedImporter) -> (artifact id: 'c02d78efecbcbdd3f59ece62ad76f47c') in 0.012385 seconds
Number of updated asset objects reloaded before import = 0Number of asset objects unloaded after import = 1

========================================================================
Received Import Request.
  Time since last request: 0.000053 seconds.
  path: Packages/com.unity.shadergraph/Editor/Resources/Icons/sg_subgraph_icon_gray_light.png
  artifactKey: Guid(82b6560ff26e58d48aa33e2869ad14e4) Importer(2089858483,b0f066a214c2f5e87bad3c948f4d605d)
Start importing Packages/com.unity.shadergraph/Editor/Resources/Icons/sg_subgraph_icon_gray_light.png using Guid(82b6560ff26e58d48aa33e2869ad14e4) Importer(2089858483,b0f066a214c2f5e87bad3c948f4d605d) (ScriptedImporter) -> (artifact id: 'ece4cb9d35ab0bb513876b2bda94c7e9') in 0.0105579 seconds
Number of updated asset objects reloaded before import = 0Number of asset objects unloaded after import = 1

========================================================================
Received Import Request.
  Time since last request: 0.000041 seconds.
  path: Packages/com.unity.shadergraph/Tests/Editor/IntegrationTests/SerializationTests.cs
  artifactKey: Guid(0dd57d4b408ec4c4580937b45862efbb) Importer(2089858483,b0f066a214c2f5e87bad3c948f4d605d)
Start importing Packages/com.unity.shadergraph/Tests/Editor/IntegrationTests/SerializationTests.cs using Guid(0dd57d4b408ec4c4580937b45862efbb) Importer(2089858483,b0f066a214c2f5e87bad3c948f4d605d) (ScriptedImporter) -> (artifact id: '6183934f499f7172e0eb143224554872') in 0.0082533 seconds
Number of updated asset objects reloaded before import = 0Number of asset objects unloaded after import = 0

========================================================================
Received Import Request.
  Time since last request: 0.000019 seconds.
  path: Packages/com.unity.shadergraph/Editor/Data/Nodes/UV/PolarCoordinatesNode.cs
  artifactKey: Guid(254f958f2febf5e42811f813c866bb2e) Importer(2089858483,b0f066a214c2f5e87bad3c948f4d605d)
Start importing Packages/com.unity.shadergraph/Editor/Data/Nodes/UV/PolarCoordinatesNode.cs using Guid(254f958f2febf5e42811f813c866bb2e) Importer(2089858483,b0f066a214c2f5e87bad3c948f4d605d) (ScriptedImporter) -> (artifact id: 'f2c9fd99af06ae32fc5726baa8a121d2') in 0.0048618 seconds
Number of updated asset objects reloaded before import = 0Number of asset objects unloaded after import = 0

========================================================================
Received Import Request.
  Time since last request: 0.000026 seconds.
  path: Packages/com.unity.shadergraph/Editor/Data/Nodes/UI/IsForcedGammaNode.cs
  artifactKey: Guid(1b7813ff9ac575f4d993f1b44f854eab) Importer(2089858483,b0f066a214c2f5e87bad3c948f4d605d)
Start importing Packages/com.unity.shadergraph/Editor/Data/Nodes/UI/IsForcedGammaNode.cs using Guid(1b7813ff9ac575f4d993f1b44f854eab) Importer(2089858483,b0f066a214c2f5e87bad3c948f4d605d) (ScriptedImporter) -> (artifact id: 'e377034b5251b1b013a8f1c408d482ba') in 0.005336 seconds
Number of updated asset objects reloaded before import = 0Number of asset objects unloaded after import = 0

========================================================================
Received Import Request.
  Time since last request: 0.000081 seconds.
  path: Packages/com.unity.shadergraph/Editor/Resources/Icons/sg_graph_icon_gray_light.png
  artifactKey: Guid(7d62654fc399cc349a1ed7e0eab44ff0) Importer(2089858483,b0f066a214c2f5e87bad3c948f4d605d)
Start importing Packages/com.unity.shadergraph/Editor/Resources/Icons/sg_graph_icon_gray_light.png using Guid(7d62654fc399cc349a1ed7e0eab44ff0) Importer(2089858483,b0f066a214c2f5e87bad3c948f4d605d) (ScriptedImporter) -> (artifact id: 'e7498a1012d3198dc832b51eb084fbdf') in 0.0103025 seconds
Number of updated asset objects reloaded before import = 0Number of asset objects unloaded after import = 1

========================================================================
Received Import Request.
  Time since last request: 0.000020 seconds.
  path: Packages/com.unity.shadergraph/Editor/Resources/Icons/settings_button.png
  artifactKey: Guid(3140f217cba5a6f4ca8d41675ac44819) Importer(2089858483,b0f066a214c2f5e87bad3c948f4d605d)
Start importing Packages/com.unity.shadergraph/Editor/Resources/Icons/settings_button.png using Guid(3140f217cba5a6f4ca8d41675ac44819) Importer(2089858483,b0f066a214c2f5e87bad3c948f4d605d) (ScriptedImporter) -> (artifact id: 'c512e83b7f02f5e38cfcb398c9c60daf') in 0.008844 seconds
Number of updated asset objects reloaded before import = 0Number of asset objects unloaded after import = 1

========================================================================
Received Import Request.
  Time since last request: 0.000030 seconds.
  path: Packages/com.unity.shadergraph/Editor/Generation/Collections/KernelCollection.cs
  artifactKey: Guid(512cdb06fe8f484eb470277bc28f0a3c) Importer(2089858483,b0f066a214c2f5e87bad3c948f4d605d)
Start importing Packages/com.unity.shadergraph/Editor/Generation/Collections/KernelCollection.cs using Guid(512cdb06fe8f484eb470277bc28f0a3c) Importer(2089858483,b0f066a214c2f5e87bad3c948f4d605d) (ScriptedImporter) -> (artifact id: '12eea630df862652ebb9fa836b89ba7e') in 0.0050938 seconds
Number of updated asset objects reloaded before import = 0Number of asset objects unloaded after import = 0

========================================================================
Received Import Request.
  Time since last request: 0.000031 seconds.
  path: Packages/com.unity.shadergraph/Editor/Data/Nodes/SlotValue.cs
  artifactKey: Guid(226fc3c1379acec4b921a0ac0f986089) Importer(2089858483,b0f066a214c2f5e87bad3c948f4d605d)
Start importing Packages/com.unity.shadergraph/Editor/Data/Nodes/SlotValue.cs using Guid(226fc3c1379acec4b921a0ac0f986089) Importer(2089858483,b0f066a214c2f5e87bad3c948f4d605d) (ScriptedImporter) -> (artifact id: '12d2c4d4b4d2f2ec2bf2b270acee332b') in 0.0043712 seconds
Number of updated asset objects reloaded before import = 0Number of asset objects unloaded after import = 0

========================================================================
Received Import Request.
  Time since last request: 0.000043 seconds.
  path: Packages/com.unity.shadergraph/Editor/Data/Nodes/FunctionMultiInput.cs
  artifactKey: Guid(323a0eb1930dff241b4547716c8eb21f) Importer(2089858483,b0f066a214c2f5e87bad3c948f4d605d)
Start importing Packages/com.unity.shadergraph/Editor/Data/Nodes/FunctionMultiInput.cs using Guid(323a0eb1930dff241b4547716c8eb21f) Importer(2089858483,b0f066a214c2f5e87bad3c948f4d605d) (ScriptedImporter) -> (artifact id: '893fd6737a82a76d702f7948ad014d27') in 0.0048289 seconds
Number of updated asset objects reloaded before import = 0Number of asset objects unloaded after import = 0

========================================================================
Received Import Request.
  Time since last request: 0.000024 seconds.
  path: Packages/com.unity.shadergraph/Editor/Resources/Icons/settingsbutton.png
  artifactKey: Guid(c881a10bb6578f04ba6d52f6c3f0c9d6) Importer(2089858483,b0f066a214c2f5e87bad3c948f4d605d)
Start importing Packages/com.unity.shadergraph/Editor/Resources/Icons/settingsbutton.png using Guid(c881a10bb6578f04ba6d52f6c3f0c9d6) Importer(2089858483,b0f066a214c2f5e87bad3c948f4d605d) (ScriptedImporter) -> (artifact id: '535236218e82b0981f1ef186ac10bb3c') in 0.0093737 seconds
Number of updated asset objects reloaded before import = 0Number of asset objects unloaded after import = 1

========================================================================
Received Import Request.
  Time since last request: 0.000034 seconds.
  path: Packages/com.unity.shadergraph/Editor/Drawing/Colors/CategoryColors.cs
  artifactKey: Guid(93e3298dd3de748f18fe0a2c486c15f5) Importer(2089858483,b0f066a214c2f5e87bad3c948f4d605d)
Start importing Packages/com.unity.shadergraph/Editor/Drawing/Colors/CategoryColors.cs using Guid(93e3298dd3de748f18fe0a2c486c15f5) Importer(2089858483,b0f066a214c2f5e87bad3c948f4d605d) (ScriptedImporter) -> (artifact id: '0f114fbd18e8f568e666ea1be7193e6a') in 0.0051131 seconds
Number of updated asset objects reloaded before import = 0Number of asset objects unloaded after import = 0

========================================================================
Received Import Request.
  Time since last request: 0.000020 seconds.
  path: Packages/com.unity.shadergraph/Editor/Data/Nodes/Input/Matrix/Matrix4Node.cs
  artifactKey: Guid(d3889ae2c6ffabd40a2ee45f5b051d3b) Importer(2089858483,b0f066a214c2f5e87bad3c948f4d605d)
Start importing Packages/com.unity.shadergraph/Editor/Data/Nodes/Input/Matrix/Matrix4Node.cs using Guid(d3889ae2c6ffabd40a2ee45f5b051d3b) Importer(2089858483,b0f066a214c2f5e87bad3c948f4d605d) (ScriptedImporter) -> (artifact id: 'e01757c4e9cfff38e38aee5dfee28f09') in 0.004364 seconds
Number of updated asset objects reloaded before import = 0Number of asset objects unloaded after import = 0

========================================================================
Received Import Request.
  Time since last request: 0.000092 seconds.
  path: Packages/com.unity.shadergraph/Editor/Resources/Styles/Controls/GradientSlotControlView.uss
  artifactKey: Guid(76dc05b36584d4d0085b786ca1b29fe3) Importer(2089858483,b0f066a214c2f5e87bad3c948f4d605d)
Start importing Packages/com.unity.shadergraph/Editor/Resources/Styles/Controls/GradientSlotControlView.uss using Guid(76dc05b36584d4d0085b786ca1b29fe3) Importer(2089858483,b0f066a214c2f5e87bad3c948f4d605d) (ScriptedImporter) -> (artifact id: 'a12f60d9601f4aba94a857a940fef38f') in 0.0062502 seconds
Number of updated asset objects reloaded before import = 0Number of asset objects unloaded after import = 1

========================================================================
Received Import Request.
  Time since last request: 0.000026 seconds.
  path: Packages/com.unity.shadergraph/Editor/Data/Nodes/Input/Basic/IntegerNode.cs
  artifactKey: Guid(e449bdf3b245898489ebab4f709ded62) Importer(2089858483,b0f066a214c2f5e87bad3c948f4d605d)
Start importing Packages/com.unity.shadergraph/Editor/Data/Nodes/Input/Basic/IntegerNode.cs using Guid(e449bdf3b245898489ebab4f709ded62) Importer(2089858483,b0f066a214c2f5e87bad3c948f4d605d) (ScriptedImporter) -> (artifact id: 'cbea7673213e8a8cbc45d4a51335841e') in 0.0048245 seconds
Number of updated asset objects reloaded before import = 0Number of asset objects unloaded after import = 0

========================================================================
Received Import Request.
  Time since last request: 0.000029 seconds.
  path: Packages/com.unity.shadergraph/Editor/Data/Nodes/Procedural/Shape/RectangleNode.cs
  artifactKey: Guid(0f23589566e318c408af431d95bb492c) Importer(2089858483,b0f066a214c2f5e87bad3c948f4d605d)
Start importing Packages/com.unity.shadergraph/Editor/Data/Nodes/Procedural/Shape/RectangleNode.cs using Guid(0f23589566e318c408af431d95bb492c) Importer(2089858483,b0f066a214c2f5e87bad3c948f4d605d) (ScriptedImporter) -> (artifact id: '0f7175e8272cb9d2ef63fcaef18aee7d') in 0.0059236 seconds
Number of updated asset objects reloaded before import = 0Number of asset objects unloaded after import = 0

========================================================================
Received Import Request.
  Time since last request: 0.000034 seconds.
  path: Packages/com.unity.shadergraph/Editor/Data/Nodes/Math/Advanced/LogNode.cs
  artifactKey: Guid(a8880ad54646f8b469de662f4f0785c9) Importer(2089858483,b0f066a214c2f5e87bad3c948f4d605d)
Start importing Packages/com.unity.shadergraph/Editor/Data/Nodes/Math/Advanced/LogNode.cs using Guid(a8880ad54646f8b469de662f4f0785c9) Importer(2089858483,b0f066a214c2f5e87bad3c948f4d605d) (ScriptedImporter) -> (artifact id: '16698c862aacffe59311c0d84ee4e198') in 0.007735 seconds
Number of updated asset objects reloaded before import = 0Number of asset objects unloaded after import = 0

========================================================================
Received Import Request.
  Time since last request: 0.000035 seconds.
  path: Packages/com.unity.shadergraph/Editor/Data/Nodes/Math/Matrix/MatrixSplitNode.cs
  artifactKey: Guid(03599e40507c24caba0dd9b596f3b5dc) Importer(2089858483,b0f066a214c2f5e87bad3c948f4d605d)
Start importing Packages/com.unity.shadergraph/Editor/Data/Nodes/Math/Matrix/MatrixSplitNode.cs using Guid(03599e40507c24caba0dd9b596f3b5dc) Importer(2089858483,b0f066a214c2f5e87bad3c948f4d605d) (ScriptedImporter) -> (artifact id: '4909bda9c25f8854bd0c1221b8cb4cf5') in 0.0098545 seconds
Number of updated asset objects reloaded before import = 0Number of asset objects unloaded after import = 0

========================================================================
Received Import Request.
  Time since last request: 0.000026 seconds.
  path: Packages/com.unity.shadergraph/Editor/Data/Nodes/Math/Trigonometry/ArccosineNode.cs
  artifactKey: Guid(455566eec6487b04e92c32110f05073a) Importer(2089858483,b0f066a214c2f5e87bad3c948f4d605d)
Start importing Packages/com.unity.shadergraph/Editor/Data/Nodes/Math/Trigonometry/ArccosineNode.cs using Guid(455566eec6487b04e92c32110f05073a) Importer(2089858483,b0f066a214c2f5e87bad3c948f4d605d) (ScriptedImporter) -> (artifact id: 'a0cb5d613897d5c050c43dae7de5fe27') in 0.0068498 seconds
Number of updated asset objects reloaded before import = 0Number of asset objects unloaded after import = 0

========================================================================
Received Import Request.
  Time since last request: 0.000034 seconds.
  path: Packages/com.unity.shadergraph/Editor/Data/Nodes/Math/Round/CeilingNode.cs
  artifactKey: Guid(ab2601bf38a580a46945e707fecb7943) Importer(2089858483,b0f066a214c2f5e87bad3c948f4d605d)
Start importing Packages/com.unity.shadergraph/Editor/Data/Nodes/Math/Round/CeilingNode.cs using Guid(ab2601bf38a580a46945e707fecb7943) Importer(2089858483,b0f066a214c2f5e87bad3c948f4d605d) (ScriptedImporter) -> (artifact id: 'b6549cd2c4f0614d3852879cc59d1020') in 0.006443 seconds
Number of updated asset objects reloaded before import = 0Number of asset objects unloaded after import = 0

========================================================================
Received Import Request.
  Time since last request: 0.000027 seconds.
  path: Packages/com.unity.shadergraph/Editor/Data/Nodes/Math/Range/MaximumNode.cs
  artifactKey: Guid(1de46e012f3608843978529b36704c2b) Importer(2089858483,b0f066a214c2f5e87bad3c948f4d605d)
Start importing Packages/com.unity.shadergraph/Editor/Data/Nodes/Math/Range/MaximumNode.cs using Guid(1de46e012f3608843978529b36704c2b) Importer(2089858483,b0f066a214c2f5e87bad3c948f4d605d) (ScriptedImporter) -> (artifact id: 'de049f84139cb5215c861ede3e45348b') in 0.0078729 seconds
Number of updated asset objects reloaded before import = 0Number of asset objects unloaded after import = 0

========================================================================
Received Import Request.
  Time since last request: 0.000029 seconds.
  path: Packages/com.unity.shadergraph/Editor/Generation/Targets/Fullscreen/FullscreenSubTarget.cs
  artifactKey: Guid(1cfc804c75474e144be5d4158b9522ed) Importer(2089858483,b0f066a214c2f5e87bad3c948f4d605d)
Start importing Packages/com.unity.shadergraph/Editor/Generation/Targets/Fullscreen/FullscreenSubTarget.cs using Guid(1cfc804c75474e144be5d4158b9522ed) Importer(2089858483,b0f066a214c2f5e87bad3c948f4d605d) (ScriptedImporter) -> (artifact id: '9ae5eeb957a3551af339c3c100d832b4') in 0.0062472 seconds
Number of updated asset objects reloaded before import = 0Number of asset objects unloaded after import = 0

========================================================================
Received Import Request.
  Time since last request: 0.000024 seconds.
  path: Packages/com.unity.shadergraph/Editor/Drawing/Inspector/PropertyDrawers/Texture2DArrayPropertyDrawer.cs
  artifactKey: Guid(2d40dca50e4f4bd2ad13b8d9b7cf0242) Importer(2089858483,b0f066a214c2f5e87bad3c948f4d605d)
Start importing Packages/com.unity.shadergraph/Editor/Drawing/Inspector/PropertyDrawers/Texture2DArrayPropertyDrawer.cs using Guid(2d40dca50e4f4bd2ad13b8d9b7cf0242) Importer(2089858483,b0f066a214c2f5e87bad3c948f4d605d) (ScriptedImporter) -> (artifact id: '20bae2325c23bc0388d114503de37f86') in 0.0064369 seconds
Number of updated asset objects reloaded before import = 0Number of asset objects unloaded after import = 0

========================================================================
Received Import Request.
  Time since last request: 0.000021 seconds.
  path: Packages/com.unity.shadergraph/Editor/Data/Nodes/Utility/Logic/AllNode.cs
  artifactKey: Guid(aa03a542537ab4fb4a01a004efa97f58) Importer(2089858483,b0f066a214c2f5e87bad3c948f4d605d)
Start importing Packages/com.unity.shadergraph/Editor/Data/Nodes/Utility/Logic/AllNode.cs using Guid(aa03a542537ab4fb4a01a004efa97f58) Importer(2089858483,b0f066a214c2f5e87bad3c948f4d605d) (ScriptedImporter) -> (artifact id: '49ff94f7c7cfe2c8e7965ea0bb345dfa') in 0.0050813 seconds
Number of updated asset objects reloaded before import = 0Number of asset objects unloaded after import = 0

========================================================================
Received Import Request.
  Time since last request: 0.000022 seconds.
  path: Packages/com.unity.shadergraph/Editor/Data/Nodes/Utility/Logic/BranchOnInputConnection.cs
  artifactKey: Guid(be7845eb62257564492a5c3ba1d0d181) Importer(2089858483,b0f066a214c2f5e87bad3c948f4d605d)
Start importing Packages/com.unity.shadergraph/Editor/Data/Nodes/Utility/Logic/BranchOnInputConnection.cs using Guid(be7845eb62257564492a5c3ba1d0d181) Importer(2089858483,b0f066a214c2f5e87bad3c948f4d605d) (ScriptedImporter) -> (artifact id: '40b820c0de52741a2dca1a67bbfc2584') in 0.004676 seconds
Number of updated asset objects reloaded before import = 0Number of asset objects unloaded after import = 0

========================================================================
Received Import Request.
  Time since last request: 0.000038 seconds.
  path: Packages/com.unity.shadergraph/Editor/Data/Nodes/Math/Derivative/DDXYNode.cs
  artifactKey: Guid(c18b14d941c03eb4d90c30f51c1d4fe1) Importer(2089858483,b0f066a214c2f5e87bad3c948f4d605d)
Start importing Packages/com.unity.shadergraph/Editor/Data/Nodes/Math/Derivative/DDXYNode.cs using Guid(c18b14d941c03eb4d90c30f51c1d4fe1) Importer(2089858483,b0f066a214c2f5e87bad3c948f4d605d) (ScriptedImporter) -> (artifact id: 'e827b2367f8ed392a649a505a1e4b210') in 0.0062252 seconds
Number of updated asset objects reloaded before import = 0Number of asset objects unloaded after import = 0

========================================================================
Received Import Request.
  Time since last request: 0.000024 seconds.
  path: Packages/com.unity.shadergraph/Editor/Data/Nodes/Utility/Logic/BranchNode.cs
  artifactKey: Guid(15ad3dc0ff22d7748af5e82ef5503d32) Importer(2089858483,b0f066a214c2f5e87bad3c948f4d605d)
Start importing Packages/com.unity.shadergraph/Editor/Data/Nodes/Utility/Logic/BranchNode.cs using Guid(15ad3dc0ff22d7748af5e82ef5503d32) Importer(2089858483,b0f066a214c2f5e87bad3c948f4d605d) (ScriptedImporter) -> (artifact id: '776722cfb6041064a67e043bb357a0a9') in 0.0049535 seconds
Number of updated asset objects reloaded before import = 0Number of asset objects unloaded after import = 0

========================================================================
Received Import Request.
  Time since last request: 0.000037 seconds.
  path: Packages/com.unity.shadergraph/Editor/Generation/Targets/CustomRenderTexture/CustomTexture.hlsl
  artifactKey: Guid(8f43a880cf1819049aa196a7696ee562) Importer(2089858483,b0f066a214c2f5e87bad3c948f4d605d)
Start importing Packages/com.unity.shadergraph/Editor/Generation/Targets/CustomRenderTexture/CustomTexture.hlsl using Guid(8f43a880cf1819049aa196a7696ee562) Importer(2089858483,b0f066a214c2f5e87bad3c948f4d605d) (ScriptedImporter) -> (artifact id: '035dc0f2d4366d4e8aaea05d08185d47') in 0.0055663 seconds
Number of updated asset objects reloaded before import = 0Number of asset objects unloaded after import = 1

========================================================================
Received Import Request.
  Time since last request: 0.000028 seconds.
  path: Packages/com.unity.shadergraph/Editor/Data/Nodes/Math/Vector/ReflectionNode.cs
  artifactKey: Guid(6af2205640e32994db6fd7de8aebf1de) Importer(2089858483,b0f066a214c2f5e87bad3c948f4d605d)
Start importing Packages/com.unity.shadergraph/Editor/Data/Nodes/Math/Vector/ReflectionNode.cs using Guid(6af2205640e32994db6fd7de8aebf1de) Importer(2089858483,b0f066a214c2f5e87bad3c948f4d605d) (ScriptedImporter) -> (artifact id: '8662f55a6e4cc4f954d81a5482467e60') in 0.0052172 seconds
Number of updated asset objects reloaded before import = 0Number of asset objects unloaded after import = 0

========================================================================
Received Import Request.
  Time since last request: 0.000030 seconds.
  path: Packages/com.unity.shadergraph/Editor/Data/Nodes/Math/Wave/SquareWaveNode.cs
  artifactKey: Guid(0f19d607a01d3694e84c04c8eab68f9a) Importer(2089858483,b0f066a214c2f5e87bad3c948f4d605d)
Start importing Packages/com.unity.shadergraph/Editor/Data/Nodes/Math/Wave/SquareWaveNode.cs using Guid(0f19d607a01d3694e84c04c8eab68f9a) Importer(2089858483,b0f066a214c2f5e87bad3c948f4d605d) (ScriptedImporter) -> (artifact id: '19cec9caba3a5016635339afe5708d2b') in 0.0063432 seconds
Number of updated asset objects reloaded before import = 0Number of asset objects unloaded after import = 0

========================================================================
Received Import Request.
  Time since last request: 0.000026 seconds.
  path: Packages/com.unity.shadergraph/Editor/Data/Nodes/Math/Vector/DistanceNode.cs
  artifactKey: Guid(ec570279ba6e0734b9cd4c293a08b9fd) Importer(2089858483,b0f066a214c2f5e87bad3c948f4d605d)
Start importing Packages/com.unity.shadergraph/Editor/Data/Nodes/Math/Vector/DistanceNode.cs using Guid(ec570279ba6e0734b9cd4c293a08b9fd) Importer(2089858483,b0f066a214c2f5e87bad3c948f4d605d) (ScriptedImporter) -> (artifact id: 'bd06ed3f9c5fb3542605c8d0ccaa96c7') in 0.0050486 seconds
Number of updated asset objects reloaded before import = 0Number of asset objects unloaded after import = 0

========================================================================
Received Import Request.
  Time since last request: 0.000030 seconds.
  path: Packages/com.unity.shadergraph/Editor/Data/Nodes/Input/Texture/TexelSizeNode.cs
  artifactKey: Guid(ab454fbbbc9f31d4083c178cf885c672) Importer(2089858483,b0f066a214c2f5e87bad3c948f4d605d)
Start importing Packages/com.unity.shadergraph/Editor/Data/Nodes/Input/Texture/TexelSizeNode.cs using Guid(ab454fbbbc9f31d4083c178cf885c672) Importer(2089858483,b0f066a214c2f5e87bad3c948f4d605d) (ScriptedImporter) -> (artifact id: '1e74c8f989dea3c69de63c3dde68ba4a') in 0.0055038 seconds
Number of updated asset objects reloaded before import = 0Number of asset objects unloaded after import = 0

========================================================================
Received Import Request.
  Time since last request: 0.000039 seconds.
  path: Packages/com.unity.shadergraph/Editor/Data/Nodes/Utility/Logic/AndNode.cs
  artifactKey: Guid(34929a6d0bb40407fb00206ab0a10fa1) Importer(2089858483,b0f066a214c2f5e87bad3c948f4d605d)
Start importing Packages/com.unity.shadergraph/Editor/Data/Nodes/Utility/Logic/AndNode.cs using Guid(34929a6d0bb40407fb00206ab0a10fa1) Importer(2089858483,b0f066a214c2f5e87bad3c948f4d605d) (ScriptedImporter) -> (artifact id: 'b45a6230f5250c8b4fba63861d45c871') in 0.0076971 seconds
Number of updated asset objects reloaded before import = 0Number of asset objects unloaded after import = 0

========================================================================
Received Import Request.
  Time since last request: 0.000041 seconds.
  path: Packages/com.unity.shadergraph/Editor/Data/Nodes/Math/Basic/MultiplyNode.cs
  artifactKey: Guid(088fb5bde3ece0f4190136b3ab43f7c4) Importer(2089858483,b0f066a214c2f5e87bad3c948f4d605d)
Start importing Packages/com.unity.shadergraph/Editor/Data/Nodes/Math/Basic/MultiplyNode.cs using Guid(088fb5bde3ece0f4190136b3ab43f7c4) Importer(2089858483,b0f066a214c2f5e87bad3c948f4d605d) (ScriptedImporter) -> (artifact id: 'f9362b5edfaa840cd2883121fc8e13ad') in 0.0069328 seconds
Number of updated asset objects reloaded before import = 0Number of asset objects unloaded after import = 0

========================================================================
Received Import Request.
  Time since last request: 0.000027 seconds.
  path: Packages/com.unity.shadergraph/Editor/Data/Nodes/Math/Advanced/ReciprocalSquareRootNode.cs
  artifactKey: Guid(d67c532974f20f74ca83c79573c45a61) Importer(2089858483,b0f066a214c2f5e87bad3c948f4d605d)
Start importing Packages/com.unity.shadergraph/Editor/Data/Nodes/Math/Advanced/ReciprocalSquareRootNode.cs using Guid(d67c532974f20f74ca83c79573c45a61) Importer(2089858483,b0f066a214c2f5e87bad3c948f4d605d) (ScriptedImporter) -> (artifact id: 'd6751cc6fe6900b1d337851c8670ab2b') in 0.0063369 seconds
Number of updated asset objects reloaded before import = 0Number of asset objects unloaded after import = 0

========================================================================
Received Import Request.
  Time since last request: 0.000030 seconds.
  path: Packages/com.unity.shadergraph/Editor/Resources/Styles/Controls/ToggleControlView.uss
  artifactKey: Guid(8a80fd0ae214be84187160e65df52a8c) Importer(2089858483,b0f066a214c2f5e87bad3c948f4d605d)
Start importing Packages/com.unity.shadergraph/Editor/Resources/Styles/Controls/ToggleControlView.uss using Guid(8a80fd0ae214be84187160e65df52a8c) Importer(2089858483,b0f066a214c2f5e87bad3c948f4d605d) (ScriptedImporter) -> (artifact id: '80f01fc45de70e53e04b1586fff88961') in 0.0102333 seconds
Number of updated asset objects reloaded before import = 0Number of asset objects unloaded after import = 1

========================================================================
Received Import Request.
  Time since last request: 0.000023 seconds.
  path: Packages/com.unity.shadergraph/Editor/Data/Nodes/Math/Trigonometry/DegreesToRadiansNode.cs
  artifactKey: Guid(30f44257fb54ebf48908aef7ecc9b285) Importer(2089858483,b0f066a214c2f5e87bad3c948f4d605d)
Start importing Packages/com.unity.shadergraph/Editor/Data/Nodes/Math/Trigonometry/DegreesToRadiansNode.cs using Guid(30f44257fb54ebf48908aef7ecc9b285) Importer(2089858483,b0f066a214c2f5e87bad3c948f4d605d) (ScriptedImporter) -> (artifact id: '0eeb1ce9b5bb1d99eaff3267a8151b7e') in 0.0087447 seconds
Number of updated asset objects reloaded before import = 0Number of asset objects unloaded after import = 0

========================================================================
Received Import Request.
  Time since last request: 0.000036 seconds.
  path: Packages/com.unity.shadergraph/Editor/Drawing/Inspector/PropertyDrawers/TransformNodePropertyDrawer.cs
  artifactKey: Guid(83fc180327d27574e82b361da1ea2d11) Importer(2089858483,b0f066a214c2f5e87bad3c948f4d605d)
Start importing Packages/com.unity.shadergraph/Editor/Drawing/Inspector/PropertyDrawers/TransformNodePropertyDrawer.cs using Guid(83fc180327d27574e82b361da1ea2d11) Importer(2089858483,b0f066a214c2f5e87bad3c948f4d605d) (ScriptedImporter) -> (artifact id: '29df63772017f37a32a2390846abc754') in 0.0050896 seconds
Number of updated asset objects reloaded before import = 0Number of asset objects unloaded after import = 0

========================================================================
Received Import Request.
  Time since last request: 0.000019 seconds.
  path: Packages/com.unity.shadergraph/Editor/Generation/Targets/BuiltIn/Editor/ShaderGraph/Targets/BuiltInCanvasSubTarget.cs
  artifactKey: Guid(5a0372ef872c4103b70866297bd45e38) Importer(2089858483,b0f066a214c2f5e87bad3c948f4d605d)
Start importing Packages/com.unity.shadergraph/Editor/Generation/Targets/BuiltIn/Editor/ShaderGraph/Targets/BuiltInCanvasSubTarget.cs using Guid(5a0372ef872c4103b70866297bd45e38) Importer(2089858483,b0f066a214c2f5e87bad3c948f4d605d) (ScriptedImporter) -> (artifact id: '37dff9f0a3dcc1c685e4a4e536591f6b') in 0.0062788 seconds
Number of updated asset objects reloaded before import = 0Number of asset objects unloaded after import = 0

========================================================================
Received Import Request.
  Time since last request: 0.000032 seconds.
  path: Packages/com.unity.shadergraph/Editor/Generation/Targets/Canvas/Templates/CanvasShaderGUI.cs
  artifactKey: Guid(b2f79c44dead4bc3b025342e56828a27) Importer(2089858483,b0f066a214c2f5e87bad3c948f4d605d)
Start importing Packages/com.unity.shadergraph/Editor/Generation/Targets/Canvas/Templates/CanvasShaderGUI.cs using Guid(b2f79c44dead4bc3b025342e56828a27) Importer(2089858483,b0f066a214c2f5e87bad3c948f4d605d) (ScriptedImporter) -> (artifact id: '3948a714aff54e333a960074c5fd3597') in 0.0049156 seconds
Number of updated asset objects reloaded before import = 0Number of asset objects unloaded after import = 0

========================================================================
Received Import Request.
  Time since last request: 0.000029 seconds.
  path: Packages/com.unity.shadergraph/Editor/Generation/Targets/BuiltIn/ShaderLibrary/Shim/UIShim.hlsl
  artifactKey: Guid(0807df336df54b879e1b97aa9306c0da) Importer(2089858483,b0f066a214c2f5e87bad3c948f4d605d)
Start importing Packages/com.unity.shadergraph/Editor/Generation/Targets/BuiltIn/ShaderLibrary/Shim/UIShim.hlsl using Guid(0807df336df54b879e1b97aa9306c0da) Importer(2089858483,b0f066a214c2f5e87bad3c948f4d605d) (ScriptedImporter) -> (artifact id: '0be87f96e26bdcbf7c66a5f4b1bb7f3f') in 0.0053538 seconds
Number of updated asset objects reloaded before import = 0Number of asset objects unloaded after import = 1

========================================================================
Received Import Request.
  Time since last request: 0.000045 seconds.
  path: Packages/com.unity.shadergraph/Editor/Generation/Targets/BuiltIn/Editor/ShaderGraph/Includes/DepthOnlyPass.hlsl
  artifactKey: Guid(cd9e404a0c5b4bb4787c63d916f217a2) Importer(2089858483,b0f066a214c2f5e87bad3c948f4d605d)
Start importing Packages/com.unity.shadergraph/Editor/Generation/Targets/BuiltIn/Editor/ShaderGraph/Includes/DepthOnlyPass.hlsl using Guid(cd9e404a0c5b4bb4787c63d916f217a2) Importer(2089858483,b0f066a214c2f5e87bad3c948f4d605d) (ScriptedImporter) -> (artifact id: '326253415e271861421023fac527999f') in 0.0055743 seconds
Number of updated asset objects reloaded before import = 0Number of asset objects unloaded after import = 1

========================================================================
Received Import Request.
  Time since last request: 0.000037 seconds.
  path: Packages/com.unity.shadergraph/Editor/Generation/Targets/BuiltIn/Editor/ShaderGraph/Includes/PBRForwardPass.hlsl
  artifactKey: Guid(6fca0a7fb5d1b8648a17c83915199f6e) Importer(2089858483,b0f066a214c2f5e87bad3c948f4d605d)
Start importing Packages/com.unity.shadergraph/Editor/Generation/Targets/BuiltIn/Editor/ShaderGraph/Includes/PBRForwardPass.hlsl using Guid(6fca0a7fb5d1b8648a17c83915199f6e) Importer(2089858483,b0f066a214c2f5e87bad3c948f4d605d) (ScriptedImporter) -> (artifact id: '876688e155d225271bb749a0c3640f56') in 0.0048099 seconds
Number of updated asset objects reloaded before import = 0Number of asset objects unloaded after import = 1

========================================================================
Received Import Request.
  Time since last request: 0.000032 seconds.
  path: Packages/com.unity.shadergraph/Editor/Generation/Targets/BuiltIn/Editor/ShaderGraph/Includes/LegacySurfaceVertex.hlsl
  artifactKey: Guid(5461cde96a0881146aed77bccd1c72ec) Importer(2089858483,b0f066a214c2f5e87bad3c948f4d605d)
Start importing Packages/com.unity.shadergraph/Editor/Generation/Targets/BuiltIn/Editor/ShaderGraph/Includes/LegacySurfaceVertex.hlsl using Guid(5461cde96a0881146aed77bccd1c72ec) Importer(2089858483,b0f066a214c2f5e87bad3c948f4d605d) (ScriptedImporter) -> (artifact id: '124d3959be632a4955c6d33a9d7d8141') in 0.0051288 seconds
Number of updated asset objects reloaded before import = 0Number of asset objects unloaded after import = 1

========================================================================
Received Import Request.
  Time since last request: 0.000033 seconds.
  path: Packages/com.unity.shadergraph/Editor/Generation/Targets/Fullscreen/Templates/SharedCode.template.hlsl
  artifactKey: Guid(16201fed0715efa48a8908fedb361bf0) Importer(2089858483,b0f066a214c2f5e87bad3c948f4d605d)
Start importing Packages/com.unity.shadergraph/Editor/Generation/Targets/Fullscreen/Templates/SharedCode.template.hlsl using Guid(16201fed0715efa48a8908fedb361bf0) Importer(2089858483,b0f066a214c2f5e87bad3c948f4d605d) (ScriptedImporter) -> (artifact id: 'e57a037e089b4fd37316c09323b1e7fa') in 0.0045996 seconds
Number of updated asset objects reloaded before import = 0Number of asset objects unloaded after import = 1

========================================================================
Received Import Request.
  Time since last request: 0.000019 seconds.
  path: Packages/com.unity.modules.physics2d/package.json
  artifactKey: Guid(f7a8357347c80dc69c08d0b1a05e2122) Importer(2089858483,b0f066a214c2f5e87bad3c948f4d605d)
Start importing Packages/com.unity.modules.physics2d/package.json using Guid(f7a8357347c80dc69c08d0b1a05e2122) Importer(2089858483,b0f066a214c2f5e87bad3c948f4d605d) (ScriptedImporter) -> (artifact id: '1f31f6750b526ee6892e5da9ff7d9621') in 0.0053485 seconds
Number of updated asset objects reloaded before import = 0Number of asset objects unloaded after import = 1

========================================================================
Received Import Request.
  Time since last request: 0.000029 seconds.
  path: Packages/com.unity.ide.rider/Rider/Editor/ProjectGeneration/GUIDProvider.cs
  artifactKey: Guid(8cfde1a59fb35574189691a9de1df93b) Importer(2089858483,b0f066a214c2f5e87bad3c948f4d605d)
Start importing Packages/com.unity.ide.rider/Rider/Editor/ProjectGeneration/GUIDProvider.cs using Guid(8cfde1a59fb35574189691a9de1df93b) Importer(2089858483,b0f066a214c2f5e87bad3c948f4d605d) (ScriptedImporter) -> (artifact id: '7fd117a063f77540dc261d9844306f52') in 0.0054763 seconds
Number of updated asset objects reloaded before import = 0Number of asset objects unloaded after import = 0

========================================================================
Received Import Request.
  Time since last request: 0.000040 seconds.
  path: Packages/com.unity.shadergraph/Editor/Generation/Targets/BuiltIn/ShaderLibrary/Core.hlsl
  artifactKey: Guid(e01bb373f731e2946bb996c6b980c1ab) Importer(2089858483,b0f066a214c2f5e87bad3c948f4d605d)
Start importing Packages/com.unity.shadergraph/Editor/Generation/Targets/BuiltIn/ShaderLibrary/Core.hlsl using Guid(e01bb373f731e2946bb996c6b980c1ab) Importer(2089858483,b0f066a214c2f5e87bad3c948f4d605d) (ScriptedImporter) -> (artifact id: 'cd40d024143dd9c7900f1abb8205c745') in 0.0051084 seconds
Number of updated asset objects reloaded before import = 0Number of asset objects unloaded after import = 1

========================================================================
Received Import Request.
  Time since last request: 0.000032 seconds.
  path: Packages/com.unity.ide.rider/Rider/Editor/LogFileOpener.cs
  artifactKey: Guid(aeb8068359664ab5a8d6420381f87510) Importer(2089858483,b0f066a214c2f5e87bad3c948f4d605d)
Start importing Packages/com.unity.ide.rider/Rider/Editor/LogFileOpener.cs using Guid(aeb8068359664ab5a8d6420381f87510) Importer(2089858483,b0f066a214c2f5e87bad3c948f4d605d) (ScriptedImporter) -> (artifact id: 'e8ad8be1f70a394d0efc8a6eebe20441') in 0.006162 seconds
Number of updated asset objects reloaded before import = 0Number of asset objects unloaded after import = 0

========================================================================
Received Import Request.
  Time since last request: 0.000023 seconds.
  path: Packages/com.unity.shadergraph/Editor/Generation/Targets/BuiltIn/ShaderLibrary/Shadows.hlsl
  artifactKey: Guid(87c2af44d69c0194687e11c33c85f6c2) Importer(2089858483,b0f066a214c2f5e87bad3c948f4d605d)
Start importing Packages/com.unity.shadergraph/Editor/Generation/Targets/BuiltIn/ShaderLibrary/Shadows.hlsl using Guid(87c2af44d69c0194687e11c33c85f6c2) Importer(2089858483,b0f066a214c2f5e87bad3c948f4d605d) (ScriptedImporter) -> (artifact id: '093fb7728771c98c09c36c2af211fa62') in 0.0067186 seconds
Number of updated asset objects reloaded before import = 0Number of asset objects unloaded after import = 1

========================================================================
Received Import Request.
  Time since last request: 0.000024 seconds.
  path: Packages/com.unity.shadergraph/Editor/Generation/Targets/BuiltIn/ShaderLibrary/Deprecated.hlsl
  artifactKey: Guid(8ac4c7f9b9937b64885ce949fc6d6525) Importer(2089858483,b0f066a214c2f5e87bad3c948f4d605d)
Start importing Packages/com.unity.shadergraph/Editor/Generation/Targets/BuiltIn/ShaderLibrary/Deprecated.hlsl using Guid(8ac4c7f9b9937b64885ce949fc6d6525) Importer(2089858483,b0f066a214c2f5e87bad3c948f4d605d) (ScriptedImporter) -> (artifact id: '54e0a6fdf40bd3daaeee988312fefab0') in 0.0050986 seconds
Number of updated asset objects reloaded before import = 0Number of asset objects unloaded after import = 1

========================================================================
Received Import Request.
  Time since last request: 0.000038 seconds.
  path: Packages/com.unity.shadergraph/Editor/Generation/Targets/BuiltIn/ShaderLibrary/Lighting.hlsl
  artifactKey: Guid(14bcae32932007341a82b552c24738fd) Importer(2089858483,b0f066a214c2f5e87bad3c948f4d605d)
Start importing Packages/com.unity.shadergraph/Editor/Generation/Targets/BuiltIn/ShaderLibrary/Lighting.hlsl using Guid(14bcae32932007341a82b552c24738fd) Importer(2089858483,b0f066a214c2f5e87bad3c948f4d605d) (ScriptedImporter) -> (artifact id: '0fb4a263f78f276c02ebacf9ad9887c2') in 0.0067584 seconds
Number of updated asset objects reloaded before import = 0Number of asset objects unloaded after import = 1

========================================================================
Received Import Request.
  Time since last request: 0.000032 seconds.
  path: Packages/com.unity.shadergraph/Editor/Data/Nodes/Math/Trigonometry/CosineNode.cs
  artifactKey: Guid(27c8eab8410ea16418392d646ec92572) Importer(2089858483,b0f066a214c2f5e87bad3c948f4d605d)
Start importing Packages/com.unity.shadergraph/Editor/Data/Nodes/Math/Trigonometry/CosineNode.cs using Guid(27c8eab8410ea16418392d646ec92572) Importer(2089858483,b0f066a214c2f5e87bad3c948f4d605d) (ScriptedImporter) -> (artifact id: '9b1f9ec710795ae430a299ea855ea00e') in 0.0074924 seconds
Number of updated asset objects reloaded before import = 0Number of asset objects unloaded after import = 0

========================================================================
Received Import Request.
  Time since last request: 0.000022 seconds.
  path: Packages/com.unity.shadergraph/Editor/Generation/Targets/Terrain/Includes/TerrainTextureVariables.hlsl
  artifactKey: Guid(d85c65f9f4934f44bfa653df1ef8875c) Importer(2089858483,b0f066a214c2f5e87bad3c948f4d605d)
Start importing Packages/com.unity.shadergraph/Editor/Generation/Targets/Terrain/Includes/TerrainTextureVariables.hlsl using Guid(d85c65f9f4934f44bfa653df1ef8875c) Importer(2089858483,b0f066a214c2f5e87bad3c948f4d605d) (ScriptedImporter) -> (artifact id: '72a5dd433ad5016fe91f92b145e0569b') in 0.007227 seconds
Number of updated asset objects reloaded before import = 0Number of asset objects unloaded after import = 1

========================================================================
Received Import Request.
  Time since last request: 0.000050 seconds.
  path: Packages/com.unity.shadergraph/Editor/Generation/Targets/CustomRenderTexture/CustomTextureSize.cs
  artifactKey: Guid(9f969f68890032b439714ed42dc032ff) Importer(2089858483,b0f066a214c2f5e87bad3c948f4d605d)
Start importing Packages/com.unity.shadergraph/Editor/Generation/Targets/CustomRenderTexture/CustomTextureSize.cs using Guid(9f969f68890032b439714ed42dc032ff) Importer(2089858483,b0f066a214c2f5e87bad3c948f4d605d) (ScriptedImporter) -> (artifact id: '0c5066841cc4187147b969df42da4123') in 0.0061811 seconds
Number of updated asset objects reloaded before import = 0Number of asset objects unloaded after import = 0

========================================================================
Received Import Request.
  Time since last request: 0.000026 seconds.
  path: Packages/com.unity.shadergraph/Editor/Data/Nodes/Input/UI/ElementTextureUVNode.cs
  artifactKey: Guid(917ad6055d0c59f4aa7fe4ffa65b272a) Importer(2089858483,b0f066a214c2f5e87bad3c948f4d605d)
Start importing Packages/com.unity.shadergraph/Editor/Data/Nodes/Input/UI/ElementTextureUVNode.cs using Guid(917ad6055d0c59f4aa7fe4ffa65b272a) Importer(2089858483,b0f066a214c2f5e87bad3c948f4d605d) (ScriptedImporter) -> (artifact id: '7df95510e24b0cbb54ef400657745ae8') in 0.0069161 seconds
Number of updated asset objects reloaded before import = 0Number of asset objects unloaded after import = 0

========================================================================
Received Import Request.
  Time since last request: 0.000032 seconds.
  path: Packages/com.unity.shadergraph/Editor/Data/Nodes/Math/Advanced/ReciprocalNode.cs
  artifactKey: Guid(2b52706eb67bd8445b13f43ae287c679) Importer(2089858483,b0f066a214c2f5e87bad3c948f4d605d)
Start importing Packages/com.unity.shadergraph/Editor/Data/Nodes/Math/Advanced/ReciprocalNode.cs using Guid(2b52706eb67bd8445b13f43ae287c679) Importer(2089858483,b0f066a214c2f5e87bad3c948f4d605d) (ScriptedImporter) -> (artifact id: '5f49c68abc0e75bf2c32af7fe07f81cc') in 0.0077362 seconds
Number of updated asset objects reloaded before import = 0Number of asset objects unloaded after import = 0

========================================================================
Received Import Request.
  Time since last request: 0.000026 seconds.
  path: Packages/com.unity.shadergraph/Editor/Data/Nodes/Math/Basic/SubtractNode.cs
  artifactKey: Guid(b251c305a044f49438dff356f1e7bb84) Importer(2089858483,b0f066a214c2f5e87bad3c948f4d605d)
Start importing Packages/com.unity.shadergraph/Editor/Data/Nodes/Math/Basic/SubtractNode.cs using Guid(b251c305a044f49438dff356f1e7bb84) Importer(2089858483,b0f066a214c2f5e87bad3c948f4d605d) (ScriptedImporter) -> (artifact id: '9e27248c05343bf5c5854ca832436f17') in 0.0058669 seconds
Number of updated asset objects reloaded before import = 0Number of asset objects unloaded after import = 0

========================================================================
Received Import Request.
  Time since last request: 0.000021 seconds.
  path: Packages/com.unity.shadergraph/Editor/Data/Nodes/Math/Round/TruncateNode.cs
  artifactKey: Guid(b9b4b0e1cbbca934a8bb06144cf84730) Importer(2089858483,b0f066a214c2f5e87bad3c948f4d605d)
Start importing Packages/com.unity.shadergraph/Editor/Data/Nodes/Math/Round/TruncateNode.cs using Guid(b9b4b0e1cbbca934a8bb06144cf84730) Importer(2089858483,b0f066a214c2f5e87bad3c948f4d605d) (ScriptedImporter) -> (artifact id: 'f603983e37bbc983eec8d267374f262a') in 0.0048093 seconds
Number of updated asset objects reloaded before import = 0Number of asset objects unloaded after import = 0

========================================================================
Received Import Request.
  Time since last request: 0.000022 seconds.
  path: Packages/com.unity.shadergraph/Editor/Data/Nodes/Math/Matrix/MatrixConstructionNode.cs
  artifactKey: Guid(7f3857db61fc34eaabd871901ae5a2b6) Importer(2089858483,b0f066a214c2f5e87bad3c948f4d605d)
Start importing Packages/com.unity.shadergraph/Editor/Data/Nodes/Math/Matrix/MatrixConstructionNode.cs using Guid(7f3857db61fc34eaabd871901ae5a2b6) Importer(2089858483,b0f066a214c2f5e87bad3c948f4d605d) (ScriptedImporter) -> (artifact id: 'c9d99e673ad8f7b3a63e61a2d9909f46') in 0.0058566 seconds
Number of updated asset objects reloaded before import = 0Number of asset objects unloaded after import = 0

========================================================================
Received Import Request.
  Time since last request: 0.000030 seconds.
  path: Packages/com.unity.render-pipelines.universal/ValidationExceptions.json
  artifactKey: Guid(3afe581e949e3cc489c978bd8e000c4b) Importer(2089858483,b0f066a214c2f5e87bad3c948f4d605d)
Start importing Packages/com.unity.render-pipelines.universal/ValidationExceptions.json using Guid(3afe581e949e3cc489c978bd8e000c4b) Importer(2089858483,b0f066a214c2f5e87bad3c948f4d605d) (ScriptedImporter) -> (artifact id: '06f89511e49cebc3957168e4d719ca02') in 0.0052069 seconds
Number of updated asset objects reloaded before import = 0Number of asset objects unloaded after import = 1

========================================================================
Received Import Request.
  Time since last request: 0.000023 seconds.
  path: Packages/com.unity.render-pipelines.universal/Editor/ShaderBuildPreprocessor.cs
  artifactKey: Guid(9f7bf504ded5bcb48835f194831914c8) Importer(2089858483,b0f066a214c2f5e87bad3c948f4d605d)
Start importing Packages/com.unity.render-pipelines.universal/Editor/ShaderBuildPreprocessor.cs using Guid(9f7bf504ded5bcb48835f194831914c8) Importer(2089858483,b0f066a214c2f5e87bad3c948f4d605d) (ScriptedImporter) -> (artifact id: 'c6740c8798a03e64907a18becfca4d98') in 0.0048553 seconds
Number of updated asset objects reloaded before import = 0Number of asset objects unloaded after import = 0

========================================================================
Received Import Request.
  Time since last request: 0.000066 seconds.
  path: Packages/com.unity.render-pipelines.universal/Editor/PostProcessDataEditor.cs
  artifactKey: Guid(aaa0f30bef36d854a9c4918b2bc186e0) Importer(2089858483,b0f066a214c2f5e87bad3c948f4d605d)
Start importing Packages/com.unity.render-pipelines.universal/Editor/PostProcessDataEditor.cs using Guid(aaa0f30bef36d854a9c4918b2bc186e0) Importer(2089858483,b0f066a214c2f5e87bad3c948f4d605d) (ScriptedImporter) -> (artifact id: 'fdad0e42521c4371c968de2d0b088c12') in 0.0072475 seconds
Number of updated asset objects reloaded before import = 0Number of asset objects unloaded after import = 0

========================================================================
Received Import Request.
  Time since last request: 0.000039 seconds.
  path: Packages/com.unity.ide.rider/Rider/Editor/UnitTesting/RiderTestRunner.cs
  artifactKey: Guid(5c3b27069cb3ddf42ba1260eeefcdd1c) Importer(2089858483,b0f066a214c2f5e87bad3c948f4d605d)
Start importing Packages/com.unity.ide.rider/Rider/Editor/UnitTesting/RiderTestRunner.cs using Guid(5c3b27069cb3ddf42ba1260eeefcdd1c) Importer(2089858483,b0f066a214c2f5e87bad3c948f4d605d) (ScriptedImporter) -> (artifact id: 'cb09679a018071a0ba149104caab8ac6') in 0.0070048 seconds
Number of updated asset objects reloaded before import = 0Number of asset objects unloaded after import = 0

========================================================================
Received Import Request.
  Time since last request: 0.000034 seconds.
  path: Packages/com.unity.render-pipelines.universal/ValidationConfig.json
  artifactKey: Guid(3f7d69b580ef4c288896687cfed86996) Importer(2089858483,b0f066a214c2f5e87bad3c948f4d605d)
Start importing Packages/com.unity.render-pipelines.universal/ValidationConfig.json using Guid(3f7d69b580ef4c288896687cfed86996) Importer(2089858483,b0f066a214c2f5e87bad3c948f4d605d) (ScriptedImporter) -> (artifact id: '26430708bd07d8a250d5731ee308e753') in 0.0071163 seconds
Number of updated asset objects reloaded before import = 0Number of asset objects unloaded after import = 1

========================================================================
Received Import Request.
  Time since last request: 0.000020 seconds.
  path: Packages/com.unity.render-pipelines.universal/Runtime/PostProcessUtils.cs
  artifactKey: Guid(f2a793e0b6312e9449cf44973fd6acb0) Importer(2089858483,b0f066a214c2f5e87bad3c948f4d605d)
Start importing Packages/com.unity.render-pipelines.universal/Runtime/PostProcessUtils.cs using Guid(f2a793e0b6312e9449cf44973fd6acb0) Importer(2089858483,b0f066a214c2f5e87bad3c948f4d605d) (ScriptedImporter) -> (artifact id: '03bdf8eedd4d3f9ce0b316594aa3c17c') in 0.0060465 seconds
Number of updated asset objects reloaded before import = 0Number of asset objects unloaded after import = 0

========================================================================
Received Import Request.
  Time since last request: 0.000025 seconds.
  path: Packages/com.unity.render-pipelines.universal/Editor/UniversalRenderPipelineVolumeComponentEditor.cs
  artifactKey: Guid(5e70ebf34d504229b32cd5ca729665a4) Importer(2089858483,b0f066a214c2f5e87bad3c948f4d605d)
Start importing Packages/com.unity.render-pipelines.universal/Editor/UniversalRenderPipelineVolumeComponentEditor.cs using Guid(5e70ebf34d504229b32cd5ca729665a4) Importer(2089858483,b0f066a214c2f5e87bad3c948f4d605d) (ScriptedImporter) -> (artifact id: '7f0b88697c44551bc8568b2c41cefc16') in 0.0065777 seconds
Number of updated asset objects reloaded before import = 0Number of asset objects unloaded after import = 0

========================================================================
Received Import Request.
  Time since last request: 0.000041 seconds.
  path: Packages/com.unity.ide.rider/Rider/Editor/UnitTesting/CallbackData.cs
  artifactKey: Guid(010246a07de7cb34185a2a7b1c1fad59) Importer(2089858483,b0f066a214c2f5e87bad3c948f4d605d)
Start importing Packages/com.unity.ide.rider/Rider/Editor/UnitTesting/CallbackData.cs using Guid(010246a07de7cb34185a2a7b1c1fad59) Importer(2089858483,b0f066a214c2f5e87bad3c948f4d605d) (ScriptedImporter) -> (artifact id: '34cae1353c92423d1db40e8158f3e0e3') in 0.0066994 seconds
Number of updated asset objects reloaded before import = 0Number of asset objects unloaded after import = 0

========================================================================
Received Import Request.
  Time since last request: 0.000043 seconds.
  path: Packages/com.unity.render-pipelines.universal/Editor/ShaderStripTool.cs
  artifactKey: Guid(03e6c5336947d684ebd1fee775550125) Importer(2089858483,b0f066a214c2f5e87bad3c948f4d605d)
Start importing Packages/com.unity.render-pipelines.universal/Editor/ShaderStripTool.cs using Guid(03e6c5336947d684ebd1fee775550125) Importer(2089858483,b0f066a214c2f5e87bad3c948f4d605d) (ScriptedImporter) -> (artifact id: 'c40b1bba076a32bd20440b6c594e8e73') in 0.0060892 seconds
Number of updated asset objects reloaded before import = 0Number of asset objects unloaded after import = 0

========================================================================
Received Import Request.
  Time since last request: 0.000024 seconds.
  path: Packages/com.unity.ide.rider/Rider/Editor/ProjectGeneration/SolutionGuidGenerator.cs
  artifactKey: Guid(3e4e7fdc19414089a0fb43e43b1bdae1) Importer(2089858483,b0f066a214c2f5e87bad3c948f4d605d)
Start importing Packages/com.unity.ide.rider/Rider/Editor/ProjectGeneration/SolutionGuidGenerator.cs using Guid(3e4e7fdc19414089a0fb43e43b1bdae1) Importer(2089858483,b0f066a214c2f5e87bad3c948f4d605d) (ScriptedImporter) -> (artifact id: '53335c4e4cc96f81141d3b85a0523382') in 0.0079165 seconds
Number of updated asset objects reloaded before import = 0Number of asset objects unloaded after import = 0

========================================================================
Received Import Request.
  Time since last request: 0.000042 seconds.
  path: Packages/com.unity.ide.rider/Rider/Editor/Util/UnityVersionUtils.cs
  artifactKey: Guid(22608619ec9a4b1db7417e80c3123098) Importer(2089858483,b0f066a214c2f5e87bad3c948f4d605d)
Start importing Packages/com.unity.ide.rider/Rider/Editor/Util/UnityVersionUtils.cs using Guid(22608619ec9a4b1db7417e80c3123098) Importer(2089858483,b0f066a214c2f5e87bad3c948f4d605d) (ScriptedImporter) -> (artifact id: 'e3f98cbf10e1a86981227a5c3ef5150c') in 0.0067817 seconds
Number of updated asset objects reloaded before import = 0Number of asset objects unloaded after import = 0

========================================================================
Received Import Request.
  Time since last request: 0.000043 seconds.
  path: Packages/com.unity.render-pipelines.universal-config/Tests/Editor/Unity.RenderPipelines.Universal.Config.Editor.Tests.asmdef
  artifactKey: Guid(71747feda1cfa634686086b1914eacb6) Importer(2089858483,b0f066a214c2f5e87bad3c948f4d605d)
Start importing Packages/com.unity.render-pipelines.universal-config/Tests/Editor/Unity.RenderPipelines.Universal.Config.Editor.Tests.asmdef using Guid(71747feda1cfa634686086b1914eacb6) Importer(2089858483,b0f066a214c2f5e87bad3c948f4d605d) (ScriptedImporter) -> (artifact id: '5f1c1daa9d17d54f8ef0e15928742c79') in 0.0064894 seconds
Number of updated asset objects reloaded before import = 0Number of asset objects unloaded after import = 1

========================================================================
Received Import Request.
  Time since last request: 0.000046 seconds.
  path: Packages/com.unity.shadergraph/Editor/Generation/Targets/BuiltIn/ShaderLibrary/UnityInput.hlsl
  artifactKey: Guid(1c7ec01faf22529498d9ebac04dfafd4) Importer(2089858483,b0f066a214c2f5e87bad3c948f4d605d)
Start importing Packages/com.unity.shadergraph/Editor/Generation/Targets/BuiltIn/ShaderLibrary/UnityInput.hlsl using Guid(1c7ec01faf22529498d9ebac04dfafd4) Importer(2089858483,b0f066a214c2f5e87bad3c948f4d605d) (ScriptedImporter) -> (artifact id: '6d2148d78768e64bee68ba1cd509251f') in 0.0079427 seconds
Number of updated asset objects reloaded before import = 0Number of asset objects unloaded after import = 1

========================================================================
Received Import Request.
  Time since last request: 0.000040 seconds.
  path: Packages/com.unity.ide.rider/Rider/Editor/StartUpMethodExecutor.cs
  artifactKey: Guid(e7c145f2cd3c411ca7f50ebc5f5a6d24) Importer(2089858483,b0f066a214c2f5e87bad3c948f4d605d)
Start importing Packages/com.unity.ide.rider/Rider/Editor/StartUpMethodExecutor.cs using Guid(e7c145f2cd3c411ca7f50ebc5f5a6d24) Importer(2089858483,b0f066a214c2f5e87bad3c948f4d605d) (ScriptedImporter) -> (artifact id: '0235a7a6b4e313f4a98ecad5804ead85') in 0.0071244 seconds
Number of updated asset objects reloaded before import = 0Number of asset objects unloaded after import = 0

========================================================================
Received Import Request.
  Time since last request: 0.000036 seconds.
  path: Packages/com.unity.shadergraph/Editor/Generation/Targets/BuiltIn/ShaderLibrary/SurfaceInput.hlsl
  artifactKey: Guid(114d56cbf65e5a94ca8aaf64e35d43a9) Importer(2089858483,b0f066a214c2f5e87bad3c948f4d605d)
Start importing Packages/com.unity.shadergraph/Editor/Generation/Targets/BuiltIn/ShaderLibrary/SurfaceInput.hlsl using Guid(114d56cbf65e5a94ca8aaf64e35d43a9) Importer(2089858483,b0f066a214c2f5e87bad3c948f4d605d) (ScriptedImporter) -> (artifact id: '5d9ae2219b7ddd3e7e737ddb8dc59494') in 0.0056902 seconds
Number of updated asset objects reloaded before import = 0Number of asset objects unloaded after import = 1

========================================================================
Received Import Request.
  Time since last request: 0.000043 seconds.
  path: Packages/com.unity.shadergraph/Editor/Resources/GraphView/Nodes/UITKShaderPreview-Vector.svg
  artifactKey: Guid(a8d7d25cc14c27f4e9257da19b888497) Importer(2089858483,b0f066a214c2f5e87bad3c948f4d605d)
Start importing Packages/com.unity.shadergraph/Editor/Resources/GraphView/Nodes/UITKShaderPreview-Vector.svg using Guid(a8d7d25cc14c27f4e9257da19b888497) Importer(2089858483,b0f066a214c2f5e87bad3c948f4d605d) (ScriptedImporter) -> (artifact id: 'cd3fe1ac70e2c31569751d6365b74448') in 0.0187007 seconds
Number of updated asset objects reloaded before import = 0Number of asset objects unloaded after import = 2

========================================================================
Received Import Request.
  Time since last request: 0.000064 seconds.
  path: Packages/com.unity.render-pipelines.universal/Runtime/IntermediateTextureMode.cs
  artifactKey: Guid(467223c25c01847b6a07059f1b283a20) Importer(2089858483,b0f066a214c2f5e87bad3c948f4d605d)
Start importing Packages/com.unity.render-pipelines.universal/Runtime/IntermediateTextureMode.cs using Guid(467223c25c01847b6a07059f1b283a20) Importer(2089858483,b0f066a214c2f5e87bad3c948f4d605d) (ScriptedImporter) -> (artifact id: 'b21c5ec887e2bf7aa72621943b1a1042') in 0.0052438 seconds
Number of updated asset objects reloaded before import = 0Number of asset objects unloaded after import = 0

========================================================================
Received Import Request.
  Time since last request: 0.000021 seconds.
  path: Packages/com.unity.shadergraph/Editor/Resources/Styles/Controls/CubemapSlotControlView.uss
  artifactKey: Guid(81f64e9003fb9674889a56938f078eb0) Importer(2089858483,b0f066a214c2f5e87bad3c948f4d605d)
Start importing Packages/com.unity.shadergraph/Editor/Resources/Styles/Controls/CubemapSlotControlView.uss using Guid(81f64e9003fb9674889a56938f078eb0) Importer(2089858483,b0f066a214c2f5e87bad3c948f4d605d) (ScriptedImporter) -> (artifact id: 'fcf0a8161d7bcfe2de8ba556d4ffd083') in 0.0069892 seconds
Number of updated asset objects reloaded before import = 0Number of asset objects unloaded after import = 1

========================================================================
Received Import Request.
  Time since last request: 0.000028 seconds.
  path: Packages/com.unity.render-pipelines.universal/Runtime/NativeRenderPass.cs
  artifactKey: Guid(5bda898891014be6a6c570d69d4e75d6) Importer(2089858483,b0f066a214c2f5e87bad3c948f4d605d)
Start importing Packages/com.unity.render-pipelines.universal/Runtime/NativeRenderPass.cs using Guid(5bda898891014be6a6c570d69d4e75d6) Importer(2089858483,b0f066a214c2f5e87bad3c948f4d605d) (ScriptedImporter) -> (artifact id: '0af141f0a4d608328c7280d05f31d4a9') in 0.0059159 seconds
Number of updated asset objects reloaded before import = 0Number of asset objects unloaded after import = 0

========================================================================
Received Import Request.
  Time since last request: 0.000038 seconds.
  path: Packages/com.unity.render-pipelines.universal/Editor/AssemblyInfo.cs
  artifactKey: Guid(ee81cfba546d646ca9b7a9394f78b66b) Importer(2089858483,b0f066a214c2f5e87bad3c948f4d605d)
Start importing Packages/com.unity.render-pipelines.universal/Editor/AssemblyInfo.cs using Guid(ee81cfba546d646ca9b7a9394f78b66b) Importer(2089858483,b0f066a214c2f5e87bad3c948f4d605d) (ScriptedImporter) -> (artifact id: '566f0720c07e4fcb7f80db6a5f67b7f8') in 0.0048194 seconds
Number of updated asset objects reloaded before import = 0Number of asset objects unloaded after import = 0

========================================================================
Received Import Request.
  Time since last request: 0.000038 seconds.
  path: Packages/com.unity.render-pipelines.universal/ShaderLibrary/GBufferOutputFormat.hlsl
  artifactKey: Guid(87322610c9b88a64e8bce40c056d8116) Importer(2089858483,b0f066a214c2f5e87bad3c948f4d605d)
Start importing Packages/com.unity.render-pipelines.universal/ShaderLibrary/GBufferOutputFormat.hlsl using Guid(87322610c9b88a64e8bce40c056d8116) Importer(2089858483,b0f066a214c2f5e87bad3c948f4d605d) (ScriptedImporter) -> (artifact id: '78128f3072d5ba4d26a2c1ae93356ff2') in 0.0046525 seconds
Number of updated asset objects reloaded before import = 0Number of asset objects unloaded after import = 1

========================================================================
Received Import Request.
  Time since last request: 0.000037 seconds.
  path: Packages/com.unity.render-pipelines.universal/Runtime/UniversalRenderPipelineCore.cs
  artifactKey: Guid(d973de1eba2f6934e9c31429e8e40c09) Importer(2089858483,b0f066a214c2f5e87bad3c948f4d605d)
Start importing Packages/com.unity.render-pipelines.universal/Runtime/UniversalRenderPipelineCore.cs using Guid(d973de1eba2f6934e9c31429e8e40c09) Importer(2089858483,b0f066a214c2f5e87bad3c948f4d605d) (ScriptedImporter) -> (artifact id: '273ecbdac14ed4b2e37518b60dd2c02b') in 0.0088513 seconds
Number of updated asset objects reloaded before import = 0Number of asset objects unloaded after import = 0

========================================================================
Received Import Request.
  Time since last request: 0.000021 seconds.
  path: Packages/com.unity.render-pipelines.universal/Runtime/RenderTargetBufferSystem.cs
  artifactKey: Guid(4e520775f70c7bb40bab742eb999d0e4) Importer(2089858483,b0f066a214c2f5e87bad3c948f4d605d)
Start importing Packages/com.unity.render-pipelines.universal/Runtime/RenderTargetBufferSystem.cs using Guid(4e520775f70c7bb40bab742eb999d0e4) Importer(2089858483,b0f066a214c2f5e87bad3c948f4d605d) (ScriptedImporter) -> (artifact id: 'a3164b26c04a4bbbb932caea6d5cf101') in 0.0053004 seconds
Number of updated asset objects reloaded before import = 0Number of asset objects unloaded after import = 0

========================================================================
Received Import Request.
  Time since last request: 0.000027 seconds.
  path: Packages/com.unity.render-pipelines.universal/ShaderLibrary/GBufferOutput.hlsl
  artifactKey: Guid(db51e39af1b3c01449a3e6b1ce782a48) Importer(2089858483,b0f066a214c2f5e87bad3c948f4d605d)
Start importing Packages/com.unity.render-pipelines.universal/ShaderLibrary/GBufferOutput.hlsl using Guid(db51e39af1b3c01449a3e6b1ce782a48) Importer(2089858483,b0f066a214c2f5e87bad3c948f4d605d) (ScriptedImporter) -> (artifact id: '02b34c757057eadccb74034d88a29fb4') in 0.0048403 seconds
Number of updated asset objects reloaded before import = 0Number of asset objects unloaded after import = 1

========================================================================
Received Import Request.
  Time since last request: 0.000032 seconds.
  path: Packages/com.unity.render-pipelines.universal/ShaderLibrary/Input.hlsl
  artifactKey: Guid(b2555155ead696140913bef1ec93adf0) Importer(2089858483,b0f066a214c2f5e87bad3c948f4d605d)
Start importing Packages/com.unity.render-pipelines.universal/ShaderLibrary/Input.hlsl using Guid(b2555155ead696140913bef1ec93adf0) Importer(2089858483,b0f066a214c2f5e87bad3c948f4d605d) (ScriptedImporter) -> (artifact id: '26a1579741c66955dc04191644ad8f9a') in 0.0048003 seconds
Number of updated asset objects reloaded before import = 0Number of asset objects unloaded after import = 1

========================================================================
Received Import Request.
  Time since last request: 0.000021 seconds.
  path: Packages/com.unity.render-pipelines.universal/ShaderLibrary/RealtimeLights.hlsl
  artifactKey: Guid(4e8e2a4c57cb4eb6bf8653ab88069a9c) Importer(2089858483,b0f066a214c2f5e87bad3c948f4d605d)
Start importing Packages/com.unity.render-pipelines.universal/ShaderLibrary/RealtimeLights.hlsl using Guid(4e8e2a4c57cb4eb6bf8653ab88069a9c) Importer(2089858483,b0f066a214c2f5e87bad3c948f4d605d) (ScriptedImporter) -> (artifact id: '3c58276dbdbd3e2be6dad19699972656') in 0.0044965 seconds
Number of updated asset objects reloaded before import = 0Number of asset objects unloaded after import = 1

========================================================================
Received Import Request.
  Time since last request: 0.000018 seconds.
  path: Packages/com.unity.render-pipelines.universal/ShaderLibrary/Shadows.deprecated.hlsl
  artifactKey: Guid(51fae96488b3f402a8abcda4217b37e1) Importer(2089858483,b0f066a214c2f5e87bad3c948f4d605d)
Start importing Packages/com.unity.render-pipelines.universal/ShaderLibrary/Shadows.deprecated.hlsl using Guid(51fae96488b3f402a8abcda4217b37e1) Importer(2089858483,b0f066a214c2f5e87bad3c948f4d605d) (ScriptedImporter) -> (artifact id: 'c0132df54766797d5b0c5ad028bbf5a5') in 0.0059931 seconds
Number of updated asset objects reloaded before import = 0Number of asset objects unloaded after import = 1

========================================================================
Received Import Request.
  Time since last request: 0.000033 seconds.
  path: Packages/com.unity.render-pipelines.universal/Runtime/UniversalAdditionalCameraData.deprecated.cs
  artifactKey: Guid(7cb68769fca9417c86969e0d765738c2) Importer(2089858483,b0f066a214c2f5e87bad3c948f4d605d)
Start importing Packages/com.unity.render-pipelines.universal/Runtime/UniversalAdditionalCameraData.deprecated.cs using Guid(7cb68769fca9417c86969e0d765738c2) Importer(2089858483,b0f066a214c2f5e87bad3c948f4d605d) (ScriptedImporter) -> (artifact id: 'b0b9139a06addae682cab8d0b3f0e82b') in 0.0068732 seconds
Number of updated asset objects reloaded before import = 0Number of asset objects unloaded after import = 0

========================================================================
Received Import Request.
  Time since last request: 0.000041 seconds.
  path: Packages/com.unity.render-pipelines.universal/ShaderLibrary/GlobalIllumination.hlsl
  artifactKey: Guid(1be91b057dbe43239a838d9e45a42a32) Importer(2089858483,b0f066a214c2f5e87bad3c948f4d605d)
Start importing Packages/com.unity.render-pipelines.universal/ShaderLibrary/GlobalIllumination.hlsl using Guid(1be91b057dbe43239a838d9e45a42a32) Importer(2089858483,b0f066a214c2f5e87bad3c948f4d605d) (ScriptedImporter) -> (artifact id: 'bbdac404d35ffd459b8e22c1945e7a65') in 0.0073754 seconds
Number of updated asset objects reloaded before import = 0Number of asset objects unloaded after import = 1

========================================================================
Received Import Request.
  Time since last request: 0.000028 seconds.
  path: Packages/com.unity.render-pipelines.universal/Runtime/ShaderUtils.cs
  artifactKey: Guid(a59ed397e0917cd4aa1de2bb1495fead) Importer(2089858483,b0f066a214c2f5e87bad3c948f4d605d)
Start importing Packages/com.unity.render-pipelines.universal/Runtime/ShaderUtils.cs using Guid(a59ed397e0917cd4aa1de2bb1495fead) Importer(2089858483,b0f066a214c2f5e87bad3c948f4d605d) (ScriptedImporter) -> (artifact id: '866dee14c599659752b93a3307277a62') in 0.0049235 seconds
Number of updated asset objects reloaded before import = 0Number of asset objects unloaded after import = 0

========================================================================
Received Import Request.
  Time since last request: 0.000026 seconds.
  path: Packages/com.unity.render-pipelines.universal/ShaderLibrary/UnityGBuffer.hlsl
  artifactKey: Guid(688ed6f8ef8246529e7fdd721e43d639) Importer(2089858483,b0f066a214c2f5e87bad3c948f4d605d)
Start importing Packages/com.unity.render-pipelines.universal/ShaderLibrary/UnityGBuffer.hlsl using Guid(688ed6f8ef8246529e7fdd721e43d639) Importer(2089858483,b0f066a214c2f5e87bad3c948f4d605d) (ScriptedImporter) -> (artifact id: 'b6f4f004259e153cdba94766fdc2d26a') in 0.0052092 seconds
Number of updated asset objects reloaded before import = 0Number of asset objects unloaded after import = 1

========================================================================
Received Import Request.
  Time since last request: 0.000039 seconds.
  path: Packages/com.unity.render-pipelines.universal/ShaderLibrary/ShaderGraphFunctions.hlsl
  artifactKey: Guid(9adc879d74aec4400bbdce89ff664a05) Importer(2089858483,b0f066a214c2f5e87bad3c948f4d605d)
Start importing Packages/com.unity.render-pipelines.universal/ShaderLibrary/ShaderGraphFunctions.hlsl using Guid(9adc879d74aec4400bbdce89ff664a05) Importer(2089858483,b0f066a214c2f5e87bad3c948f4d605d) (ScriptedImporter) -> (artifact id: '88608d3991c8b16dd06e2cae41a14d10') in 0.0057962 seconds
Number of updated asset objects reloaded before import = 0Number of asset objects unloaded after import = 1

========================================================================
Received Import Request.
  Time since last request: 0.000055 seconds.
  path: Packages/com.unity.render-pipelines.universal/ShaderLibrary/DBuffer.hlsl
  artifactKey: Guid(9041fd6e0797cf74a8f08340e6157c0d) Importer(2089858483,b0f066a214c2f5e87bad3c948f4d605d)
Start importing Packages/com.unity.render-pipelines.universal/ShaderLibrary/DBuffer.hlsl using Guid(9041fd6e0797cf74a8f08340e6157c0d) Importer(2089858483,b0f066a214c2f5e87bad3c948f4d605d) (ScriptedImporter) -> (artifact id: '786c9e33805e721e63399f35d2e29d3c') in 0.0061296 seconds
Number of updated asset objects reloaded before import = 0Number of asset objects unloaded after import = 1

========================================================================
Received Import Request.
  Time since last request: 0.000025 seconds.
  path: Packages/com.unity.shadergraph/Editor/Generation/Targets/Fullscreen/FullscreenData.cs
  artifactKey: Guid(72e6c41bd91e94645bd050543cb17d62) Importer(2089858483,b0f066a214c2f5e87bad3c948f4d605d)
Start importing Packages/com.unity.shadergraph/Editor/Generation/Targets/Fullscreen/FullscreenData.cs using Guid(72e6c41bd91e94645bd050543cb17d62) Importer(2089858483,b0f066a214c2f5e87bad3c948f4d605d) (ScriptedImporter) -> (artifact id: '56650ed1edf8e4fc466718b145474f9e') in 0.0077703 seconds
Number of updated asset objects reloaded before import = 0Number of asset objects unloaded after import = 0

========================================================================
Received Import Request.
  Time since last request: 0.000036 seconds.
  path: Packages/com.unity.shadergraph/Editor/Drawing/Views/Slots/Texture3DSlotControlView.cs
  artifactKey: Guid(843052fb41ee94a92b93c2070c1bf577) Importer(2089858483,b0f066a214c2f5e87bad3c948f4d605d)
Start importing Packages/com.unity.shadergraph/Editor/Drawing/Views/Slots/Texture3DSlotControlView.cs using Guid(843052fb41ee94a92b93c2070c1bf577) Importer(2089858483,b0f066a214c2f5e87bad3c948f4d605d) (ScriptedImporter) -> (artifact id: 'c48b463129f40e3c69324c77416ab1d6') in 0.0085956 seconds
Number of updated asset objects reloaded before import = 0Number of asset objects unloaded after import = 0

========================================================================
Received Import Request.
  Time since last request: 0.000031 seconds.
  path: Packages/com.unity.shadergraph/Editor/Data/Nodes/Math/Wave/NoiseSineWaveNode.cs
  artifactKey: Guid(ee4eb305b2f727b47bbac99de0772c18) Importer(2089858483,b0f066a214c2f5e87bad3c948f4d605d)
Start importing Packages/com.unity.shadergraph/Editor/Data/Nodes/Math/Wave/NoiseSineWaveNode.cs using Guid(ee4eb305b2f727b47bbac99de0772c18) Importer(2089858483,b0f066a214c2f5e87bad3c948f4d605d) (ScriptedImporter) -> (artifact id: '4ec8544257d9f396753faf7a14ba37b9') in 0.0059408 seconds
Number of updated asset objects reloaded before import = 0Number of asset objects unloaded after import = 0

========================================================================
Received Import Request.
  Time since last request: 0.000045 seconds.
  path: Packages/com.unity.shadergraph/Editor/Data/Nodes/Math/Advanced/AbsoluteNode.cs
  artifactKey: Guid(4b496ffd32c22d94bb525897d152da05) Importer(2089858483,b0f066a214c2f5e87bad3c948f4d605d)
Start importing Packages/com.unity.shadergraph/Editor/Data/Nodes/Math/Advanced/AbsoluteNode.cs using Guid(4b496ffd32c22d94bb525897d152da05) Importer(2089858483,b0f066a214c2f5e87bad3c948f4d605d) (ScriptedImporter) -> (artifact id: 'f4f7842cf15436fa430b8513407a7d44') in 0.0071321 seconds
Number of updated asset objects reloaded before import = 0Number of asset objects unloaded after import = 0

========================================================================
Received Import Request.
  Time since last request: 0.000024 seconds.
  path: Packages/com.unity.shadergraph/Editor/Resources/UXML/Blackboard/SGBlackboard.uxml
  artifactKey: Guid(4ee4ce39889d8db4d8c49aa84772cd12) Importer(2089858483,b0f066a214c2f5e87bad3c948f4d605d)
Start importing Packages/com.unity.shadergraph/Editor/Resources/UXML/Blackboard/SGBlackboard.uxml using Guid(4ee4ce39889d8db4d8c49aa84772cd12) Importer(2089858483,b0f066a214c2f5e87bad3c948f4d605d) (ScriptedImporter) -> (artifact id: 'dadc5ab7b27636d3075109b7f5742403') in 0.0160265 seconds
Number of updated asset objects reloaded before import = 0Number of asset objects unloaded after import = 2

========================================================================
Received Import Request.
  Time since last request: 0.000017 seconds.
  path: Packages/com.unity.ide.rider/Rider/Editor/Discovery.cs
  artifactKey: Guid(dab656c79e1985c40b31faebcda44442) Importer(2089858483,b0f066a214c2f5e87bad3c948f4d605d)
Start importing Packages/com.unity.ide.rider/Rider/Editor/Discovery.cs using Guid(dab656c79e1985c40b31faebcda44442) Importer(2089858483,b0f066a214c2f5e87bad3c948f4d605d) (ScriptedImporter) -> (artifact id: '13117e2ae587f460ed5caa5a155e31f0') in 0.0049532 seconds
Number of updated asset objects reloaded before import = 0Number of asset objects unloaded after import = 0

========================================================================
Received Import Request.
  Time since last request: 0.000020 seconds.
  path: Packages/com.unity.render-pipelines.universal-config/LICENSE.md
  artifactKey: Guid(8a8d9e4408d3f1247884b71451a0abcf) Importer(2089858483,b0f066a214c2f5e87bad3c948f4d605d)
Start importing Packages/com.unity.render-pipelines.universal-config/LICENSE.md using Guid(8a8d9e4408d3f1247884b71451a0abcf) Importer(2089858483,b0f066a214c2f5e87bad3c948f4d605d) (ScriptedImporter) -> (artifact id: 'd2ad90eddd21dc877d17282b276606c1') in 0.0055903 seconds
Number of updated asset objects reloaded before import = 0Number of asset objects unloaded after import = 1

========================================================================
Received Import Request.
  Time since last request: 0.000040 seconds.
  path: Packages/com.unity.shadergraph/Editor/Generation/Targets/BuiltIn/Editor/AssetVersion.cs
  artifactKey: Guid(639247ca83abc874e893eb93af2b5e44) Importer(2089858483,b0f066a214c2f5e87bad3c948f4d605d)
Start importing Packages/com.unity.shadergraph/Editor/Generation/Targets/BuiltIn/Editor/AssetVersion.cs using Guid(639247ca83abc874e893eb93af2b5e44) Importer(2089858483,b0f066a214c2f5e87bad3c948f4d605d) (ScriptedImporter) -> (artifact id: '3f7ea9237dfa65c6d275fe78b387c831') in 0.0057615 seconds
Number of updated asset objects reloaded before import = 0Number of asset objects unloaded after import = 0

========================================================================
Received Import Request.
  Time since last request: 0.000018 seconds.
  path: Packages/com.unity.render-pipelines.universal/ShaderLibrary/UnityTypes.hlsl
  artifactKey: Guid(8d0dd75f99f9243d584a08489c8498b8) Importer(2089858483,b0f066a214c2f5e87bad3c948f4d605d)
Start importing Packages/com.unity.render-pipelines.universal/ShaderLibrary/UnityTypes.hlsl using Guid(8d0dd75f99f9243d584a08489c8498b8) Importer(2089858483,b0f066a214c2f5e87bad3c948f4d605d) (ScriptedImporter) -> (artifact id: '71c38582aef0f00a835cae43d1fec511') in 0.0053083 seconds
Number of updated asset objects reloaded before import = 0Number of asset objects unloaded after import = 1

========================================================================
Received Import Request.
  Time since last request: 0.000037 seconds.
  path: Packages/com.unity.render-pipelines.universal/Editor/Camera/UniversalRenderPipelineCameraUI.Rendering.Skin.cs
  artifactKey: Guid(0e89e471cecba0d41a66b54909f947cc) Importer(2089858483,b0f066a214c2f5e87bad3c948f4d605d)
Start importing Packages/com.unity.render-pipelines.universal/Editor/Camera/UniversalRenderPipelineCameraUI.Rendering.Skin.cs using Guid(0e89e471cecba0d41a66b54909f947cc) Importer(2089858483,b0f066a214c2f5e87bad3c948f4d605d) (ScriptedImporter) -> (artifact id: 'd494b74efd586504de28695066d36201') in 0.0042559 seconds
Number of updated asset objects reloaded before import = 0Number of asset objects unloaded after import = 0

========================================================================
Received Import Request.
  Time since last request: 0.000022 seconds.
  path: Packages/com.unity.render-pipelines.universal/Shaders/SimpleLitDepthNormalsPass.hlsl
  artifactKey: Guid(a63ccbef6bed14464a35b8a62ee9b775) Importer(2089858483,b0f066a214c2f5e87bad3c948f4d605d)
Start importing Packages/com.unity.render-pipelines.universal/Shaders/SimpleLitDepthNormalsPass.hlsl using Guid(a63ccbef6bed14464a35b8a62ee9b775) Importer(2089858483,b0f066a214c2f5e87bad3c948f4d605d) (ScriptedImporter) -> (artifact id: '424d391bc5ac2656497dff753147e978') in 0.0042664 seconds
Number of updated asset objects reloaded before import = 0Number of asset objects unloaded after import = 1

========================================================================
Received Import Request.
  Time since last request: 0.000041 seconds.
  path: Packages/com.unity.render-pipelines.universal/Shaders/BakedLit.shader
  artifactKey: Guid(0ca6dca7396eb48e5849247ffd444914) Importer(2089858483,b0f066a214c2f5e87bad3c948f4d605d)
Start importing Packages/com.unity.render-pipelines.universal/Shaders/BakedLit.shader using Guid(0ca6dca7396eb48e5849247ffd444914) Importer(2089858483,b0f066a214c2f5e87bad3c948f4d605d) (ScriptedImporter) -> (artifact id: 'fb26cc8525cdf1fbab0253a1d7f98515') in 0.0112055 seconds
Number of updated asset objects reloaded before import = 0Number of asset objects unloaded after import = 2

========================================================================
Received Import Request.
  Time since last request: 0.000024 seconds.
  path: Packages/com.unity.render-pipelines.universal/Shaders/SpatialMappingWireframe.shader
  artifactKey: Guid(e8b802ac01d87144b91f12f40c1f2659) Importer(2089858483,b0f066a214c2f5e87bad3c948f4d605d)
Start importing Packages/com.unity.render-pipelines.universal/Shaders/SpatialMappingWireframe.shader using Guid(e8b802ac01d87144b91f12f40c1f2659) Importer(2089858483,b0f066a214c2f5e87bad3c948f4d605d) (ScriptedImporter) -> (artifact id: 'f791c52390a83ff7a5ff9842e2f5d5a3') in 0.0066936 seconds
Number of updated asset objects reloaded before import = 0Number of asset objects unloaded after import = 1

========================================================================
Received Import Request.
  Time since last request: 0.000017 seconds.
  path: Packages/com.unity.shadergraph/Editor/Resources/GraphView/Nodes/PreviewCollapse.png
  artifactKey: Guid(03d3df9748467354ab39a973710a3a30) Importer(2089858483,b0f066a214c2f5e87bad3c948f4d605d)
Start importing Packages/com.unity.shadergraph/Editor/Resources/GraphView/Nodes/PreviewCollapse.png using Guid(03d3df9748467354ab39a973710a3a30) Importer(2089858483,b0f066a214c2f5e87bad3c948f4d605d) (ScriptedImporter) -> (artifact id: 'ac38b0767f6be74cdd866d0fb5f53890') in 0.0136378 seconds
Number of updated asset objects reloaded before import = 0Number of asset objects unloaded after import = 1

========================================================================
Received Import Request.
  Time since last request: 0.000034 seconds.
  path: Packages/com.unity.render-pipelines.universal/Runtime/UniversalRenderPipeline.cs
  artifactKey: Guid(ae13646e45aa3634da32df7c7da1c380) Importer(2089858483,b0f066a214c2f5e87bad3c948f4d605d)
Start importing Packages/com.unity.render-pipelines.universal/Runtime/UniversalRenderPipeline.cs using Guid(ae13646e45aa3634da32df7c7da1c380) Importer(2089858483,b0f066a214c2f5e87bad3c948f4d605d) (ScriptedImporter) -> (artifact id: 'fa60f90245c7f506077413cbd61c460b') in 0.0071346 seconds
Number of updated asset objects reloaded before import = 0Number of asset objects unloaded after import = 0

========================================================================
Received Import Request.
  Time since last request: 0.000120 seconds.
  path: Packages/com.unity.shadergraph/Editor/Generation/Targets/UITK/IUISubTarget.cs
  artifactKey: Guid(32198450093a7204c9552deba467bbf4) Importer(2089858483,b0f066a214c2f5e87bad3c948f4d605d)
Start importing Packages/com.unity.shadergraph/Editor/Generation/Targets/UITK/IUISubTarget.cs using Guid(32198450093a7204c9552deba467bbf4) Importer(2089858483,b0f066a214c2f5e87bad3c948f4d605d) (ScriptedImporter) -> (artifact id: '082f1bb9d66bc2dc882355f5cedbfabc') in 0.0113559 seconds
Number of updated asset objects reloaded before import = 0Number of asset objects unloaded after import = 0

========================================================================
Received Import Request.
  Time since last request: 0.000022 seconds.
  path: Packages/com.unity.shadergraph/Editor/Generation/Targets/Canvas/CanvasSubTarget.cs
  artifactKey: Guid(3ab5e3f315cd4041b2aa8600df09dd3e) Importer(2089858483,b0f066a214c2f5e87bad3c948f4d605d)
Start importing Packages/com.unity.shadergraph/Editor/Generation/Targets/Canvas/CanvasSubTarget.cs using Guid(3ab5e3f315cd4041b2aa8600df09dd3e) Importer(2089858483,b0f066a214c2f5e87bad3c948f4d605d) (ScriptedImporter) -> (artifact id: '1d26e53679db66c54b818d2cbde170b9') in 0.0077061 seconds
Number of updated asset objects reloaded before import = 0Number of asset objects unloaded after import = 0

========================================================================
Received Import Request.
  Time since last request: 0.000024 seconds.
  path: Packages/com.unity.render-pipelines.universal/Runtime/RenderingLayerUtils.cs
  artifactKey: Guid(9970fa110f6e0904eabc7780d79a96ae) Importer(2089858483,b0f066a214c2f5e87bad3c948f4d605d)
Start importing Packages/com.unity.render-pipelines.universal/Runtime/RenderingLayerUtils.cs using Guid(9970fa110f6e0904eabc7780d79a96ae) Importer(2089858483,b0f066a214c2f5e87bad3c948f4d605d) (ScriptedImporter) -> (artifact id: '2b58a00574ebc409791c482725d5209c') in 0.0052785 seconds
Number of updated asset objects reloaded before import = 0Number of asset objects unloaded after import = 0

========================================================================
Received Import Request.
  Time since last request: 0.000024 seconds.
  path: Packages/com.unity.render-pipelines.universal/Editor/AnimationClipUpgrader.cs
  artifactKey: Guid(fa2a59a04711f40438d3880b3c717871) Importer(2089858483,b0f066a214c2f5e87bad3c948f4d605d)
Start importing Packages/com.unity.render-pipelines.universal/Editor/AnimationClipUpgrader.cs using Guid(fa2a59a04711f40438d3880b3c717871) Importer(2089858483,b0f066a214c2f5e87bad3c948f4d605d) (ScriptedImporter) -> (artifact id: 'a14f1c2728e1eb266c5ec16bed4887bf') in 0.0057178 seconds
Number of updated asset objects reloaded before import = 0Number of asset objects unloaded after import = 0

========================================================================
Received Import Request.
  Time since last request: 0.000048 seconds.
  path: Packages/com.unity.ide.rider/Rider/Editor/ProjectGeneration/IGenerator.cs
  artifactKey: Guid(39cb9ab8a3b2452cbf58ffbea841d203) Importer(2089858483,b0f066a214c2f5e87bad3c948f4d605d)
Start importing Packages/com.unity.ide.rider/Rider/Editor/ProjectGeneration/IGenerator.cs using Guid(39cb9ab8a3b2452cbf58ffbea841d203) Importer(2089858483,b0f066a214c2f5e87bad3c948f4d605d) (ScriptedImporter) -> (artifact id: 'e4e5c6d8d72a2fb81d4c542d1ec110cb') in 0.0068543 seconds
Number of updated asset objects reloaded before import = 0Number of asset objects unloaded after import = 0

========================================================================
Received Import Request.
  Time since last request: 0.000019 seconds.
  path: Packages/com.unity.render-pipelines.universal/ShaderLibrary/LODCrossFade.hlsl
  artifactKey: Guid(ef46fb1e00bf67142ae3548411a562b6) Importer(2089858483,b0f066a214c2f5e87bad3c948f4d605d)
Start importing Packages/com.unity.render-pipelines.universal/ShaderLibrary/LODCrossFade.hlsl using Guid(ef46fb1e00bf67142ae3548411a562b6) Importer(2089858483,b0f066a214c2f5e87bad3c948f4d605d) (ScriptedImporter) -> (artifact id: '4e16560ec3dd5a5f9ca82ccb65d66961') in 0.0064518 seconds
Number of updated asset objects reloaded before import = 0Number of asset objects unloaded after import = 1

========================================================================
Received Import Request.
  Time since last request: 0.000022 seconds.
  path: Packages/com.unity.render-pipelines.universal/Runtime/ForwardLights.cs
  artifactKey: Guid(54d9cfe23e3274c689c539ee0ee17dcf) Importer(2089858483,b0f066a214c2f5e87bad3c948f4d605d)
Start importing Packages/com.unity.render-pipelines.universal/Runtime/ForwardLights.cs using Guid(54d9cfe23e3274c689c539ee0ee17dcf) Importer(2089858483,b0f066a214c2f5e87bad3c948f4d605d) (ScriptedImporter) -> (artifact id: '3a061c6594b58b554b2c2743b23113db') in 0.00569 seconds
Number of updated asset objects reloaded before import = 0Number of asset objects unloaded after import = 0

========================================================================
Received Import Request.
  Time since last request: 0.000021 seconds.
  path: Packages/com.unity.shadergraph/Editor/Data/Nodes/Math/Vector/ProjectionNode.cs
  artifactKey: Guid(7cf458b51c72d4045a820965b8037b9b) Importer(2089858483,b0f066a214c2f5e87bad3c948f4d605d)
Start importing Packages/com.unity.shadergraph/Editor/Data/Nodes/Math/Vector/ProjectionNode.cs using Guid(7cf458b51c72d4045a820965b8037b9b) Importer(2089858483,b0f066a214c2f5e87bad3c948f4d605d) (ScriptedImporter) -> (artifact id: 'e633d1aee91088b5565d3c8ec01715e3') in 0.0062253 seconds
Number of updated asset objects reloaded before import = 0Number of asset objects unloaded after import = 0

========================================================================
Received Import Request.
  Time since last request: 0.000037 seconds.
  path: Packages/com.unity.shadergraph/Editor/Generation/Targets/Fullscreen/Includes/FullscreenBlit.hlsl
  artifactKey: Guid(c1931467a12255f489f3c72e4aa99ade) Importer(2089858483,b0f066a214c2f5e87bad3c948f4d605d)
Start importing Packages/com.unity.shadergraph/Editor/Generation/Targets/Fullscreen/Includes/FullscreenBlit.hlsl using Guid(c1931467a12255f489f3c72e4aa99ade) Importer(2089858483,b0f066a214c2f5e87bad3c948f4d605d) (ScriptedImporter) -> (artifact id: 'ea6f60ae74633fcd663327f26033679b') in 0.0054132 seconds
Number of updated asset objects reloaded before import = 0Number of asset objects unloaded after import = 1

========================================================================
Received Import Request.
  Time since last request: 0.000018 seconds.
  path: Packages/com.unity.ide.rider/Rider/Editor/Util/CommandLineParser.cs
  artifactKey: Guid(154ace4bd16de9f4e84052ac257786d6) Importer(2089858483,b0f066a214c2f5e87bad3c948f4d605d)
Start importing Packages/com.unity.ide.rider/Rider/Editor/Util/CommandLineParser.cs using Guid(154ace4bd16de9f4e84052ac257786d6) Importer(2089858483,b0f066a214c2f5e87bad3c948f4d605d) (ScriptedImporter) -> (artifact id: '721ba4f7be84f4b2e5cd9a9029df2ade') in 0.0057501 seconds
Number of updated asset objects reloaded before import = 0Number of asset objects unloaded after import = 0

========================================================================
Received Import Request.
  Time since last request: 0.000051 seconds.
  path: Packages/com.unity.render-pipelines.universal/Editor/LightExplorer.cs
  artifactKey: Guid(dc4f14b5fb9db4e99a705e5f81c13cf5) Importer(2089858483,b0f066a214c2f5e87bad3c948f4d605d)
Start importing Packages/com.unity.render-pipelines.universal/Editor/LightExplorer.cs using Guid(dc4f14b5fb9db4e99a705e5f81c13cf5) Importer(2089858483,b0f066a214c2f5e87bad3c948f4d605d) (ScriptedImporter) -> (artifact id: 'd39a067dd252da7de6a6a7efdd0f3de4') in 0.0044735 seconds
Number of updated asset objects reloaded before import = 0Number of asset objects unloaded after import = 0

========================================================================
Received Import Request.
  Time since last request: 0.000020 seconds.
  path: Packages/com.unity.shadergraph/Editor/Data/Nodes/Input/Geometry/PositionNode.cs
  artifactKey: Guid(137f6921c5ee7ca4dbffb34de10f52f5) Importer(2089858483,b0f066a214c2f5e87bad3c948f4d605d)
Start importing Packages/com.unity.shadergraph/Editor/Data/Nodes/Input/Geometry/PositionNode.cs using Guid(137f6921c5ee7ca4dbffb34de10f52f5) Importer(2089858483,b0f066a214c2f5e87bad3c948f4d605d) (ScriptedImporter) -> (artifact id: '5fb3ab85fcbf3aa8d633c3ab71879666') in 0.0054035 seconds
Number of updated asset objects reloaded before import = 0Number of asset objects unloaded after import = 0

========================================================================
Received Import Request.
  Time since last request: 0.000039 seconds.
  path: Packages/com.unity.render-pipelines.universal/Editor/Gizmos/Camera_Overlay.png
  artifactKey: Guid(de8dba0dc20209d4086c0dd93ddf0dd4) Importer(2089858483,b0f066a214c2f5e87bad3c948f4d605d)
Start importing Packages/com.unity.render-pipelines.universal/Editor/Gizmos/Camera_Overlay.png using Guid(de8dba0dc20209d4086c0dd93ddf0dd4) Importer(2089858483,b0f066a214c2f5e87bad3c948f4d605d) (ScriptedImporter) -> (artifact id: 'aa170665277e5d472f899e234ee92c35') in 0.0151595 seconds
Number of updated asset objects reloaded before import = 0Number of asset objects unloaded after import = 1

========================================================================
Received Import Request.
  Time since last request: 0.000040 seconds.
  path: Packages/com.unity.render-pipelines.universal/Editor/RendererFeatures/NewPostProcessTemplateDropdownItems.cs
  artifactKey: Guid(a1f945299a132004b958edeb1e9441dd) Importer(2089858483,b0f066a214c2f5e87bad3c948f4d605d)
Start importing Packages/com.unity.render-pipelines.universal/Editor/RendererFeatures/NewPostProcessTemplateDropdownItems.cs using Guid(a1f945299a132004b958edeb1e9441dd) Importer(2089858483,b0f066a214c2f5e87bad3c948f4d605d) (ScriptedImporter) -> (artifact id: 'a160b41bef296316638eb9e7a6bc933a') in 0.0058084 seconds
Number of updated asset objects reloaded before import = 0Number of asset objects unloaded after import = 0

========================================================================
Received Import Request.
  Time since last request: 0.000018 seconds.
  path: Packages/com.unity.render-pipelines.universal/Editor/Decal/DecalProjectorEditor.cs
  artifactKey: Guid(e95fca79248379e42bece9300ebf44ab) Importer(2089858483,b0f066a214c2f5e87bad3c948f4d605d)
Start importing Packages/com.unity.render-pipelines.universal/Editor/Decal/DecalProjectorEditor.cs using Guid(e95fca79248379e42bece9300ebf44ab) Importer(2089858483,b0f066a214c2f5e87bad3c948f4d605d) (ScriptedImporter) -> (artifact id: '83cce63fb68eef0934fb9faa05a96d5d') in 0.0079722 seconds
Number of updated asset objects reloaded before import = 0Number of asset objects unloaded after import = 0

========================================================================
Received Import Request.
  Time since last request: 0.000040 seconds.
  path: Packages/com.unity.render-pipelines.universal/Editor/ShaderGraph/UniversalBlockFields.cs
  artifactKey: Guid(2102cc5328fff429ab79b384a6ba51b2) Importer(2089858483,b0f066a214c2f5e87bad3c948f4d605d)
Start importing Packages/com.unity.render-pipelines.universal/Editor/ShaderGraph/UniversalBlockFields.cs using Guid(2102cc5328fff429ab79b384a6ba51b2) Importer(2089858483,b0f066a214c2f5e87bad3c948f4d605d) (ScriptedImporter) -> (artifact id: '287bedc9e57f892ce00c00fec14f0115') in 0.0080451 seconds
Number of updated asset objects reloaded before import = 0Number of asset objects unloaded after import = 0

========================================================================
Received Import Request.
  Time since last request: 0.000030 seconds.
  path: Packages/com.unity.render-pipelines.universal/Editor/SceneTemplates/Indoors.unity
  artifactKey: Guid(41b58a5346e82e4489f95a96a01905f4) Importer(2089858483,b0f066a214c2f5e87bad3c948f4d605d)
Start importing Packages/com.unity.render-pipelines.universal/Editor/SceneTemplates/Indoors.unity using Guid(41b58a5346e82e4489f95a96a01905f4) Importer(2089858483,b0f066a214c2f5e87bad3c948f4d605d) (ScriptedImporter) -> (artifact id: '6f7bfa7eb892b42c53466e8683642158') in 0.010266 seconds
Number of updated asset objects reloaded before import = 0Number of asset objects unloaded after import = 1

========================================================================
Received Import Request.
  Time since last request: 0.000023 seconds.
  path: Packages/com.unity.render-pipelines.universal/Editor/RendererFeatures/NewPostProcessVolumeComponent.cs.txt
  artifactKey: Guid(de03ee604e709ec44b8356ef5776a893) Importer(2089858483,b0f066a214c2f5e87bad3c948f4d605d)
Start importing Packages/com.unity.render-pipelines.universal/Editor/RendererFeatures/NewPostProcessVolumeComponent.cs.txt using Guid(de03ee604e709ec44b8356ef5776a893) Importer(2089858483,b0f066a214c2f5e87bad3c948f4d605d) (ScriptedImporter) -> (artifact id: '8745b6ca0d21426a6b6c358e90f3eb35') in 0.0070144 seconds
Number of updated asset objects reloaded before import = 0Number of asset objects unloaded after import = 1

========================================================================
Received Import Request.
  Time since last request: 0.000019 seconds.
  path: Packages/com.unity.render-pipelines.universal/Editor/ShaderGraph/UniversalStructs.cs
  artifactKey: Guid(2ac687ac4790a434e9503543c707b33f) Importer(2089858483,b0f066a214c2f5e87bad3c948f4d605d)
Start importing Packages/com.unity.render-pipelines.universal/Editor/ShaderGraph/UniversalStructs.cs using Guid(2ac687ac4790a434e9503543c707b33f) Importer(2089858483,b0f066a214c2f5e87bad3c948f4d605d) (ScriptedImporter) -> (artifact id: 'ade75298b5a6823374b0503afeab46e1') in 0.0051849 seconds
Number of updated asset objects reloaded before import = 0Number of asset objects unloaded after import = 0

========================================================================
Received Import Request.
  Time since last request: 0.000022 seconds.
  path: Packages/com.unity.render-pipelines.universal/Editor/Settings/UniversalRenderPipelinePreferencesProvider.cs
  artifactKey: Guid(dfe4e1c6ce66d514bafdec16128f59ed) Importer(2089858483,b0f066a214c2f5e87bad3c948f4d605d)
Start importing Packages/com.unity.render-pipelines.universal/Editor/Settings/UniversalRenderPipelinePreferencesProvider.cs using Guid(dfe4e1c6ce66d514bafdec16128f59ed) Importer(2089858483,b0f066a214c2f5e87bad3c948f4d605d) (ScriptedImporter) -> (artifact id: 'ad2bdbf1d22d383f13f3baedd8bd4a13') in 0.0058908 seconds
Number of updated asset objects reloaded before import = 0Number of asset objects unloaded after import = 0

========================================================================
Received Import Request.
  Time since last request: 0.000035 seconds.
  path: Packages/com.unity.shadergraph/Editor/Data/Nodes/Math/Advanced/PosterizeNode.cs
  artifactKey: Guid(4322ad8d0cd83df47afd741a6b97d57b) Importer(2089858483,b0f066a214c2f5e87bad3c948f4d605d)
Start importing Packages/com.unity.shadergraph/Editor/Data/Nodes/Math/Advanced/PosterizeNode.cs using Guid(4322ad8d0cd83df47afd741a6b97d57b) Importer(2089858483,b0f066a214c2f5e87bad3c948f4d605d) (ScriptedImporter) -> (artifact id: '9271ff9b46818dafe3526a7ef55beb46') in 0.0052032 seconds
Number of updated asset objects reloaded before import = 0Number of asset objects unloaded after import = 0

========================================================================
Received Import Request.
  Time since last request: 0.000025 seconds.
  path: Packages/com.unity.shadergraph/Editor/Generation/Targets/CustomRenderTexture/CustomTextureGraph.hlsl
  artifactKey: Guid(96a8b300b2dfb474bb4fd8118749fdec) Importer(2089858483,b0f066a214c2f5e87bad3c948f4d605d)
Start importing Packages/com.unity.shadergraph/Editor/Generation/Targets/CustomRenderTexture/CustomTextureGraph.hlsl using Guid(96a8b300b2dfb474bb4fd8118749fdec) Importer(2089858483,b0f066a214c2f5e87bad3c948f4d605d) (ScriptedImporter) -> (artifact id: '1d112ac34a6743afa15b0b311cccca4c') in 0.0049899 seconds
Number of updated asset objects reloaded before import = 0Number of asset objects unloaded after import = 1

========================================================================
Received Import Request.
  Time since last request: 0.000021 seconds.
  path: Packages/com.unity.render-pipelines.universal/Runtime/StpUtils.cs
  artifactKey: Guid(0e5ca08473eaf5a4ba31f382d9f51a4b) Importer(2089858483,b0f066a214c2f5e87bad3c948f4d605d)
Start importing Packages/com.unity.render-pipelines.universal/Runtime/StpUtils.cs using Guid(0e5ca08473eaf5a4ba31f382d9f51a4b) Importer(2089858483,b0f066a214c2f5e87bad3c948f4d605d) (ScriptedImporter) -> (artifact id: 'fa5d52193d06c75bb8a9037577a3202d') in 0.0052725 seconds
Number of updated asset objects reloaded before import = 0Number of asset objects unloaded after import = 0

========================================================================
Received Import Request.
  Time since last request: 0.000035 seconds.
  path: Packages/com.unity.shadergraph/Editor/Drawing/Inspector/WindowDockingLayout.cs
  artifactKey: Guid(5f70875ecccbc924b8f9f0d58bbb37e8) Importer(2089858483,b0f066a214c2f5e87bad3c948f4d605d)
Start importing Packages/com.unity.shadergraph/Editor/Drawing/Inspector/WindowDockingLayout.cs using Guid(5f70875ecccbc924b8f9f0d58bbb37e8) Importer(2089858483,b0f066a214c2f5e87bad3c948f4d605d) (ScriptedImporter) -> (artifact id: '53d8c6f779fd2f07dd8d2773c18d1973') in 0.0056996 seconds
Number of updated asset objects reloaded before import = 0Number of asset objects unloaded after import = 0

========================================================================
Received Import Request.
  Time since last request: 0.000046 seconds.
  path: Packages/com.unity.shadergraph/Editor/Generation/Targets/Fullscreen/FullscreenShaderGUI.cs
  artifactKey: Guid(c8397526cd944664f841668eeee04055) Importer(2089858483,b0f066a214c2f5e87bad3c948f4d605d)
Start importing Packages/com.unity.shadergraph/Editor/Generation/Targets/Fullscreen/FullscreenShaderGUI.cs using Guid(c8397526cd944664f841668eeee04055) Importer(2089858483,b0f066a214c2f5e87bad3c948f4d605d) (ScriptedImporter) -> (artifact id: '5be108b3b2f4c47abd1da2c292180b66') in 0.0067275 seconds
Number of updated asset objects reloaded before import = 0Number of asset objects unloaded after import = 0

========================================================================
Received Import Request.
  Time since last request: 0.000021 seconds.
  path: Packages/com.unity.render-pipelines.universal/Runtime/ScriptableRendererFeature.cs
  artifactKey: Guid(98c74010f62ed40b280474667ca0005e) Importer(2089858483,b0f066a214c2f5e87bad3c948f4d605d)
Start importing Packages/com.unity.render-pipelines.universal/Runtime/ScriptableRendererFeature.cs using Guid(98c74010f62ed40b280474667ca0005e) Importer(2089858483,b0f066a214c2f5e87bad3c948f4d605d) (ScriptedImporter) -> (artifact id: '8ddb79dc2d66958187f22995319680a2') in 0.0073492 seconds
Number of updated asset objects reloaded before import = 0Number of asset objects unloaded after import = 0

========================================================================
Received Import Request.
  Time since last request: 0.000019 seconds.
  path: Packages/com.unity.render-pipelines.universal/Shaders/UnlitMetaPass.hlsl
  artifactKey: Guid(138efaf7fb432134da44d5a4981a62ad) Importer(2089858483,b0f066a214c2f5e87bad3c948f4d605d)
Start importing Packages/com.unity.render-pipelines.universal/Shaders/UnlitMetaPass.hlsl using Guid(138efaf7fb432134da44d5a4981a62ad) Importer(2089858483,b0f066a214c2f5e87bad3c948f4d605d) (ScriptedImporter) -> (artifact id: 'd8bf94eacf52887865709afb2e9336e9') in 0.0067967 seconds
Number of updated asset objects reloaded before import = 0Number of asset objects unloaded after import = 1

========================================================================
Received Import Request.
  Time since last request: 0.000032 seconds.
  path: Packages/com.unity.shadergraph/Editor/Data/Nodes/Procedural/Shape/RoundedPolygonNode.cs
  artifactKey: Guid(9fe360949f7225e49ba3073ff7044159) Importer(2089858483,b0f066a214c2f5e87bad3c948f4d605d)
Start importing Packages/com.unity.shadergraph/Editor/Data/Nodes/Procedural/Shape/RoundedPolygonNode.cs using Guid(9fe360949f7225e49ba3073ff7044159) Importer(2089858483,b0f066a214c2f5e87bad3c948f4d605d) (ScriptedImporter) -> (artifact id: '5ac09a5986edf2a15fc9c4ce10794f97') in 0.0071348 seconds
Number of updated asset objects reloaded before import = 0Number of asset objects unloaded after import = 0

========================================================================
Received Import Request.
  Time since last request: 0.000030 seconds.
  path: Packages/com.unity.shadergraph/Editor/Data/Legacy/SerializableGuid.cs
  artifactKey: Guid(24f07b05b5f6f4c2c8dffd53c3d22cb7) Importer(2089858483,b0f066a214c2f5e87bad3c948f4d605d)
Start importing Packages/com.unity.shadergraph/Editor/Data/Legacy/SerializableGuid.cs using Guid(24f07b05b5f6f4c2c8dffd53c3d22cb7) Importer(2089858483,b0f066a214c2f5e87bad3c948f4d605d) (ScriptedImporter) -> (artifact id: '1b73a0f9a712f60db2f39cb0bb720c29') in 0.0064835 seconds
Number of updated asset objects reloaded before import = 0Number of asset objects unloaded after import = 0

========================================================================
Received Import Request.
  Time since last request: 0.000018 seconds.
  path: Packages/com.unity.shadergraph/Editor/Drawing/Inspector/PropertyDrawers/SubGraphOutputNodePropertyDrawer.cs
  artifactKey: Guid(e628cecc47c94d4da6cd8ac547e1a4ef) Importer(2089858483,b0f066a214c2f5e87bad3c948f4d605d)
Start importing Packages/com.unity.shadergraph/Editor/Drawing/Inspector/PropertyDrawers/SubGraphOutputNodePropertyDrawer.cs using Guid(e628cecc47c94d4da6cd8ac547e1a4ef) Importer(2089858483,b0f066a214c2f5e87bad3c948f4d605d) (ScriptedImporter) -> (artifact id: 'b306f15c612e394f55af089a2943b0e5') in 0.0097707 seconds
Number of updated asset objects reloaded before import = 0Number of asset objects unloaded after import = 0

========================================================================
Received Import Request.
  Time since last request: 0.000025 seconds.
  path: Packages/com.unity.render-pipelines.universal/ShaderLibrary/VisualEffectVertex.hlsl
  artifactKey: Guid(41a9ae1971520f84c89225b0e84299ec) Importer(2089858483,b0f066a214c2f5e87bad3c948f4d605d)
Start importing Packages/com.unity.render-pipelines.universal/ShaderLibrary/VisualEffectVertex.hlsl using Guid(41a9ae1971520f84c89225b0e84299ec) Importer(2089858483,b0f066a214c2f5e87bad3c948f4d605d) (ScriptedImporter) -> (artifact id: '79ddf1b4cc3475c558fc98e3d557f433') in 0.0064912 seconds
Number of updated asset objects reloaded before import = 0Number of asset objects unloaded after import = 1

========================================================================
Received Import Request.
  Time since last request: 0.000035 seconds.
  path: Packages/com.unity.shadergraph/Editor/Generation/Targets/BuiltIn/ShaderLibrary/ShaderTypes.cs.hlsl
  artifactKey: Guid(90c38a95e899f254f984aef093366e94) Importer(2089858483,b0f066a214c2f5e87bad3c948f4d605d)
Start importing Packages/com.unity.shadergraph/Editor/Generation/Targets/BuiltIn/ShaderLibrary/ShaderTypes.cs.hlsl using Guid(90c38a95e899f254f984aef093366e94) Importer(2089858483,b0f066a214c2f5e87bad3c948f4d605d) (ScriptedImporter) -> (artifact id: 'e15a0128f398a14611d042a4ef6bd36b') in 0.007817 seconds
Number of updated asset objects reloaded before import = 0Number of asset objects unloaded after import = 1

========================================================================
Received Import Request.
  Time since last request: 0.000050 seconds.
  path: Packages/com.unity.render-pipelines.universal/Editor/ShaderGUI/ShadergraphSpriteGUI.cs
  artifactKey: Guid(478c8ec8473e14f4597a729050dc56f3) Importer(2089858483,b0f066a214c2f5e87bad3c948f4d605d)
Start importing Packages/com.unity.render-pipelines.universal/Editor/ShaderGUI/ShadergraphSpriteGUI.cs using Guid(478c8ec8473e14f4597a729050dc56f3) Importer(2089858483,b0f066a214c2f5e87bad3c948f4d605d) (ScriptedImporter) -> (artifact id: '7fb86f7fcede605e74ea945b094026e4') in 0.0070283 seconds
Number of updated asset objects reloaded before import = 0Number of asset objects unloaded after import = 0

========================================================================
Received Import Request.
  Time since last request: 0.000036 seconds.
  path: Packages/com.unity.render-pipelines.universal/Editor/VFXGraph/VFXURPLitPlanarPrimitiveOutput.cs
  artifactKey: Guid(eb5fc605d29533f408188a3955e8c926) Importer(2089858483,b0f066a214c2f5e87bad3c948f4d605d)
Start importing Packages/com.unity.render-pipelines.universal/Editor/VFXGraph/VFXURPLitPlanarPrimitiveOutput.cs using Guid(eb5fc605d29533f408188a3955e8c926) Importer(2089858483,b0f066a214c2f5e87bad3c948f4d605d) (ScriptedImporter) -> (artifact id: 'ea003928681795bfc96e9abcb8cdbf54') in 0.0068708 seconds
Number of updated asset objects reloaded before import = 0Number of asset objects unloaded after import = 0

========================================================================
Received Import Request.
  Time since last request: 0.000031 seconds.
  path: Packages/com.unity.render-pipelines.universal/Editor/VFXGraph/VFXURPLitMeshOutput.cs
  artifactKey: Guid(7f7a196c2fc0e28498f906f9af84b44f) Importer(2089858483,b0f066a214c2f5e87bad3c948f4d605d)
Start importing Packages/com.unity.render-pipelines.universal/Editor/VFXGraph/VFXURPLitMeshOutput.cs using Guid(7f7a196c2fc0e28498f906f9af84b44f) Importer(2089858483,b0f066a214c2f5e87bad3c948f4d605d) (ScriptedImporter) -> (artifact id: '585acab25c634b33bed6fc1b42f35628') in 0.0059644 seconds
Number of updated asset objects reloaded before import = 0Number of asset objects unloaded after import = 0

========================================================================
Received Import Request.
  Time since last request: 0.000024 seconds.
  path: Packages/com.unity.render-pipelines.universal/Editor/ShaderGUI/ParticleGUI.cs
  artifactKey: Guid(2b54c0ca113574ce495f3b706648b6d0) Importer(2089858483,b0f066a214c2f5e87bad3c948f4d605d)
Start importing Packages/com.unity.render-pipelines.universal/Editor/ShaderGUI/ParticleGUI.cs using Guid(2b54c0ca113574ce495f3b706648b6d0) Importer(2089858483,b0f066a214c2f5e87bad3c948f4d605d) (ScriptedImporter) -> (artifact id: 'd530a7bf7cb8b0c01c46a0a8c35ca6c1') in 0.006793 seconds
Number of updated asset objects reloaded before import = 0Number of asset objects unloaded after import = 0

========================================================================
Received Import Request.
  Time since last request: 0.000069 seconds.
  path: Packages/com.unity.render-pipelines.universal/Runtime/Data/UniversalRenderPipelineAsset.cs
  artifactKey: Guid(bf2edee5c58d82540a51f03df9d42094) Importer(2089858483,b0f066a214c2f5e87bad3c948f4d605d)
Start importing Packages/com.unity.render-pipelines.universal/Runtime/Data/UniversalRenderPipelineAsset.cs using Guid(bf2edee5c58d82540a51f03df9d42094) Importer(2089858483,b0f066a214c2f5e87bad3c948f4d605d) (ScriptedImporter) -> (artifact id: '547922486604707c2fdc99935b105dc4') in 0.0065572 seconds
Number of updated asset objects reloaded before import = 0Number of asset objects unloaded after import = 0

========================================================================
Received Import Request.
  Time since last request: 0.000039 seconds.
  path: Packages/com.unity.render-pipelines.universal/Runtime/2D/PixelPerfectCameraInternal.cs
  artifactKey: Guid(adcb49d2b04b1654b85e627fe5dde64f) Importer(2089858483,b0f066a214c2f5e87bad3c948f4d605d)
Start importing Packages/com.unity.render-pipelines.universal/Runtime/2D/PixelPerfectCameraInternal.cs using Guid(adcb49d2b04b1654b85e627fe5dde64f) Importer(2089858483,b0f066a214c2f5e87bad3c948f4d605d) (ScriptedImporter) -> (artifact id: '49987562f026c7fe6d610fc2cfd2e1cf') in 0.0071356 seconds
Number of updated asset objects reloaded before import = 0Number of asset objects unloaded after import = 0

========================================================================
Received Import Request.
  Time since last request: 0.000024 seconds.
  path: Packages/com.unity.render-pipelines.universal/Editor/VFXGraph/VFXURPLitQuadStripOutput.cs
  artifactKey: Guid(8765d56d24de6a34f9192447e3cabb6d) Importer(2089858483,b0f066a214c2f5e87bad3c948f4d605d)
Start importing Packages/com.unity.render-pipelines.universal/Editor/VFXGraph/VFXURPLitQuadStripOutput.cs using Guid(8765d56d24de6a34f9192447e3cabb6d) Importer(2089858483,b0f066a214c2f5e87bad3c948f4d605d) (ScriptedImporter) -> (artifact id: '479d3fd48fda70bf53eafd4b7911b890') in 0.006809 seconds
Number of updated asset objects reloaded before import = 0Number of asset objects unloaded after import = 0

========================================================================
Received Import Request.
  Time since last request: 0.000032 seconds.
  path: Packages/com.unity.shadergraph/Editor/Data/Graphs/GraphConcretization.cs
  artifactKey: Guid(54e6f853237cbe244b9d890b2a1eba6e) Importer(2089858483,b0f066a214c2f5e87bad3c948f4d605d)
Start importing Packages/com.unity.shadergraph/Editor/Data/Graphs/GraphConcretization.cs using Guid(54e6f853237cbe244b9d890b2a1eba6e) Importer(2089858483,b0f066a214c2f5e87bad3c948f4d605d) (ScriptedImporter) -> (artifact id: 'ce0e51996cb86ccba9ed749c02d880cf') in 0.0072922 seconds
Number of updated asset objects reloaded before import = 0Number of asset objects unloaded after import = 0

========================================================================
Received Import Request.
  Time since last request: 0.000048 seconds.
  path: Packages/com.unity.shadergraph/GraphTemplates/BuiltIn/BuiltIn Lit Basic.shadergraph
  artifactKey: Guid(2019d78ad3d1c5c4a8d309a857ca449f) Importer(2089858483,b0f066a214c2f5e87bad3c948f4d605d)
Start importing Packages/com.unity.shadergraph/GraphTemplates/BuiltIn/BuiltIn Lit Basic.shadergraph using Guid(2019d78ad3d1c5c4a8d309a857ca449f) Importer(2089858483,b0f066a214c2f5e87bad3c948f4d605d) (ScriptedImporter) -> (artifact id: '7cb73f80c37d94caccf91d704549ea1b') in 0.3001937 seconds
Number of updated asset objects reloaded before import = 0Number of asset objects unloaded after import = 5

========================================================================
Received Import Request.
  Time since last request: 0.000059 seconds.
  path: Packages/com.unity.shadergraph/Editor/Data/Nodes/Procedural/Shape/PolygonNode.cs
  artifactKey: Guid(97e0f55e76f7d88449d41fe897188d67) Importer(2089858483,b0f066a214c2f5e87bad3c948f4d605d)
Start importing Packages/com.unity.shadergraph/Editor/Data/Nodes/Procedural/Shape/PolygonNode.cs using Guid(97e0f55e76f7d88449d41fe897188d67) Importer(2089858483,b0f066a214c2f5e87bad3c948f4d605d) (ScriptedImporter) -> (artifact id: '35a571473100a157afa171e5077808d5') in 0.0061409 seconds
Number of updated asset objects reloaded before import = 0Number of asset objects unloaded after import = 0

========================================================================
Received Import Request.
  Time since last request: 0.000030 seconds.
  path: Packages/com.unity.timeline/Editor/StyleSheets/Images/Shared/TimelineSwatch.png
  artifactKey: Guid(e50018fd67fc156459e4014bdad3f5f6) Importer(2089858483,b0f066a214c2f5e87bad3c948f4d605d)
Start importing Packages/com.unity.timeline/Editor/StyleSheets/Images/Shared/TimelineSwatch.png using Guid(e50018fd67fc156459e4014bdad3f5f6) Importer(2089858483,b0f066a214c2f5e87bad3c948f4d605d) (ScriptedImporter) -> (artifact id: '3b7a44ea8a906200c26ae55af89efe76') in 0.0145775 seconds
Number of updated asset objects reloaded before import = 0Number of asset objects unloaded after import = 1

========================================================================
Received Import Request.
  Time since last request: 0.000037 seconds.
  path: Packages/com.unity.shadergraph/Editor/Serialization/MultiJsonEntry.cs
  artifactKey: Guid(f4edc0353630446093713b6b40464e5f) Importer(2089858483,b0f066a214c2f5e87bad3c948f4d605d)
Start importing Packages/com.unity.shadergraph/Editor/Serialization/MultiJsonEntry.cs using Guid(f4edc0353630446093713b6b40464e5f) Importer(2089858483,b0f066a214c2f5e87bad3c948f4d605d) (ScriptedImporter) -> (artifact id: '1d8801323413a3063c5a781ad1450de6') in 0.0055089 seconds
Number of updated asset objects reloaded before import = 0Number of asset objects unloaded after import = 0

========================================================================
Received Import Request.
  Time since last request: 0.000034 seconds.
  path: Packages/com.unity.shadergraph/Editor/Drawing/Views/PreviewSceneResources.cs
  artifactKey: Guid(37873c3b010e40d1ac1e6aace3c0fb10) Importer(2089858483,b0f066a214c2f5e87bad3c948f4d605d)
Start importing Packages/com.unity.shadergraph/Editor/Drawing/Views/PreviewSceneResources.cs using Guid(37873c3b010e40d1ac1e6aace3c0fb10) Importer(2089858483,b0f066a214c2f5e87bad3c948f4d605d) (ScriptedImporter) -> (artifact id: 'eabdb317bce34f729b5f111f1eead78b') in 0.0055539 seconds
Number of updated asset objects reloaded before import = 0Number of asset objects unloaded after import = 0

========================================================================
Received Import Request.
  Time since last request: 0.000072 seconds.
  path: Packages/com.unity.render-pipelines.universal/Editor/Gizmos/Camera_Base.png
  artifactKey: Guid(24b1fe14c2b41d6489a7e7819483df6b) Importer(2089858483,b0f066a214c2f5e87bad3c948f4d605d)
Start importing Packages/com.unity.render-pipelines.universal/Editor/Gizmos/Camera_Base.png using Guid(24b1fe14c2b41d6489a7e7819483df6b) Importer(2089858483,b0f066a214c2f5e87bad3c948f4d605d) (ScriptedImporter) -> (artifact id: '87a6561a1bb4acebb741f4e79e6b35cc') in 0.0108364 seconds
Number of updated asset objects reloaded before import = 0Number of asset objects unloaded after import = 1

========================================================================
Received Import Request.
  Time since last request: 0.000040 seconds.
  path: Packages/com.unity.render-pipelines.universal/Runtime/Passes/DrawSkyboxPass.cs
  artifactKey: Guid(ae3e4e9915f7b6347b65203987c4f8b0) Importer(2089858483,b0f066a214c2f5e87bad3c948f4d605d)
Start importing Packages/com.unity.render-pipelines.universal/Runtime/Passes/DrawSkyboxPass.cs using Guid(ae3e4e9915f7b6347b65203987c4f8b0) Importer(2089858483,b0f066a214c2f5e87bad3c948f4d605d) (ScriptedImporter) -> (artifact id: 'b8ce2ca77244658e8f3d392a53bf1f0f') in 0.0057876 seconds
Number of updated asset objects reloaded before import = 0Number of asset objects unloaded after import = 0

========================================================================
Received Import Request.
  Time since last request: 0.000029 seconds.
  path: Packages/com.unity.render-pipelines.universal/Runtime/Passes/DrawScreenSpaceUIPass.cs
  artifactKey: Guid(a834bac5135fab746bc234ec665972de) Importer(2089858483,b0f066a214c2f5e87bad3c948f4d605d)
Start importing Packages/com.unity.render-pipelines.universal/Runtime/Passes/DrawScreenSpaceUIPass.cs using Guid(a834bac5135fab746bc234ec665972de) Importer(2089858483,b0f066a214c2f5e87bad3c948f4d605d) (ScriptedImporter) -> (artifact id: '28b21d00deffce67d5529469127ae613') in 0.0093185 seconds
Number of updated asset objects reloaded before import = 0Number of asset objects unloaded after import = 0

========================================================================
Received Import Request.
  Time since last request: 0.000035 seconds.
  path: Packages/com.unity.render-pipelines.universal/Runtime/Materials/Decal.mat
  artifactKey: Guid(31d0dcc6f2dd4e4408d18036a2c93862) Importer(2089858483,b0f066a214c2f5e87bad3c948f4d605d)
Start importing Packages/com.unity.render-pipelines.universal/Runtime/Materials/Decal.mat using Guid(31d0dcc6f2dd4e4408d18036a2c93862) Importer(2089858483,b0f066a214c2f5e87bad3c948f4d605d) (ScriptedImporter) -> (artifact id: '11705ff792e4d8e47d6118ade0180684') in 0.0133896 seconds
Number of updated asset objects reloaded before import = 0Number of asset objects unloaded after import = 0

========================================================================
Received Import Request.
  Time since last request: 0.000031 seconds.
  path: Packages/com.unity.render-pipelines.universal/Runtime/Passes/ScriptableRenderPass.cs
  artifactKey: Guid(edba24b6007b9dd41824b4656ed8ebcf) Importer(2089858483,b0f066a214c2f5e87bad3c948f4d605d)
Start importing Packages/com.unity.render-pipelines.universal/Runtime/Passes/ScriptableRenderPass.cs using Guid(edba24b6007b9dd41824b4656ed8ebcf) Importer(2089858483,b0f066a214c2f5e87bad3c948f4d605d) (ScriptedImporter) -> (artifact id: '3ec0d5aca6ee18e38e424a93b21717c1') in 0.0076792 seconds
Number of updated asset objects reloaded before import = 0Number of asset objects unloaded after import = 0

========================================================================
Received Import Request.
  Time since last request: 0.000036 seconds.
  path: Packages/com.unity.render-pipelines.universal/Runtime/Passes/XRDepthMotionPass.cs
  artifactKey: Guid(56d37d33776d0f44586207d08936dd58) Importer(2089858483,b0f066a214c2f5e87bad3c948f4d605d)
Start importing Packages/com.unity.render-pipelines.universal/Runtime/Passes/XRDepthMotionPass.cs using Guid(56d37d33776d0f44586207d08936dd58) Importer(2089858483,b0f066a214c2f5e87bad3c948f4d605d) (ScriptedImporter) -> (artifact id: '55df29f67d966f41f2298fe16e5f98b3') in 0.0052948 seconds
Number of updated asset objects reloaded before import = 0Number of asset objects unloaded after import = 0

========================================================================
Received Import Request.
  Time since last request: 0.000027 seconds.
  path: Packages/com.unity.render-pipelines.universal/Runtime/Overrides/LiftGammaGain.cs
  artifactKey: Guid(5485954d14dfb9a4c8ead8edb0ded5b1) Importer(2089858483,b0f066a214c2f5e87bad3c948f4d605d)
Start importing Packages/com.unity.render-pipelines.universal/Runtime/Overrides/LiftGammaGain.cs using Guid(5485954d14dfb9a4c8ead8edb0ded5b1) Importer(2089858483,b0f066a214c2f5e87bad3c948f4d605d) (ScriptedImporter) -> (artifact id: '1d840924da53608953fadfce337fadec') in 0.0058743 seconds
Number of updated asset objects reloaded before import = 0Number of asset objects unloaded after import = 0

========================================================================
Received Import Request.
  Time since last request: 0.000027 seconds.
  path: Packages/com.unity.shadergraph/Editor/Data/Graphs/Vector3ShaderProperty.cs
  artifactKey: Guid(34a68571f5ae4ebe8221824597dc0675) Importer(2089858483,b0f066a214c2f5e87bad3c948f4d605d)
Start importing Packages/com.unity.shadergraph/Editor/Data/Graphs/Vector3ShaderProperty.cs using Guid(34a68571f5ae4ebe8221824597dc0675) Importer(2089858483,b0f066a214c2f5e87bad3c948f4d605d) (ScriptedImporter) -> (artifact id: '1feaaea9318edfadfa41e9c354977ff2') in 0.0060275 seconds
Number of updated asset objects reloaded before import = 0Number of asset objects unloaded after import = 0

========================================================================
Received Import Request.
  Time since last request: 0.000032 seconds.
  path: Packages/com.unity.shadergraph/Editor/Generation/Descriptors/IncludeDescriptor.cs
  artifactKey: Guid(5c3e582d15e186547aa916699e3bfb34) Importer(2089858483,b0f066a214c2f5e87bad3c948f4d605d)
Start importing Packages/com.unity.shadergraph/Editor/Generation/Descriptors/IncludeDescriptor.cs using Guid(5c3e582d15e186547aa916699e3bfb34) Importer(2089858483,b0f066a214c2f5e87bad3c948f4d605d) (ScriptedImporter) -> (artifact id: 'fb8c9a32b3ebdd7ace1a418db728c3db') in 0.0061936 seconds
Number of updated asset objects reloaded before import = 0Number of asset objects unloaded after import = 0

========================================================================
Received Import Request.
  Time since last request: 0.000044 seconds.
  path: Packages/com.unity.shadergraph/Editor/Data/Nodes/AbstractMaterialNode.cs
  artifactKey: Guid(a4da4d7c02dcbdd4f9ef2d3b1106879a) Importer(2089858483,b0f066a214c2f5e87bad3c948f4d605d)
Start importing Packages/com.unity.shadergraph/Editor/Data/Nodes/AbstractMaterialNode.cs using Guid(a4da4d7c02dcbdd4f9ef2d3b1106879a) Importer(2089858483,b0f066a214c2f5e87bad3c948f4d605d) (ScriptedImporter) -> (artifact id: '5a1eb35be1e311525e05a0360517a862') in 0.0054246 seconds
Number of updated asset objects reloaded before import = 0Number of asset objects unloaded after import = 0

========================================================================
Received Import Request.
  Time since last request: 0.000025 seconds.
  path: Packages/com.unity.render-pipelines.universal/Editor/ShaderGUI/SixWayGUI.cs
  artifactKey: Guid(b0e62b855f4840d5a767597e3fa34a90) Importer(2089858483,b0f066a214c2f5e87bad3c948f4d605d)
Start importing Packages/com.unity.render-pipelines.universal/Editor/ShaderGUI/SixWayGUI.cs using Guid(b0e62b855f4840d5a767597e3fa34a90) Importer(2089858483,b0f066a214c2f5e87bad3c948f4d605d) (ScriptedImporter) -> (artifact id: '3ab9fd496f854c4649465d3898b845f7') in 0.0081414 seconds
Number of updated asset objects reloaded before import = 0Number of asset objects unloaded after import = 0

========================================================================
Received Import Request.
  Time since last request: 0.000035 seconds.
  path: Packages/com.unity.shadergraph/GraphTemplates/Cross Pipeline/TerrainStandardTemplateThumbnail.png
  artifactKey: Guid(6e413e07ed366984daa954acc11e85e9) Importer(2089858483,b0f066a214c2f5e87bad3c948f4d605d)
Start importing Packages/com.unity.shadergraph/GraphTemplates/Cross Pipeline/TerrainStandardTemplateThumbnail.png using Guid(6e413e07ed366984daa954acc11e85e9) Importer(2089858483,b0f066a214c2f5e87bad3c948f4d605d) (ScriptedImporter) -> (artifact id: '3e94196c189da00babfd4b4131a0d3e3') in 0.0149029 seconds
Number of updated asset objects reloaded before import = 0Number of asset objects unloaded after import = 1

========================================================================
Received Import Request.
  Time since last request: 0.000286 seconds.
  path: Packages/com.unity.shadergraph/Editor/Drawing/Blackboard/SGBlackboardRow.cs
  artifactKey: Guid(7481cf2e22074dbdb915ebd086bd0652) Importer(2089858483,b0f066a214c2f5e87bad3c948f4d605d)
Start importing Packages/com.unity.shadergraph/Editor/Drawing/Blackboard/SGBlackboardRow.cs using Guid(7481cf2e22074dbdb915ebd086bd0652) Importer(2089858483,b0f066a214c2f5e87bad3c948f4d605d) (ScriptedImporter) -> (artifact id: '006083d30c613122fd6c70d9fc43e639') in 0.0089873 seconds
Number of updated asset objects reloaded before import = 0Number of asset objects unloaded after import = 0

========================================================================
Received Import Request.
  Time since last request: 0.000062 seconds.
  path: Packages/com.unity.render-pipelines.universal/Editor/VFXGraph/VFXDecalURPOutput.cs
  artifactKey: Guid(aadc678256814bc4948f5dec6dddd861) Importer(2089858483,b0f066a214c2f5e87bad3c948f4d605d)
Start importing Packages/com.unity.render-pipelines.universal/Editor/VFXGraph/VFXDecalURPOutput.cs using Guid(aadc678256814bc4948f5dec6dddd861) Importer(2089858483,b0f066a214c2f5e87bad3c948f4d605d) (ScriptedImporter) -> (artifact id: '214aeb52207c33782d9b6e6b432c13f6') in 0.010008 seconds
Number of updated asset objects reloaded before import = 0Number of asset objects unloaded after import = 0

========================================================================
Received Import Request.
  Time since last request: 0.000034 seconds.
  path: Packages/com.unity.timeline/Editor/Window/Modes/TimelineReadOnlyMode.cs
  artifactKey: Guid(3f8643c1f8dd449e85b548a14edbea2e) Importer(2089858483,b0f066a214c2f5e87bad3c948f4d605d)
Start importing Packages/com.unity.timeline/Editor/Window/Modes/TimelineReadOnlyMode.cs using Guid(3f8643c1f8dd449e85b548a14edbea2e) Importer(2089858483,b0f066a214c2f5e87bad3c948f4d605d) (ScriptedImporter) -> (artifact id: '41ece3351fabeff769eb17c08af550d0') in 0.0087789 seconds
Number of updated asset objects reloaded before import = 0Number of asset objects unloaded after import = 0

========================================================================
Received Import Request.
  Time since last request: 0.000057 seconds.
  path: Packages/com.unity.render-pipelines.universal/Shaders/LitInput.hlsl
  artifactKey: Guid(c46f85bf266d7496d9b3659acfbdc711) Importer(2089858483,b0f066a214c2f5e87bad3c948f4d605d)
Start importing Packages/com.unity.render-pipelines.universal/Shaders/LitInput.hlsl using Guid(c46f85bf266d7496d9b3659acfbdc711) Importer(2089858483,b0f066a214c2f5e87bad3c948f4d605d) (ScriptedImporter) -> (artifact id: '3a82ce73670cfb9927c32ef2327415b6') in 0.0075601 seconds
Number of updated asset objects reloaded before import = 0Number of asset objects unloaded after import = 1

========================================================================
Received Import Request.
  Time since last request: 0.000038 seconds.
  path: Packages/com.unity.render-pipelines.universal/Runtime/2D/Light2DManager.cs
  artifactKey: Guid(d8151411c155429aa167611d958fbb8c) Importer(2089858483,b0f066a214c2f5e87bad3c948f4d605d)
Start importing Packages/com.unity.render-pipelines.universal/Runtime/2D/Light2DManager.cs using Guid(d8151411c155429aa167611d958fbb8c) Importer(2089858483,b0f066a214c2f5e87bad3c948f4d605d) (ScriptedImporter) -> (artifact id: '40b456bd4fa9a04571f3ac2453e92460') in 0.0057916 seconds
Number of updated asset objects reloaded before import = 0Number of asset objects unloaded after import = 0

========================================================================
Received Import Request.
  Time since last request: 0.000038 seconds.
  path: Packages/com.unity.render-pipelines.universal/Runtime/Debug/UniversalRenderPipelineVolumeDebugSettings.cs
  artifactKey: Guid(18f50ab9cd0aa054b99d7d539cd829b5) Importer(2089858483,b0f066a214c2f5e87bad3c948f4d605d)
Start importing Packages/com.unity.render-pipelines.universal/Runtime/Debug/UniversalRenderPipelineVolumeDebugSettings.cs using Guid(18f50ab9cd0aa054b99d7d539cd829b5) Importer(2089858483,b0f066a214c2f5e87bad3c948f4d605d) (ScriptedImporter) -> (artifact id: 'ee58e4313d1becc8850bd08ac723d8fb') in 0.0069463 seconds
Number of updated asset objects reloaded before import = 0Number of asset objects unloaded after import = 0

========================================================================
Received Import Request.
  Time since last request: 0.000029 seconds.
  path: Packages/com.unity.render-pipelines.universal/Runtime/Settings/URPTerrainShaderSetting.cs
  artifactKey: Guid(2f5d344954b35bc4faad3771ebd6ccd8) Importer(2089858483,b0f066a214c2f5e87bad3c948f4d605d)
Start importing Packages/com.unity.render-pipelines.universal/Runtime/Settings/URPTerrainShaderSetting.cs using Guid(2f5d344954b35bc4faad3771ebd6ccd8) Importer(2089858483,b0f066a214c2f5e87bad3c948f4d605d) (ScriptedImporter) -> (artifact id: '7df8686fae74fd121b670d3070b47906') in 0.0055603 seconds
Number of updated asset objects reloaded before import = 0Number of asset objects unloaded after import = 0

========================================================================
Received Import Request.
  Time since last request: 0.000028 seconds.
  path: Packages/com.unity.render-pipelines.universal/Runtime/RendererFeatures/DisallowMultipleRendererFeature.cs
  artifactKey: Guid(43a7ba8bc4aba4c199e05fe79d3f9bee) Importer(2089858483,b0f066a214c2f5e87bad3c948f4d605d)
Start importing Packages/com.unity.render-pipelines.universal/Runtime/RendererFeatures/DisallowMultipleRendererFeature.cs using Guid(43a7ba8bc4aba4c199e05fe79d3f9bee) Importer(2089858483,b0f066a214c2f5e87bad3c948f4d605d) (ScriptedImporter) -> (artifact id: '82220fe9499bd79cd7f536d524939dfb') in 0.0064895 seconds
Number of updated asset objects reloaded before import = 0Number of asset objects unloaded after import = 0

========================================================================
Received Import Request.
  Time since last request: 0.000042 seconds.
  path: Packages/com.unity.render-pipelines.universal/Runtime/RendererFeatures/FullScreenPassRendererFeature.cs
  artifactKey: Guid(b00045f12942b46c698459096c89274e) Importer(2089858483,b0f066a214c2f5e87bad3c948f4d605d)
Start importing Packages/com.unity.render-pipelines.universal/Runtime/RendererFeatures/FullScreenPassRendererFeature.cs using Guid(b00045f12942b46c698459096c89274e) Importer(2089858483,b0f066a214c2f5e87bad3c948f4d605d) (ScriptedImporter) -> (artifact id: 'e634bfd5aad19392b1aea185d1114996') in 0.0068852 seconds
Number of updated asset objects reloaded before import = 0Number of asset objects unloaded after import = 0

========================================================================
Received Import Request.
  Time since last request: 0.000054 seconds.
  path: Packages/com.unity.render-pipelines.universal/Shaders/AutodeskInteractive/AutodeskInteractive.shadergraph
  artifactKey: Guid(0e9d5a909a1f7e84882a534d0d11e49f) Importer(2089858483,b0f066a214c2f5e87bad3c948f4d605d)
Start importing Packages/com.unity.render-pipelines.universal/Shaders/AutodeskInteractive/AutodeskInteractive.shadergraph using Guid(0e9d5a909a1f7e84882a534d0d11e49f) Importer(2089858483,b0f066a214c2f5e87bad3c948f4d605d) (ScriptedImporter) -> (artifact id: '54f611b20050b4a644e843e76b23280f') in 0.0202642 seconds
Number of updated asset objects reloaded before import = 0Number of asset objects unloaded after import = 0

========================================================================
Received Import Request.
  Time since last request: 0.000028 seconds.
  path: Packages/com.unity.render-pipelines.universal/Runtime/RendererFeatures/OnTilePostProcessResource.cs
  artifactKey: Guid(24921b8147a072847b68efb524c025e3) Importer(2089858483,b0f066a214c2f5e87bad3c948f4d605d)
Start importing Packages/com.unity.render-pipelines.universal/Runtime/RendererFeatures/OnTilePostProcessResource.cs using Guid(24921b8147a072847b68efb524c025e3) Importer(2089858483,b0f066a214c2f5e87bad3c948f4d605d) (ScriptedImporter) -> (artifact id: 'baee6d9f531f685490e373e65644f570') in 0.0049482 seconds
Number of updated asset objects reloaded before import = 0Number of asset objects unloaded after import = 0

========================================================================
Received Import Request.
  Time since last request: 0.000027 seconds.
  path: Packages/com.unity.render-pipelines.universal/Runtime/Settings/RenderGraphSettings.cs
  artifactKey: Guid(0cf625ee415e13145960c2d843523d39) Importer(2089858483,b0f066a214c2f5e87bad3c948f4d605d)
Start importing Packages/com.unity.render-pipelines.universal/Runtime/Settings/RenderGraphSettings.cs using Guid(0cf625ee415e13145960c2d843523d39) Importer(2089858483,b0f066a214c2f5e87bad3c948f4d605d) (ScriptedImporter) -> (artifact id: '681daf9c1aab594b98a479635a2f03f7') in 0.005011 seconds
Number of updated asset objects reloaded before import = 0Number of asset objects unloaded after import = 0

========================================================================
Received Import Request.
  Time since last request: 0.000028 seconds.
  path: Packages/com.unity.render-pipelines.universal/Runtime/RendererFeatures/FullScreenPassRendererFeature_OldGUID.cs
  artifactKey: Guid(6d613f08f173d4dd895bb07b3230baa9) Importer(2089858483,b0f066a214c2f5e87bad3c948f4d605d)
Start importing Packages/com.unity.render-pipelines.universal/Runtime/RendererFeatures/FullScreenPassRendererFeature_OldGUID.cs using Guid(6d613f08f173d4dd895bb07b3230baa9) Importer(2089858483,b0f066a214c2f5e87bad3c948f4d605d) (ScriptedImporter) -> (artifact id: '4845c788e4efd7f5f35c1268afa0bd95') in 0.0059102 seconds
Number of updated asset objects reloaded before import = 0Number of asset objects unloaded after import = 0

========================================================================
Received Import Request.
  Time since last request: 0.000073 seconds.
  path: Packages/com.unity.render-pipelines.universal/Runtime/Overrides/MotionBlur.cs
  artifactKey: Guid(ccf1aba9553839d41ae37dd52e9ebcce) Importer(2089858483,b0f066a214c2f5e87bad3c948f4d605d)
Start importing Packages/com.unity.render-pipelines.universal/Runtime/Overrides/MotionBlur.cs using Guid(ccf1aba9553839d41ae37dd52e9ebcce) Importer(2089858483,b0f066a214c2f5e87bad3c948f4d605d) (ScriptedImporter) -> (artifact id: '4cd9444bde1f4b496093d894fda6a498') in 0.005661 seconds
Number of updated asset objects reloaded before import = 0Number of asset objects unloaded after import = 0

========================================================================
Received Import Request.
  Time since last request: 0.000026 seconds.
  path: Packages/com.unity.shadergraph/Editor/Data/Nodes/Utility/SplitTextureTransformNode.cs
  artifactKey: Guid(88d9d4ff293792c42a6008e688bbc8fc) Importer(2089858483,b0f066a214c2f5e87bad3c948f4d605d)
Start importing Packages/com.unity.shadergraph/Editor/Data/Nodes/Utility/SplitTextureTransformNode.cs using Guid(88d9d4ff293792c42a6008e688bbc8fc) Importer(2089858483,b0f066a214c2f5e87bad3c948f4d605d) (ScriptedImporter) -> (artifact id: 'c2c9da4611f40b4d46767e34be8d8bee') in 0.0066099 seconds
Number of updated asset objects reloaded before import = 0Number of asset objects unloaded after import = 0

========================================================================
Received Import Request.
  Time since last request: 0.000030 seconds.
  path: Packages/com.unity.timeline/Editor/Window/Modes/TimeReferenceMode.cs
  artifactKey: Guid(34d6f60b171c1004e8335d52c65928a3) Importer(2089858483,b0f066a214c2f5e87bad3c948f4d605d)
Start importing Packages/com.unity.timeline/Editor/Window/Modes/TimeReferenceMode.cs using Guid(34d6f60b171c1004e8335d52c65928a3) Importer(2089858483,b0f066a214c2f5e87bad3c948f4d605d) (ScriptedImporter) -> (artifact id: 'a71fb8ff0780f2f3e3d658e4418f110e') in 0.0067492 seconds
Number of updated asset objects reloaded before import = 0Number of asset objects unloaded after import = 0

========================================================================
Received Import Request.
  Time since last request: 0.000028 seconds.
  path: Packages/com.unity.shadergraph/GraphTemplates/Cross Pipeline/1_Lit Full.shadergraph
  artifactKey: Guid(aee84ce0dab81b049bb88017d78a63cd) Importer(2089858483,b0f066a214c2f5e87bad3c948f4d605d)
Start importing Packages/com.unity.shadergraph/GraphTemplates/Cross Pipeline/1_Lit Full.shadergraph using Guid(aee84ce0dab81b049bb88017d78a63cd) Importer(2089858483,b0f066a214c2f5e87bad3c948f4d605d) (ScriptedImporter) -> (artifact id: 'b063aa0757526a0a83243d2220ad3f88') in 0.0224911 seconds
Number of updated asset objects reloaded before import = 0Number of asset objects unloaded after import = 6

========================================================================
Received Import Request.
  Time since last request: 0.000047 seconds.
  path: Packages/com.unity.shadergraph/Editor/Generation/Descriptors/StencilDescriptor.cs
  artifactKey: Guid(be68c990e95a1654e9642087a2c0d2f8) Importer(2089858483,b0f066a214c2f5e87bad3c948f4d605d)
Start importing Packages/com.unity.shadergraph/Editor/Generation/Descriptors/StencilDescriptor.cs using Guid(be68c990e95a1654e9642087a2c0d2f8) Importer(2089858483,b0f066a214c2f5e87bad3c948f4d605d) (ScriptedImporter) -> (artifact id: '149497ae170e510a54401c19c7d3bf9a') in 0.0085671 seconds
Number of updated asset objects reloaded before import = 0Number of asset objects unloaded after import = 0

========================================================================
Received Import Request.
  Time since last request: 0.000023 seconds.
  path: Packages/com.unity.shadergraph/Editor/Drawing/Controls/EnumConversionControl.cs
  artifactKey: Guid(50c6ddf46f8445fba2689962d438c227) Importer(2089858483,b0f066a214c2f5e87bad3c948f4d605d)
Start importing Packages/com.unity.shadergraph/Editor/Drawing/Controls/EnumConversionControl.cs using Guid(50c6ddf46f8445fba2689962d438c227) Importer(2089858483,b0f066a214c2f5e87bad3c948f4d605d) (ScriptedImporter) -> (artifact id: 'db8b18dd3d2364e0b11c69e81feec339') in 0.0085138 seconds
Number of updated asset objects reloaded before import = 0Number of asset objects unloaded after import = 0

========================================================================
Received Import Request.
  Time since last request: 0.000060 seconds.
  path: Packages/com.unity.timeline/Editor/Window/Modes/TimelineMode.cs
  artifactKey: Guid(a2cb43d6b0c226443be7e176590837a5) Importer(2089858483,b0f066a214c2f5e87bad3c948f4d605d)
Start importing Packages/com.unity.timeline/Editor/Window/Modes/TimelineMode.cs using Guid(a2cb43d6b0c226443be7e176590837a5) Importer(2089858483,b0f066a214c2f5e87bad3c948f4d605d) (ScriptedImporter) -> (artifact id: '9d099e760d5bb303d4caaff3ea5ea5c2') in 0.0104382 seconds
Number of updated asset objects reloaded before import = 0Number of asset objects unloaded after import = 0

========================================================================
Received Import Request.
  Time since last request: 0.000025 seconds.
  path: Packages/com.unity.shadergraph/Editor/Data/Graphs/Vector4ShaderProperty.cs
  artifactKey: Guid(3989871719194dbdba09613ac74761b3) Importer(2089858483,b0f066a214c2f5e87bad3c948f4d605d)
Start importing Packages/com.unity.shadergraph/Editor/Data/Graphs/Vector4ShaderProperty.cs using Guid(3989871719194dbdba09613ac74761b3) Importer(2089858483,b0f066a214c2f5e87bad3c948f4d605d) (ScriptedImporter) -> (artifact id: '05ff2ca54a4fa2f2b26afabbde3d1763') in 0.0056833 seconds
Number of updated asset objects reloaded before import = 0Number of asset objects unloaded after import = 0

========================================================================
Received Import Request.
  Time since last request: 0.000060 seconds.
  path: Packages/com.unity.shadergraph/Editor/Data/Util/GradientUtil.cs
  artifactKey: Guid(b59f719ccd61c3348bcda608976bd9aa) Importer(2089858483,b0f066a214c2f5e87bad3c948f4d605d)
Start importing Packages/com.unity.shadergraph/Editor/Data/Util/GradientUtil.cs using Guid(b59f719ccd61c3348bcda608976bd9aa) Importer(2089858483,b0f066a214c2f5e87bad3c948f4d605d) (ScriptedImporter) -> (artifact id: '45f6afe0be0fe8aed659aa3332c185b9') in 0.005383 seconds
Number of updated asset objects reloaded before import = 0Number of asset objects unloaded after import = 0

========================================================================
Received Import Request.
  Time since last request: 0.000028 seconds.
  path: Packages/com.unity.render-pipelines.universal/Shaders/PostProcessing/CameraMotionBlur.shader
  artifactKey: Guid(1edcd131364091c46a17cbff0b1de97a) Importer(2089858483,b0f066a214c2f5e87bad3c948f4d605d)
Start importing Packages/com.unity.render-pipelines.universal/Shaders/PostProcessing/CameraMotionBlur.shader using Guid(1edcd131364091c46a17cbff0b1de97a) Importer(2089858483,b0f066a214c2f5e87bad3c948f4d605d) (ScriptedImporter) -> (artifact id: '3d359633db27f81b9f327634408379fa') in 0.0075382 seconds
Number of updated asset objects reloaded before import = 0Number of asset objects unloaded after import = 0

========================================================================
Received Import Request.
  Time since last request: 0.000027 seconds.
  path: Packages/com.unity.render-pipelines.universal/Shaders/Nature/SpeedTree7Billboard.shader
  artifactKey: Guid(5ec81c81908db34429b4f6ddecadd3bd) Importer(2089858483,b0f066a214c2f5e87bad3c948f4d605d)
Start importing Packages/com.unity.render-pipelines.universal/Shaders/Nature/SpeedTree7Billboard.shader using Guid(5ec81c81908db34429b4f6ddecadd3bd) Importer(2089858483,b0f066a214c2f5e87bad3c948f4d605d) (ScriptedImporter) -> (artifact id: '30dd77454f62238e0c6b1a9aa3037d4f') in 0.0077152 seconds
Number of updated asset objects reloaded before import = 0Number of asset objects unloaded after import = 1

========================================================================
Received Import Request.
  Time since last request: 0.000036 seconds.
  path: Packages/com.unity.render-pipelines.universal/Shaders/PostProcessing/SubpixelMorphologicalAntialiasingBridge.hlsl
  artifactKey: Guid(0c5832a72145a5b49a1b64a21a609bb4) Importer(2089858483,b0f066a214c2f5e87bad3c948f4d605d)
Start importing Packages/com.unity.render-pipelines.universal/Shaders/PostProcessing/SubpixelMorphologicalAntialiasingBridge.hlsl using Guid(0c5832a72145a5b49a1b64a21a609bb4) Importer(2089858483,b0f066a214c2f5e87bad3c948f4d605d) (ScriptedImporter) -> (artifact id: 'dc5a41645fad472b201532aa50916b2e') in 0.0077218 seconds
Number of updated asset objects reloaded before import = 0Number of asset objects unloaded after import = 1

========================================================================
Received Import Request.
  Time since last request: 0.000054 seconds.
  path: Packages/com.unity.render-pipelines.universal/Shaders/Nature/SpeedTree8Input.hlsl
  artifactKey: Guid(e9fc1df17be32ac41a7186d571c669d5) Importer(2089858483,b0f066a214c2f5e87bad3c948f4d605d)
Start importing Packages/com.unity.render-pipelines.universal/Shaders/Nature/SpeedTree8Input.hlsl using Guid(e9fc1df17be32ac41a7186d571c669d5) Importer(2089858483,b0f066a214c2f5e87bad3c948f4d605d) (ScriptedImporter) -> (artifact id: '56ab2ef5e300cd2fbbf80cbcbd94fc6c') in 0.0050417 seconds
Number of updated asset objects reloaded before import = 0Number of asset objects unloaded after import = 1

========================================================================
Received Import Request.
  Time since last request: 0.000031 seconds.
  path: Packages/com.unity.render-pipelines.universal/Shaders/Terrain/TerrainDetailLitPasses.hlsl
  artifactKey: Guid(749e1c2d203942319da1fdb1d94c5f2a) Importer(2089858483,b0f066a214c2f5e87bad3c948f4d605d)
Start importing Packages/com.unity.render-pipelines.universal/Shaders/Terrain/TerrainDetailLitPasses.hlsl using Guid(749e1c2d203942319da1fdb1d94c5f2a) Importer(2089858483,b0f066a214c2f5e87bad3c948f4d605d) (ScriptedImporter) -> (artifact id: 'b93eeae50f44fc763357d629012cbeec') in 0.0048297 seconds
Number of updated asset objects reloaded before import = 0Number of asset objects unloaded after import = 1

========================================================================
Received Import Request.
  Time since last request: 0.000028 seconds.
  path: Packages/com.unity.render-pipelines.universal/Shaders/PostProcessing/LutBuilderHdr.shader
  artifactKey: Guid(ec9fec698a3456d4fb18cf8bacb7a2bc) Importer(2089858483,b0f066a214c2f5e87bad3c948f4d605d)
Start importing Packages/com.unity.render-pipelines.universal/Shaders/PostProcessing/LutBuilderHdr.shader using Guid(ec9fec698a3456d4fb18cf8bacb7a2bc) Importer(2089858483,b0f066a214c2f5e87bad3c948f4d605d) (ScriptedImporter) -> (artifact id: 'a3f2512a001eafb3b3d718f8cbad7caa') in 0.0066884 seconds
Number of updated asset objects reloaded before import = 0Number of asset objects unloaded after import = 0

========================================================================
Received Import Request.
  Time since last request: 0.000071 seconds.
  path: Packages/com.unity.render-pipelines.universal/Shaders/Particles/ParticlesSimpleLitForwardPass.hlsl
  artifactKey: Guid(d0ccc42c5a0934462a0ff237772dceff) Importer(2089858483,b0f066a214c2f5e87bad3c948f4d605d)
Start importing Packages/com.unity.render-pipelines.universal/Shaders/Particles/ParticlesSimpleLitForwardPass.hlsl using Guid(d0ccc42c5a0934462a0ff237772dceff) Importer(2089858483,b0f066a214c2f5e87bad3c948f4d605d) (ScriptedImporter) -> (artifact id: '6b03cf87592239ee618fa03bbe3a1470') in 0.0063855 seconds
Number of updated asset objects reloaded before import = 0Number of asset objects unloaded after import = 1

========================================================================
Received Import Request.
  Time since last request: 0.000048 seconds.
  path: Packages/com.unity.shadergraph/Editor/Generation/Target.cs
  artifactKey: Guid(0af4d75d577ec0c48baf9e2648f36bdd) Importer(2089858483,b0f066a214c2f5e87bad3c948f4d605d)
Start importing Packages/com.unity.shadergraph/Editor/Generation/Target.cs using Guid(0af4d75d577ec0c48baf9e2648f36bdd) Importer(2089858483,b0f066a214c2f5e87bad3c948f4d605d) (ScriptedImporter) -> (artifact id: 'ffe254cc606aa8a6971fb173a23db4df') in 0.0045177 seconds
Number of updated asset objects reloaded before import = 0Number of asset objects unloaded after import = 0

========================================================================
Received Import Request.
  Time since last request: 0.000025 seconds.
  path: Packages/com.unity.shadergraph/Editor/Util/ListUtilities.cs
  artifactKey: Guid(8c48f9c41990b0242bcf63d2db521237) Importer(2089858483,b0f066a214c2f5e87bad3c948f4d605d)
Start importing Packages/com.unity.shadergraph/Editor/Util/ListUtilities.cs using Guid(8c48f9c41990b0242bcf63d2db521237) Importer(2089858483,b0f066a214c2f5e87bad3c948f4d605d) (ScriptedImporter) -> (artifact id: 'e62da3f2f4362ab8bb859b713132e6c5') in 0.0061236 seconds
Number of updated asset objects reloaded before import = 0Number of asset objects unloaded after import = 0

========================================================================
Received Import Request.
  Time since last request: 0.000039 seconds.
  path: Packages/com.unity.timeline/Editor/StyleSheets/Images/Shared/TimelineConnector.png
  artifactKey: Guid(a04f1625bf500f64e97445265dfbcc93) Importer(2089858483,b0f066a214c2f5e87bad3c948f4d605d)
Start importing Packages/com.unity.timeline/Editor/StyleSheets/Images/Shared/TimelineConnector.png using Guid(a04f1625bf500f64e97445265dfbcc93) Importer(2089858483,b0f066a214c2f5e87bad3c948f4d605d) (ScriptedImporter) -> (artifact id: 'd4b0c0508dfdfdb16f3eecd6bb19731f') in 0.014115 seconds
Number of updated asset objects reloaded before import = 0Number of asset objects unloaded after import = 1

========================================================================
Received Import Request.
  Time since last request: 0.000038 seconds.
  path: Packages/com.unity.timeline/Editor/StyleSheets/Images/Icons/d_TimelineEditModeRippleON.png
  artifactKey: Guid(67a774c4384aa6c488128e2851b18ced) Importer(2089858483,b0f066a214c2f5e87bad3c948f4d605d)
Start importing Packages/com.unity.timeline/Editor/StyleSheets/Images/Icons/d_TimelineEditModeRippleON.png using Guid(67a774c4384aa6c488128e2851b18ced) Importer(2089858483,b0f066a214c2f5e87bad3c948f4d605d) (ScriptedImporter) -> (artifact id: '98054487acc40f46f4066512857d5b22') in 0.0112529 seconds
Number of updated asset objects reloaded before import = 0Number of asset objects unloaded after import = 1

========================================================================
Received Import Request.
  Time since last request: 0.000046 seconds.
  path: Packages/com.unity.timeline/Editor/StyleSheets/Images/LightSkin/TimelineLoop.png
  artifactKey: Guid(c7df1e797b21c774f9b859d17f674737) Importer(2089858483,b0f066a214c2f5e87bad3c948f4d605d)
Start importing Packages/com.unity.timeline/Editor/StyleSheets/Images/LightSkin/TimelineLoop.png using Guid(c7df1e797b21c774f9b859d17f674737) Importer(2089858483,b0f066a214c2f5e87bad3c948f4d605d) (ScriptedImporter) -> (artifact id: '66194fdbbcd986217eec17a980d9de28') in 0.0115567 seconds
Number of updated asset objects reloaded before import = 0Number of asset objects unloaded after import = 1

========================================================================
Received Import Request.
  Time since last request: 0.000021 seconds.
  path: Packages/com.unity.render-pipelines.universal/ShaderLibrary/LightCookie/LightCookieTypes.hlsl
  artifactKey: Guid(394c5e9a352f74e998cb797d7aa461d4) Importer(2089858483,b0f066a214c2f5e87bad3c948f4d605d)
Start importing Packages/com.unity.render-pipelines.universal/ShaderLibrary/LightCookie/LightCookieTypes.hlsl using Guid(394c5e9a352f74e998cb797d7aa461d4) Importer(2089858483,b0f066a214c2f5e87bad3c948f4d605d) (ScriptedImporter) -> (artifact id: '835f86123bcc924284d0e3a9edac5964') in 0.0046327 seconds
Number of updated asset objects reloaded before import = 0Number of asset objects unloaded after import = 1

========================================================================
Received Import Request.
  Time since last request: 0.000031 seconds.
  path: Packages/com.unity.ide.rider/Rider/Editor/com.unity.ide.rider.asmdef
  artifactKey: Guid(d528c8c98d269ca44a06cd9624a03945) Importer(2089858483,b0f066a214c2f5e87bad3c948f4d605d)
Start importing Packages/com.unity.ide.rider/Rider/Editor/com.unity.ide.rider.asmdef using Guid(d528c8c98d269ca44a06cd9624a03945) Importer(2089858483,b0f066a214c2f5e87bad3c948f4d605d) (ScriptedImporter) -> (artifact id: 'bc87fd9a84f4a2c45ac90658cc6049ca') in 0.0064941 seconds
Number of updated asset objects reloaded before import = 0Number of asset objects unloaded after import = 1

========================================================================
Received Import Request.
  Time since last request: 0.000033 seconds.
  path: Packages/com.unity.shadergraph/Editor/Data/Nodes/Math/Basic/AddNode.cs
  artifactKey: Guid(357a15b35b0cd9e47a66e10c5b627fcd) Importer(2089858483,b0f066a214c2f5e87bad3c948f4d605d)
Start importing Packages/com.unity.shadergraph/Editor/Data/Nodes/Math/Basic/AddNode.cs using Guid(357a15b35b0cd9e47a66e10c5b627fcd) Importer(2089858483,b0f066a214c2f5e87bad3c948f4d605d) (ScriptedImporter) -> (artifact id: 'f3a8a532a4e2b4494595c4066e1967f6') in 0.0049227 seconds
Number of updated asset objects reloaded before import = 0Number of asset objects unloaded after import = 0

========================================================================
Received Import Request.
  Time since last request: 0.000046 seconds.
  path: Packages/com.unity.render-pipelines.universal/Tests/Editor/DocumentationTests.cs
  artifactKey: Guid(8aa70fc832dbdae46a749f0687925875) Importer(2089858483,b0f066a214c2f5e87bad3c948f4d605d)
Start importing Packages/com.unity.render-pipelines.universal/Tests/Editor/DocumentationTests.cs using Guid(8aa70fc832dbdae46a749f0687925875) Importer(2089858483,b0f066a214c2f5e87bad3c948f4d605d) (ScriptedImporter) -> (artifact id: '7d06c025d442d764ab5af269814ed2d6') in 0.0052582 seconds
Number of updated asset objects reloaded before import = 0Number of asset objects unloaded after import = 0

========================================================================
Received Import Request.
  Time since last request: 0.000023 seconds.
  path: Packages/com.unity.render-pipelines.universal/Tests/Runtime/ShadowCaster2DTests.cs
  artifactKey: Guid(cf9e72a1bdd854b65a42b0d13738efcd) Importer(2089858483,b0f066a214c2f5e87bad3c948f4d605d)
Start importing Packages/com.unity.render-pipelines.universal/Tests/Runtime/ShadowCaster2DTests.cs using Guid(cf9e72a1bdd854b65a42b0d13738efcd) Importer(2089858483,b0f066a214c2f5e87bad3c948f4d605d) (ScriptedImporter) -> (artifact id: '354deda3094ee713416f0c30b1261462') in 0.0048482 seconds
Number of updated asset objects reloaded before import = 0Number of asset objects unloaded after import = 0

========================================================================
Received Import Request.
  Time since last request: 0.000020 seconds.
  path: Packages/com.unity.render-pipelines.universal/Tests/Editor/BuddyAllocatorTests.cs
  artifactKey: Guid(ebd6b9f28e27469791da648250488852) Importer(2089858483,b0f066a214c2f5e87bad3c948f4d605d)
Start importing Packages/com.unity.render-pipelines.universal/Tests/Editor/BuddyAllocatorTests.cs using Guid(ebd6b9f28e27469791da648250488852) Importer(2089858483,b0f066a214c2f5e87bad3c948f4d605d) (ScriptedImporter) -> (artifact id: '4c43428f7d1828242922f530d5c1960b') in 0.0064326 seconds
Number of updated asset objects reloaded before import = 0Number of asset objects unloaded after import = 0

========================================================================
Received Import Request.
  Time since last request: 0.000026 seconds.
  path: Packages/com.unity.render-pipelines.universal/Textures/BlueNoise256/LDR_LLL1_2.png
  artifactKey: Guid(c06cc21c692f94f5fb5206247191eeee) Importer(2089858483,b0f066a214c2f5e87bad3c948f4d605d)
Start importing Packages/com.unity.render-pipelines.universal/Textures/BlueNoise256/LDR_LLL1_2.png using Guid(c06cc21c692f94f5fb5206247191eeee) Importer(2089858483,b0f066a214c2f5e87bad3c948f4d605d) (ScriptedImporter) -> (artifact id: '81984de128d64cca387f8c65c03bfa20') in 0.0106836 seconds
Number of updated asset objects reloaded before import = 0Number of asset objects unloaded after import = 0

========================================================================
Received Import Request.
  Time since last request: 0.000033 seconds.
  path: Packages/com.unity.render-pipelines.universal/Shaders/XR/XRMotionVector.shader
  artifactKey: Guid(f89aac1e4f84468418fe30e611dff395) Importer(2089858483,b0f066a214c2f5e87bad3c948f4d605d)
Start importing Packages/com.unity.render-pipelines.universal/Shaders/XR/XRMotionVector.shader using Guid(f89aac1e4f84468418fe30e611dff395) Importer(2089858483,b0f066a214c2f5e87bad3c948f4d605d) (ScriptedImporter) -> (artifact id: '838be347025c51927f7fdc1afff5662c') in 0.0079694 seconds
Number of updated asset objects reloaded before import = 0Number of asset objects unloaded after import = 0

========================================================================
Received Import Request.
  Time since last request: 0.000036 seconds.
  path: Packages/com.unity.render-pipelines.universal/Tests/Editor/ShaderStripToolTests.cs
  artifactKey: Guid(12294e4088bdd864c84d9aa37fc453b1) Importer(2089858483,b0f066a214c2f5e87bad3c948f4d605d)
Start importing Packages/com.unity.render-pipelines.universal/Tests/Editor/ShaderStripToolTests.cs using Guid(12294e4088bdd864c84d9aa37fc453b1) Importer(2089858483,b0f066a214c2f5e87bad3c948f4d605d) (ScriptedImporter) -> (artifact id: '9c35c7c87269e985089d1e587d4a3da0') in 0.0060784 seconds
Number of updated asset objects reloaded before import = 0Number of asset objects unloaded after import = 0

========================================================================
Received Import Request.
  Time since last request: 0.000022 seconds.
  path: Packages/com.unity.render-pipelines.universal/Tests/Runtime/Unity.RenderPipelines.Universal.Runtime.Tests.asmdef
  artifactKey: Guid(bc3b0daec27db604caf7fec37e54bf6d) Importer(2089858483,b0f066a214c2f5e87bad3c948f4d605d)
Start importing Packages/com.unity.render-pipelines.universal/Tests/Runtime/Unity.RenderPipelines.Universal.Runtime.Tests.asmdef using Guid(bc3b0daec27db604caf7fec37e54bf6d) Importer(2089858483,b0f066a214c2f5e87bad3c948f4d605d) (ScriptedImporter) -> (artifact id: '8af0bb1356b3ccb1c88252e42ea119be') in 0.0051261 seconds
Number of updated asset objects reloaded before import = 0Number of asset objects unloaded after import = 1

========================================================================
Received Import Request.
  Time since last request: 0.000032 seconds.
  path: Packages/com.unity.render-pipelines.universal/Tests/Editor/NativeRenderPassTests.cs
  artifactKey: Guid(1cf07d652e262fc499d69d0633434677) Importer(2089858483,b0f066a214c2f5e87bad3c948f4d605d)
Start importing Packages/com.unity.render-pipelines.universal/Tests/Editor/NativeRenderPassTests.cs using Guid(1cf07d652e262fc499d69d0633434677) Importer(2089858483,b0f066a214c2f5e87bad3c948f4d605d) (ScriptedImporter) -> (artifact id: 'd8b36550e0bd00165adf703ef7df0a56') in 0.0078701 seconds
Number of updated asset objects reloaded before import = 0Number of asset objects unloaded after import = 0

========================================================================
Received Import Request.
  Time since last request: 0.000053 seconds.
  path: Packages/com.unity.render-pipelines.universal/Tests/Runtime/RuntimeTests.cs
  artifactKey: Guid(3846104859549aa4eb627e318722149f) Importer(2089858483,b0f066a214c2f5e87bad3c948f4d605d)
Start importing Packages/com.unity.render-pipelines.universal/Tests/Runtime/RuntimeTests.cs using Guid(3846104859549aa4eb627e318722149f) Importer(2089858483,b0f066a214c2f5e87bad3c948f4d605d) (ScriptedImporter) -> (artifact id: '3a5afef6cdede68261c76701425b342d') in 0.0069448 seconds
Number of updated asset objects reloaded before import = 0Number of asset objects unloaded after import = 0

========================================================================
Received Import Request.
  Time since last request: 0.000027 seconds.
  path: Packages/com.unity.render-pipelines.universal/Editor/Analytics/PostProcessDataAnalytics.cs
  artifactKey: Guid(09cca3e7fbb9d25469cfb2bb082201d4) Importer(2089858483,b0f066a214c2f5e87bad3c948f4d605d)
Start importing Packages/com.unity.render-pipelines.universal/Editor/Analytics/PostProcessDataAnalytics.cs using Guid(09cca3e7fbb9d25469cfb2bb082201d4) Importer(2089858483,b0f066a214c2f5e87bad3c948f4d605d) (ScriptedImporter) -> (artifact id: '0e46bfecae0f73faeb3b76ff6751f74e') in 0.0073368 seconds
Number of updated asset objects reloaded before import = 0Number of asset objects unloaded after import = 0

========================================================================
Received Import Request.
  Time since last request: 0.000029 seconds.
  path: Packages/com.unity.render-pipelines.universal/Editor/Overrides/TonemappingEditor.cs
  artifactKey: Guid(429f93c4cd082064ca7756102c7359ea) Importer(2089858483,b0f066a214c2f5e87bad3c948f4d605d)
Start importing Packages/com.unity.render-pipelines.universal/Editor/Overrides/TonemappingEditor.cs using Guid(429f93c4cd082064ca7756102c7359ea) Importer(2089858483,b0f066a214c2f5e87bad3c948f4d605d) (ScriptedImporter) -> (artifact id: 'c43c8108148a88afcca87a95344126f7') in 0.0068668 seconds
Number of updated asset objects reloaded before import = 0Number of asset objects unloaded after import = 0

========================================================================
Received Import Request.
  Time since last request: 0.000110 seconds.
  path: Packages/com.unity.render-pipelines.universal/Runtime/Materials/TerrainLit.mat
  artifactKey: Guid(594ea882c5a793440b60ff72d896021e) Importer(2089858483,b0f066a214c2f5e87bad3c948f4d605d)
Start importing Packages/com.unity.render-pipelines.universal/Runtime/Materials/TerrainLit.mat using Guid(594ea882c5a793440b60ff72d896021e) Importer(2089858483,b0f066a214c2f5e87bad3c948f4d605d) (ScriptedImporter) -> (artifact id: 'fe109370d12d27898c227070e3901a2b') in 0.0089652 seconds
Number of updated asset objects reloaded before import = 0Number of asset objects unloaded after import = 0

========================================================================
Received Import Request.
  Time since last request: 0.000060 seconds.
  path: Packages/com.unity.render-pipelines.universal/Runtime/Debug/UniversalRenderPipelineDebugDisplaySettings.cs
  artifactKey: Guid(2792d18b8e6d4d141af28c77268cced7) Importer(2089858483,b0f066a214c2f5e87bad3c948f4d605d)
Start importing Packages/com.unity.render-pipelines.universal/Runtime/Debug/UniversalRenderPipelineDebugDisplaySettings.cs using Guid(2792d18b8e6d4d141af28c77268cced7) Importer(2089858483,b0f066a214c2f5e87bad3c948f4d605d) (ScriptedImporter) -> (artifact id: '9e2c1b8163af4ff548ebcae46bb8546c') in 0.0053643 seconds
Number of updated asset objects reloaded before import = 0Number of asset objects unloaded after import = 0

========================================================================
Received Import Request.
  Time since last request: 0.000027 seconds.
  path: Packages/com.unity.render-pipelines.universal/Runtime/RenderPipelineResources/UniversalRenderPipelineEditorAssets.cs
  artifactKey: Guid(dae808f0fde427b45a0db45f2a9e635b) Importer(2089858483,b0f066a214c2f5e87bad3c948f4d605d)
Start importing Packages/com.unity.render-pipelines.universal/Runtime/RenderPipelineResources/UniversalRenderPipelineEditorAssets.cs using Guid(dae808f0fde427b45a0db45f2a9e635b) Importer(2089858483,b0f066a214c2f5e87bad3c948f4d605d) (ScriptedImporter) -> (artifact id: '42b2fea8129afd789f277cdd9356b8a8') in 0.0058898 seconds
Number of updated asset objects reloaded before import = 0Number of asset objects unloaded after import = 0

========================================================================
Received Import Request.
  Time since last request: 0.000037 seconds.
  path: Packages/com.unity.render-pipelines.universal/Editor/2D/Resources/LightCapDown.png
  artifactKey: Guid(02232385c7b444348987d74db8dd7b2e) Importer(2089858483,b0f066a214c2f5e87bad3c948f4d605d)
Start importing Packages/com.unity.render-pipelines.universal/Editor/2D/Resources/LightCapDown.png using Guid(02232385c7b444348987d74db8dd7b2e) Importer(2089858483,b0f066a214c2f5e87bad3c948f4d605d) (ScriptedImporter) -> (artifact id: 'c5d9b9410443ed69fd4166b92396b6b8') in 0.0133045 seconds
Number of updated asset objects reloaded before import = 0Number of asset objects unloaded after import = 1

========================================================================
Received Import Request.
  Time since last request: 0.000207 seconds.
  path: Packages/com.unity.render-pipelines.universal/Editor/2D/Converter/UpgradeURP2DAssetsContainer.cs
  artifactKey: Guid(21a217258058bd347b67dccad871fe1a) Importer(2089858483,b0f066a214c2f5e87bad3c948f4d605d)
Start importing Packages/com.unity.render-pipelines.universal/Editor/2D/Converter/UpgradeURP2DAssetsContainer.cs using Guid(21a217258058bd347b67dccad871fe1a) Importer(2089858483,b0f066a214c2f5e87bad3c948f4d605d) (ScriptedImporter) -> (artifact id: '3815e8013705e1ba77a7326a473c2f35') in 0.0052901 seconds
Number of updated asset objects reloaded before import = 0Number of asset objects unloaded after import = 0

========================================================================
Received Import Request.
  Time since last request: 0.000038 seconds.
  path: Packages/com.unity.render-pipelines.universal/Textures/FilmGrain/Large02.png
  artifactKey: Guid(5cdee82a77d13994f83b8fdabed7c301) Importer(2089858483,b0f066a214c2f5e87bad3c948f4d605d)
Start importing Packages/com.unity.render-pipelines.universal/Textures/FilmGrain/Large02.png using Guid(5cdee82a77d13994f83b8fdabed7c301) Importer(2089858483,b0f066a214c2f5e87bad3c948f4d605d) (ScriptedImporter) -> (artifact id: 'cc6c7936cebf28283d633f0514fd00ae') in 0.0088692 seconds
Number of updated asset objects reloaded before import = 0Number of asset objects unloaded after import = 0

========================================================================
Received Import Request.
  Time since last request: 0.000020 seconds.
  path: Packages/com.unity.render-pipelines.universal/Editor/2D/Resources/Sparkle.png
  artifactKey: Guid(4a0aca3a5f2effb41b43cc0a1661d845) Importer(2089858483,b0f066a214c2f5e87bad3c948f4d605d)
Start importing Packages/com.unity.render-pipelines.universal/Editor/2D/Resources/Sparkle.png using Guid(4a0aca3a5f2effb41b43cc0a1661d845) Importer(2089858483,b0f066a214c2f5e87bad3c948f4d605d) (ScriptedImporter) -> (artifact id: 'c17f28509577965e3328e0170fda90af') in 0.0125179 seconds
Number of updated asset objects reloaded before import = 0Number of asset objects unloaded after import = 3

========================================================================
Received Import Request.
  Time since last request: 0.000029 seconds.
  path: Packages/com.unity.render-pipelines.universal/Textures/FilmGrain/Medium05.png
  artifactKey: Guid(510a2f57334933e4a8dbabe4c30204e4) Importer(2089858483,b0f066a214c2f5e87bad3c948f4d605d)
Start importing Packages/com.unity.render-pipelines.universal/Textures/FilmGrain/Medium05.png using Guid(510a2f57334933e4a8dbabe4c30204e4) Importer(2089858483,b0f066a214c2f5e87bad3c948f4d605d) (ScriptedImporter) -> (artifact id: 'ba3c34a60ab9a9b5dee936dd6dfa7c2f') in 0.0104051 seconds
Number of updated asset objects reloaded before import = 0Number of asset objects unloaded after import = 0

========================================================================
Received Import Request.
  Time since last request: 0.000038 seconds.
  path: Packages/com.unity.render-pipelines.universal/Editor/2D/Overrides/MeshEditor2DURP.cs
  artifactKey: Guid(bce6289b8f1e3bf4a82078371dffaebd) Importer(2089858483,b0f066a214c2f5e87bad3c948f4d605d)
Start importing Packages/com.unity.render-pipelines.universal/Editor/2D/Overrides/MeshEditor2DURP.cs using Guid(bce6289b8f1e3bf4a82078371dffaebd) Importer(2089858483,b0f066a214c2f5e87bad3c948f4d605d) (ScriptedImporter) -> (artifact id: 'e909c81e0dc72fc299464fe442d8b7a3') in 0.0064455 seconds
Number of updated asset objects reloaded before import = 0Number of asset objects unloaded after import = 0

========================================================================
Received Import Request.
  Time since last request: 0.000027 seconds.
  path: Packages/com.unity.render-pipelines.universal/Editor/2D/LightBatchingDebugger/LightBatchingDebugger.cs
  artifactKey: Guid(3f0281a9a104946b4b845f0338560878) Importer(2089858483,b0f066a214c2f5e87bad3c948f4d605d)
Start importing Packages/com.unity.render-pipelines.universal/Editor/2D/LightBatchingDebugger/LightBatchingDebugger.cs using Guid(3f0281a9a104946b4b845f0338560878) Importer(2089858483,b0f066a214c2f5e87bad3c948f4d605d) (ScriptedImporter) -> (artifact id: '42b9855a74fe1e74ed3982239dd2f659') in 0.0053841 seconds
Number of updated asset objects reloaded before import = 0Number of asset objects unloaded after import = 0

========================================================================
Received Import Request.
  Time since last request: 0.000021 seconds.
  path: Packages/com.unity.render-pipelines.universal/Editor/2D/Overrides/SkinnedMeshEditor2DURP.cs
  artifactKey: Guid(d1e4d2637b6c6824e82557977a6727d4) Importer(2089858483,b0f066a214c2f5e87bad3c948f4d605d)
Start importing Packages/com.unity.render-pipelines.universal/Editor/2D/Overrides/SkinnedMeshEditor2DURP.cs using Guid(d1e4d2637b6c6824e82557977a6727d4) Importer(2089858483,b0f066a214c2f5e87bad3c948f4d605d) (ScriptedImporter) -> (artifact id: 'ece8480c2d04526f1fdc7f5e8a005c96') in 0.0066058 seconds
Number of updated asset objects reloaded before import = 0Number of asset objects unloaded after import = 0

========================================================================
Received Import Request.
  Time since last request: 0.000025 seconds.
  path: Packages/com.unity.render-pipelines.universal/Shaders/Particles/ParticlesLitInput.hlsl
  artifactKey: Guid(a3129e299d0744bb7bd42c2cea7cea2b) Importer(2089858483,b0f066a214c2f5e87bad3c948f4d605d)
Start importing Packages/com.unity.render-pipelines.universal/Shaders/Particles/ParticlesLitInput.hlsl using Guid(a3129e299d0744bb7bd42c2cea7cea2b) Importer(2089858483,b0f066a214c2f5e87bad3c948f4d605d) (ScriptedImporter) -> (artifact id: '955960716dc831e3d33a9e42a0ade394') in 0.0051951 seconds
Number of updated asset objects reloaded before import = 0Number of asset objects unloaded after import = 1

========================================================================
Received Import Request.
  Time since last request: 0.000027 seconds.
  path: Packages/com.unity.render-pipelines.universal/Editor/VFXGraph/VFXURPSubOutput.cs
  artifactKey: Guid(388ad3b1dc9c6ae45b630f914fab638f) Importer(2089858483,b0f066a214c2f5e87bad3c948f4d605d)
Start importing Packages/com.unity.render-pipelines.universal/Editor/VFXGraph/VFXURPSubOutput.cs using Guid(388ad3b1dc9c6ae45b630f914fab638f) Importer(2089858483,b0f066a214c2f5e87bad3c948f4d605d) (ScriptedImporter) -> (artifact id: '919d4e99fd7d9e76415d9bada05fbabd') in 0.004915 seconds
Number of updated asset objects reloaded before import = 0Number of asset objects unloaded after import = 0

========================================================================
Received Import Request.
  Time since last request: 0.000056 seconds.
  path: Packages/com.unity.render-pipelines.universal/Shaders/Terrain/TerrainLitBasemapGen.shader
  artifactKey: Guid(8fbe92a9edfe6074e841d6dd1509bc59) Importer(2089858483,b0f066a214c2f5e87bad3c948f4d605d)
Start importing Packages/com.unity.render-pipelines.universal/Shaders/Terrain/TerrainLitBasemapGen.shader using Guid(8fbe92a9edfe6074e841d6dd1509bc59) Importer(2089858483,b0f066a214c2f5e87bad3c948f4d605d) (ScriptedImporter) -> (artifact id: 'e5658f30f7ef4f6156354affdeb3978d') in 0.0083123 seconds
Number of updated asset objects reloaded before import = 0Number of asset objects unloaded after import = 1

========================================================================
Received Import Request.
  Time since last request: 0.000031 seconds.
  path: Packages/com.unity.render-pipelines.universal/Runtime/FrameData/UniversalRenderingData.cs
  artifactKey: Guid(4ae95b242bca4cbc9098ad3ca788d0cc) Importer(2089858483,b0f066a214c2f5e87bad3c948f4d605d)
Start importing Packages/com.unity.render-pipelines.universal/Runtime/FrameData/UniversalRenderingData.cs using Guid(4ae95b242bca4cbc9098ad3ca788d0cc) Importer(2089858483,b0f066a214c2f5e87bad3c948f4d605d) (ScriptedImporter) -> (artifact id: '4a74401fc34c260b30fa9edad833387a') in 0.0063982 seconds
Number of updated asset objects reloaded before import = 0Number of asset objects unloaded after import = 0

========================================================================
Received Import Request.
  Time since last request: 0.000030 seconds.
  path: Packages/com.unity.render-pipelines.universal/Runtime/Passes/StencilCrossFadeRenderPass.cs
  artifactKey: Guid(a246c6096818ee346906368fd723c112) Importer(2089858483,b0f066a214c2f5e87bad3c948f4d605d)
Start importing Packages/com.unity.render-pipelines.universal/Runtime/Passes/StencilCrossFadeRenderPass.cs using Guid(a246c6096818ee346906368fd723c112) Importer(2089858483,b0f066a214c2f5e87bad3c948f4d605d) (ScriptedImporter) -> (artifact id: 'ba5d88171ba227737bf851aa5e88007d') in 0.0064317 seconds
Number of updated asset objects reloaded before import = 0Number of asset objects unloaded after import = 0

========================================================================
Received Import Request.
  Time since last request: 0.000030 seconds.
  path: Packages/com.unity.render-pipelines.universal/Shaders/LitForwardPass.hlsl
  artifactKey: Guid(116bd973269b9f741b7177c8523b9e50) Importer(2089858483,b0f066a214c2f5e87bad3c948f4d605d)
Start importing Packages/com.unity.render-pipelines.universal/Shaders/LitForwardPass.hlsl using Guid(116bd973269b9f741b7177c8523b9e50) Importer(2089858483,b0f066a214c2f5e87bad3c948f4d605d) (ScriptedImporter) -> (artifact id: '251d5a4133a2f07dcc7b0b667aaea2ce') in 0.0059581 seconds
Number of updated asset objects reloaded before import = 0Number of asset objects unloaded after import = 1

========================================================================
Received Import Request.
  Time since last request: 0.000051 seconds.
  path: Packages/com.unity.render-pipelines.universal/Editor/SceneTemplates/Standard.unity
  artifactKey: Guid(5cae0d87369a2405eaa962b8d920b947) Importer(2089858483,b0f066a214c2f5e87bad3c948f4d605d)
Start importing Packages/com.unity.render-pipelines.universal/Editor/SceneTemplates/Standard.unity using Guid(5cae0d87369a2405eaa962b8d920b947) Importer(2089858483,b0f066a214c2f5e87bad3c948f4d605d) (ScriptedImporter) -> (artifact id: '6ac5c40a2ee49f2b34f0a3d42ebf9081') in 0.0118889 seconds
Number of updated asset objects reloaded before import = 0Number of asset objects unloaded after import = 1

========================================================================
Received Import Request.
  Time since last request: 0.000027 seconds.
  path: Packages/com.unity.render-pipelines.universal/Runtime/2D/CinemachineUniversalPixelPerfect.cs
  artifactKey: Guid(9d020dac04a1b2b44a3a36eb8abe528f) Importer(2089858483,b0f066a214c2f5e87bad3c948f4d605d)
Start importing Packages/com.unity.render-pipelines.universal/Runtime/2D/CinemachineUniversalPixelPerfect.cs using Guid(9d020dac04a1b2b44a3a36eb8abe528f) Importer(2089858483,b0f066a214c2f5e87bad3c948f4d605d) (ScriptedImporter) -> (artifact id: 'c8577bf0aca2d91e084fe3bd8b3a4ba1') in 0.0135279 seconds
Number of updated asset objects reloaded before import = 0Number of asset objects unloaded after import = 1

========================================================================
Received Import Request.
  Time since last request: 0.000028 seconds.
  path: Packages/com.unity.render-pipelines.universal/Shaders/Utils/CoreBlitColorAndDepth.shader
  artifactKey: Guid(d104b2fc1ca6445babb8e90b0758136b) Importer(2089858483,b0f066a214c2f5e87bad3c948f4d605d)
Start importing Packages/com.unity.render-pipelines.universal/Shaders/Utils/CoreBlitColorAndDepth.shader using Guid(d104b2fc1ca6445babb8e90b0758136b) Importer(2089858483,b0f066a214c2f5e87bad3c948f4d605d) (ScriptedImporter) -> (artifact id: '327920179de58c17ac070a1f028b10a0') in 0.0131922 seconds
Number of updated asset objects reloaded before import = 0Number of asset objects unloaded after import = 0

========================================================================
Received Import Request.
  Time since last request: 0.000037 seconds.
  path: Packages/com.unity.render-pipelines.universal/Shaders/Particles/ParticlesUnlitInput.hlsl
  artifactKey: Guid(0ddf9719bc9ff43e1a017712e21bb5e6) Importer(2089858483,b0f066a214c2f5e87bad3c948f4d605d)
Start importing Packages/com.unity.render-pipelines.universal/Shaders/Particles/ParticlesUnlitInput.hlsl using Guid(0ddf9719bc9ff43e1a017712e21bb5e6) Importer(2089858483,b0f066a214c2f5e87bad3c948f4d605d) (ScriptedImporter) -> (artifact id: 'b0b4d47f46c283734985eb97ba340711') in 0.0088667 seconds
Number of updated asset objects reloaded before import = 0Number of asset objects unloaded after import = 1

========================================================================
Received Import Request.
  Time since last request: 0.000040 seconds.
  path: Packages/com.unity.render-pipelines.universal/Shaders/Nature/SpeedTree7.shader
  artifactKey: Guid(0f4122b9a743b744abe2fb6a0a88868b) Importer(2089858483,b0f066a214c2f5e87bad3c948f4d605d)
Start importing Packages/com.unity.render-pipelines.universal/Shaders/Nature/SpeedTree7.shader using Guid(0f4122b9a743b744abe2fb6a0a88868b) Importer(2089858483,b0f066a214c2f5e87bad3c948f4d605d) (ScriptedImporter) -> (artifact id: '77aa31f460b01347b3d37c60fd53669a') in 0.0075043 seconds
Number of updated asset objects reloaded before import = 0Number of asset objects unloaded after import = 0

========================================================================
Received Import Request.
  Time since last request: 0.000043 seconds.
  path: Packages/com.unity.render-pipelines.universal/Editor/Converter/converter_widget_main.uxml
  artifactKey: Guid(9b40f22c604c94f438696f75a42873eb) Importer(2089858483,b0f066a214c2f5e87bad3c948f4d605d)
Start importing Packages/com.unity.render-pipelines.universal/Editor/Converter/converter_widget_main.uxml using Guid(9b40f22c604c94f438696f75a42873eb) Importer(2089858483,b0f066a214c2f5e87bad3c948f4d605d) (ScriptedImporter) -> (artifact id: '8f17f286c7ff28be25de06852cfd23c6') in 0.0239863 seconds
Number of updated asset objects reloaded before import = 0Number of asset objects unloaded after import = 3

========================================================================
Received Import Request.
  Time since last request: 0.000173 seconds.
  path: Packages/com.unity.render-pipelines.universal/Runtime/Overrides/ChannelMixer.cs
  artifactKey: Guid(cdfbdbb87d3286943a057f7791b43141) Importer(2089858483,b0f066a214c2f5e87bad3c948f4d605d)
Start importing Packages/com.unity.render-pipelines.universal/Runtime/Overrides/ChannelMixer.cs using Guid(cdfbdbb87d3286943a057f7791b43141) Importer(2089858483,b0f066a214c2f5e87bad3c948f4d605d) (ScriptedImporter) -> (artifact id: '5cb0c86ca2e4851c39f9a3a51bcfd1a3') in 0.0073922 seconds
Number of updated asset objects reloaded before import = 0Number of asset objects unloaded after import = 0

========================================================================
Received Import Request.
  Time since last request: 0.000029 seconds.
  path: Packages/com.unity.render-pipelines.universal/Shaders/Nature/SpeedTree7BillboardInput.hlsl
  artifactKey: Guid(693515911c7346d448c10a3cfc4acf45) Importer(2089858483,b0f066a214c2f5e87bad3c948f4d605d)
Start importing Packages/com.unity.render-pipelines.universal/Shaders/Nature/SpeedTree7BillboardInput.hlsl using Guid(693515911c7346d448c10a3cfc4acf45) Importer(2089858483,b0f066a214c2f5e87bad3c948f4d605d) (ScriptedImporter) -> (artifact id: '13ad5e8bc50f6366f4318803448e2693') in 0.0053969 seconds
Number of updated asset objects reloaded before import = 0Number of asset objects unloaded after import = 1

========================================================================
Received Import Request.
  Time since last request: 0.000042 seconds.
  path: Packages/com.unity.render-pipelines.universal/Shaders/PostProcessing/FXAA3_11.hlsl
  artifactKey: Guid(691e950f7acb24df5be4c31303d0991a) Importer(2089858483,b0f066a214c2f5e87bad3c948f4d605d)
Start importing Packages/com.unity.render-pipelines.universal/Shaders/PostProcessing/FXAA3_11.hlsl using Guid(691e950f7acb24df5be4c31303d0991a) Importer(2089858483,b0f066a214c2f5e87bad3c948f4d605d) (ScriptedImporter) -> (artifact id: '3b50771e334eccc40c4a5468a0ec789e') in 0.0054936 seconds
Number of updated asset objects reloaded before import = 0Number of asset objects unloaded after import = 1

========================================================================
Received Prepare
Begin MonoManager ReloadAssembly
[Licensing::Client] Successfully resolved entitlement details
[Licensing::Module] License group:
  Id: F4-5CWM-YB93-D5G9-UNMG-XXXX
  Product: Unity Personal
  Type: ULF
  Expiration: Unlimited
[Licensing::Module] License group:
  Id: 16768085830141-UnityPersXXXX
  Product: Unity Personal
  Type: Assigned
  Expiration: Unlimited
Symbol file LoadedFromMemory is not a mono symbol file
- Loaded All Assemblies, in  1.370 seconds
Refreshing native plugins compatible for Editor in 5.97 ms, found 5 plugins.
Native extension for UWP target not found
Native extension for WindowsStandalone target not found
[Package Manager] Failed to launch server process. Reason: Unity was launched with the -noUpm command-line argument
[Package Manager] Unable to send message (not connected to server process).
[Package Manager] Cannot connect to Unity Package Manager local server
[Package Manager] Failed to launch server process. Reason: Unity was launched with the -noUpm command-line argument
[Package Manager] Unable to send message (not connected to server process).
[Package Manager] Cannot connect to Unity Package Manager local server
ScheduleIndexationOnStartup MainProcess:False IndexOnStartup:True
Mono: successfully reloaded assembly
- Finished resetting the current domain, in  1.014 seconds
Domain Reload Profiling: 2389ms
	BeginReloadAssembly (398ms)
		ExecutionOrderSort (0ms)
		DisableScriptedObjects (21ms)
		BackupInstance (0ms)
		ReleaseScriptingObjects (1ms)
		CreateAndSetChildDomain (96ms)
	RebuildCommonClasses (55ms)
	RebuildNativeTypeToScriptingClass (25ms)
	initialDomainReloadingComplete (40ms)
	LoadAllAssembliesAndSetupDomain (857ms)
		LoadAssemblies (644ms)
		RebuildTransferFunctionScriptingTraits (0ms)
		AnalyzeDomain (414ms)
			TypeCache.Refresh (198ms)
				TypeCache.ScanAssembly (175ms)
			BuildScriptInfoCaches (198ms)
			ResolveRequiredComponents (10ms)
	FinalizeReload (1014ms)
		ReleaseScriptCaches (0ms)
		RebuildScriptCaches (0ms)
		SetupLoadedEditorAssemblies (761ms)
			LogAssemblyErrors (0ms)
			InitializePlatformSupportModulesInManaged (3ms)
			SetLoadedEditorAssemblies (12ms)
			BeforeProcessingInitializeOnLoad (209ms)
			ProcessInitializeOnLoadAttributes (441ms)
			ProcessInitializeOnLoadMethodAttributes (93ms)
			AfterProcessingInitializeOnLoad (2ms)
			EditorAssembliesLoaded (0ms)
		ExecutionOrderSort2 (0ms)
		AwakeInstancesAfterBackupRestoration (18ms)
Refreshing native plugins compatible for Editor in 5.03 ms, found 5 plugins.
Preloading 0 native plugins for Editor in 0.00 ms.
Unloading 57 Unused Serialized files (Serialized files now loaded: 0)
Unloading 7258 unused Assets / (10.5 MB). Loaded Objects now: 7980.
Memory consumption went from 171.9 MB to 161.4 MB.
Total: 17.025000 ms (FindLiveObjects: 1.025600 ms CreateObjectMapping: 1.288500 ms MarkObjects: 6.146200 ms  DeleteObjects: 8.562300 ms)

Prepare: number of updated asset objects reloaded= 0
========================================================================
Received Prepare
Refreshing native plugins compatible for Editor in 3.46 ms, found 5 plugins.
Preloading 0 native plugins for Editor in 0.00 ms.
Unloading 57 Unused Serialized files (Serialized files now loaded: 0)
Unloading 7230 unused Assets / (10.8 MB). Loaded Objects now: 7984.
Memory consumption went from 172.6 MB to 161.7 MB.
Total: 16.460800 ms (FindLiveObjects: 1.281100 ms CreateObjectMapping: 1.120200 ms MarkObjects: 6.402200 ms  DeleteObjects: 7.655800 ms)

Prepare: number of updated asset objects reloaded= 0
========================================================================
Received Prepare
Begin MonoManager ReloadAssembly
Symbol file LoadedFromMemory is not a mono symbol file
- Loaded All Assemblies, in  1.087 seconds
Refreshing native plugins compatible for Editor in 3.39 ms, found 5 plugins.
Native extension for UWP target not found
Native extension for WindowsStandalone target not found
[Package Manager] Failed to launch server process. Reason: Unity was launched with the -noUpm command-line argument
[Package Manager] Unable to send message (not connected to server process).
[Package Manager] Cannot connect to Unity Package Manager local server
[Package Manager] Failed to launch server process. Reason: Unity was launched with the -noUpm command-line argument
[Package Manager] Unable to send message (not connected to server process).
[Package Manager] Cannot connect to Unity Package Manager local server
ScheduleIndexationOnStartup MainProcess:False IndexOnStartup:True
Mono: successfully reloaded assembly
- Finished resetting the current domain, in  0.904 seconds
Domain Reload Profiling: 1996ms
	BeginReloadAssembly (323ms)
		ExecutionOrderSort (0ms)
		DisableScriptedObjects (20ms)
		BackupInstance (0ms)
		ReleaseScriptingObjects (0ms)
		CreateAndSetChildDomain (64ms)
	RebuildCommonClasses (45ms)
	RebuildNativeTypeToScriptingClass (17ms)
	initialDomainReloadingComplete (36ms)
	LoadAllAssembliesAndSetupDomain (672ms)
		LoadAssemblies (545ms)
		RebuildTransferFunctionScriptingTraits (0ms)
		AnalyzeDomain (301ms)
			TypeCache.Refresh (14ms)
				TypeCache.ScanAssembly (1ms)
			BuildScriptInfoCaches (271ms)
			ResolveRequiredComponents (8ms)
	FinalizeReload (905ms)
		ReleaseScriptCaches (0ms)
		RebuildScriptCaches (0ms)
		SetupLoadedEditorAssemblies (696ms)
			LogAssemblyErrors (0ms)
			InitializePlatformSupportModulesInManaged (2ms)
			SetLoadedEditorAssemblies (6ms)
			BeforeProcessingInitializeOnLoad (175ms)
			ProcessInitializeOnLoadAttributes (418ms)
			ProcessInitializeOnLoadMethodAttributes (92ms)
			AfterProcessingInitializeOnLoad (2ms)
			EditorAssembliesLoaded (1ms)
		ExecutionOrderSort2 (0ms)
		AwakeInstancesAfterBackupRestoration (17ms)
Refreshing native plugins compatible for Editor in 3.14 ms, found 5 plugins.
Preloading 0 native plugins for Editor in 0.00 ms.
Unloading 57 Unused Serialized files (Serialized files now loaded: 0)
Unloading 7245 unused Assets / (11.0 MB). Loaded Objects now: 7987.
Memory consumption went from 172.6 MB to 161.6 MB.
Total: 15.346900 ms (FindLiveObjects: 0.919200 ms CreateObjectMapping: 1.256000 ms MarkObjects: 6.089300 ms  DeleteObjects: 7.080400 ms)

Prepare: number of updated asset objects reloaded= 0
========================================================================
Received Prepare
Refreshing native plugins compatible for Editor in 3.82 ms, found 5 plugins.
Preloading 0 native plugins for Editor in 0.00 ms.
Unloading 57 Unused Serialized files (Serialized files now loaded: 0)
Unloading 7230 unused Assets / (11.0 MB). Loaded Objects now: 7987.
Memory consumption went from 172.9 MB to 161.9 MB.
Total: 17.114400 ms (FindLiveObjects: 0.968800 ms CreateObjectMapping: 1.212900 ms MarkObjects: 6.448000 ms  DeleteObjects: 8.483200 ms)

Prepare: number of updated asset objects reloaded= 0
========================================================================
Received Prepare
Begin MonoManager ReloadAssembly
[Licensing::Client] Successfully resolved entitlement details
[Licensing::Module] License group:
  Id: F4-5CWM-YB93-D5G9-UNMG-XXXX
  Product: Unity Personal
  Type: ULF
  Expiration: Unlimited
[Licensing::Module] License group:
  Id: 16768085830141-UnityPersXXXX
  Product: Unity Personal
  Type: Assigned
  Expiration: Unlimited
Symbol file LoadedFromMemory is not a mono symbol file
- Loaded All Assemblies, in  1.123 seconds
Refreshing native plugins compatible for Editor in 3.97 ms, found 5 plugins.
Assertion failed on expression: 'pred(*previous, *i)'
Native extension for UWP target not found
Native extension for WindowsStandalone target not found
[Package Manager] Failed to launch server process. Reason: Unity was launched with the -noUpm command-line argument
[Package Manager] Unable to send message (not connected to server process).
[Package Manager] Cannot connect to Unity Package Manager local server
[Package Manager] Failed to launch server process. Reason: Unity was launched with the -noUpm command-line argument
[Package Manager] Unable to send message (not connected to server process).
[Package Manager] Cannot connect to Unity Package Manager local server
ScheduleIndexationOnStartup MainProcess:False IndexOnStartup:True
Mono: successfully reloaded assembly
- Finished resetting the current domain, in  0.892 seconds
Domain Reload Profiling: 2019ms
	BeginReloadAssembly (340ms)
		ExecutionOrderSort (0ms)
		DisableScriptedObjects (19ms)
		BackupInstance (0ms)
		ReleaseScriptingObjects (0ms)
		CreateAndSetChildDomain (66ms)
	RebuildCommonClasses (48ms)
	RebuildNativeTypeToScriptingClass (16ms)
	initialDomainReloadingComplete (36ms)
	LoadAllAssembliesAndSetupDomain (686ms)
		LoadAssemblies (576ms)
		RebuildTransferFunctionScriptingTraits (0ms)
		AnalyzeDomain (297ms)
			TypeCache.Refresh (12ms)
				TypeCache.ScanAssembly (1ms)
			BuildScriptInfoCaches (265ms)
			ResolveRequiredComponents (9ms)
	FinalizeReload (892ms)
		ReleaseScriptCaches (0ms)
		RebuildScriptCaches (0ms)
		SetupLoadedEditorAssemblies (689ms)
			LogAssemblyErrors (0ms)
			InitializePlatformSupportModulesInManaged (2ms)
			SetLoadedEditorAssemblies (7ms)
			BeforeProcessingInitializeOnLoad (183ms)
			ProcessInitializeOnLoadAttributes (407ms)
			ProcessInitializeOnLoadMethodAttributes (87ms)
			AfterProcessingInitializeOnLoad (2ms)
			EditorAssembliesLoaded (1ms)
		ExecutionOrderSort2 (0ms)
		AwakeInstancesAfterBackupRestoration (18ms)
Refreshing native plugins compatible for Editor in 3.34 ms, found 5 plugins.
Preloading 0 native plugins for Editor in 0.00 ms.
Unloading 57 Unused Serialized files (Serialized files now loaded: 0)
Unloading 7245 unused Assets / (10.8 MB). Loaded Objects now: 7990.
Memory consumption went from 174.8 MB to 164.0 MB.
Total: 14.979500 ms (FindLiveObjects: 1.089500 ms CreateObjectMapping: 1.193700 ms MarkObjects: 5.853000 ms  DeleteObjects: 6.841900 ms)

Prepare: number of updated asset objects reloaded= 0
========================================================================
Received Prepare
Begin MonoManager ReloadAssembly
Symbol file LoadedFromMemory is not a mono symbol file
- Loaded All Assemblies, in  1.069 seconds
Refreshing native plugins compatible for Editor in 2.92 ms, found 5 plugins.
Assertion failed on expression: 'pred(*previous, *i)'
Native extension for UWP target not found
Native extension for WindowsStandalone target not found
[Package Manager] Failed to launch server process. Reason: Unity was launched with the -noUpm command-line argument
[Package Manager] Unable to send message (not connected to server process).
[Package Manager] Cannot connect to Unity Package Manager local server
[Package Manager] Failed to launch server process. Reason: Unity was launched with the -noUpm command-line argument
[Package Manager] Unable to send message (not connected to server process).
[Package Manager] Cannot connect to Unity Package Manager local server
ScheduleIndexationOnStartup MainProcess:False IndexOnStartup:True
Mono: successfully reloaded assembly
- Finished resetting the current domain, in  0.867 seconds
Domain Reload Profiling: 1940ms
	BeginReloadAssembly (318ms)
		ExecutionOrderSort (0ms)
		DisableScriptedObjects (16ms)
		BackupInstance (0ms)
		ReleaseScriptingObjects (0ms)
		CreateAndSetChildDomain (60ms)
	RebuildCommonClasses (50ms)
	RebuildNativeTypeToScriptingClass (20ms)
	initialDomainReloadingComplete (32ms)
	LoadAllAssembliesAndSetupDomain (654ms)
		LoadAssemblies (544ms)
		RebuildTransferFunctionScriptingTraits (0ms)
		AnalyzeDomain (289ms)
			TypeCache.Refresh (13ms)
				TypeCache.ScanAssembly (1ms)
			BuildScriptInfoCaches (260ms)
			ResolveRequiredComponents (9ms)
	FinalizeReload (867ms)
		ReleaseScriptCaches (0ms)
		RebuildScriptCaches (0ms)
		SetupLoadedEditorAssemblies (674ms)
			LogAssemblyErrors (0ms)
			InitializePlatformSupportModulesInManaged (2ms)
			SetLoadedEditorAssemblies (8ms)
			BeforeProcessingInitializeOnLoad (173ms)
			ProcessInitializeOnLoadAttributes (399ms)
			ProcessInitializeOnLoadMethodAttributes (90ms)
			AfterProcessingInitializeOnLoad (2ms)
			EditorAssembliesLoaded (1ms)
		ExecutionOrderSort2 (0ms)
		AwakeInstancesAfterBackupRestoration (18ms)
Refreshing native plugins compatible for Editor in 5.98 ms, found 5 plugins.
Preloading 0 native plugins for Editor in 0.00 ms.
Unloading 57 Unused Serialized files (Serialized files now loaded: 0)
Unloading 7245 unused Assets / (10.8 MB). Loaded Objects now: 7993.
Memory consumption went from 175.0 MB to 164.2 MB.
Total: 16.995400 ms (FindLiveObjects: 1.108000 ms CreateObjectMapping: 1.066700 ms MarkObjects: 7.103100 ms  DeleteObjects: 7.715600 ms)

Prepare: number of updated asset objects reloaded= 0
